test (windows-latest)	Set up job	﻿2026-09-12T15:14:46.7969763Z Current runner version: '2.337.0'
test (windows-latest)	Set up job	2026-09-12T15:14:46.8022446Z ##[group]Runner Image Provisioner
test (windows-latest)	Set up job	2026-09-12T15:14:46.8023131Z Hosted Compute Agent
test (windows-latest)	Set up job	2026-09-12T15:14:46.8023567Z Version: 20260828.587
test (windows-latest)	Set up job	2026-09-12T15:14:46.8024025Z Commit: abac92662cab4cc7352de4f9f9d2e2419aad9c29
test (windows-latest)	Set up job	2026-09-12T15:14:46.8024602Z Build Date: 2026-08-28T16:44:25Z
test (windows-latest)	Set up job	2026-09-12T15:14:46.8025109Z Worker ID: {d2d7e092-bf8d-4ea2-92d7-0d936490af00}
test (windows-latest)	Set up job	2026-09-12T15:14:46.8025890Z Azure Region: northcentralus
test (windows-latest)	Set up job	2026-09-12T15:14:46.8026368Z ##[endgroup]
test (windows-latest)	Set up job	2026-09-12T15:14:46.8027372Z ##[group]Operating System
test (windows-latest)	Set up job	2026-09-12T15:14:46.8027857Z Microsoft Windows Server 2025
test (windows-latest)	Set up job	2026-09-12T15:14:46.8028340Z 10.0.26100
test (windows-latest)	Set up job	2026-09-12T15:14:46.8028710Z Datacenter
test (windows-latest)	Set up job	2026-09-12T15:14:46.8029102Z ##[endgroup]
test (windows-latest)	Set up job	2026-09-12T15:14:46.8029495Z ##[group]Runner Image
test (windows-latest)	Set up job	2026-09-12T15:14:46.8029928Z Image: windows-2025-vs2026
test (windows-latest)	Set up job	2026-09-12T15:14:46.8030374Z Version: 20260907.229.1
test (windows-latest)	Set up job	2026-09-12T15:14:46.8031238Z Included Software: https://github.com/actions/runner-images/blob/win25-vs2026/20260907.229/images/windows/Windows2025-VS2026-Readme.md
test (windows-latest)	Set up job	2026-09-12T15:14:46.8032901Z Image Release: https://github.com/actions/runner-images/releases/tag/win25-vs2026%2F20260907.229
test (windows-latest)	Set up job	2026-09-12T15:14:46.8033650Z ##[endgroup]
test (windows-latest)	Set up job	2026-09-12T15:14:46.8034711Z ##[group]GITHUB_TOKEN Permissions
test (windows-latest)	Set up job	2026-09-12T15:14:46.8036337Z Contents: read
test (windows-latest)	Set up job	2026-09-12T15:14:46.8036806Z Metadata: read
test (windows-latest)	Set up job	2026-09-12T15:14:46.8037225Z ##[endgroup]
test (windows-latest)	Set up job	2026-09-12T15:14:46.8038933Z Secret source: Actions
test (windows-latest)	Set up job	2026-09-12T15:14:46.8039632Z Cache mode: write
test (windows-latest)	Set up job	2026-09-12T15:14:46.8040178Z Prepare workflow directory
test (windows-latest)	Set up job	2026-09-12T15:14:46.8343555Z Prepare all required actions
test (windows-latest)	Set up job	2026-09-12T15:14:46.8389115Z Getting action download info
test (windows-latest)	Set up job	2026-09-12T15:14:47.0095750Z Download action repository 'actions/checkout@v5' (SHA:fbc6f3992d24b796d5a048ff273f7fcc4a7b6c09)
test (windows-latest)	Set up job	2026-09-12T15:14:47.1079499Z Download action repository 'dtolnay/rust-toolchain@stable' (SHA:6bed0761d98439e5a578e2877258200ad565ba87)
test (windows-latest)	Set up job	2026-09-12T15:14:47.3484687Z Complete job name: test (windows-latest)
test (windows-latest)	Run actions/checkout@v5	﻿2026-09-12T15:14:47.4593548Z ##[group]Run actions/checkout@v5
test (windows-latest)	Run actions/checkout@v5	2026-09-12T15:14:47.4594459Z with:
test (windows-latest)	Run actions/checkout@v5	2026-09-12T15:14:47.4594784Z   repository: pyboosted/stillyard
test (windows-latest)	Run actions/checkout@v5	2026-09-12T15:14:47.4597734Z   token: ***
test (windows-latest)	Run actions/checkout@v5	2026-09-12T15:14:47.4598049Z   ssh-strict: true
test (windows-latest)	Run actions/checkout@v5	2026-09-12T15:14:47.4598367Z   ssh-user: git
test (windows-latest)	Run actions/checkout@v5	2026-09-12T15:14:47.4598684Z   persist-credentials: true
test (windows-latest)	Run actions/checkout@v5	2026-09-12T15:14:47.4599033Z   clean: true
test (windows-latest)	Run actions/checkout@v5	2026-09-12T15:14:47.4599350Z   sparse-checkout-cone-mode: true
test (windows-latest)	Run actions/checkout@v5	2026-09-12T15:14:47.4599729Z   fetch-depth: 1
test (windows-latest)	Run actions/checkout@v5	2026-09-12T15:14:47.4600038Z   fetch-tags: false
test (windows-latest)	Run actions/checkout@v5	2026-09-12T15:14:47.4600355Z   show-progress: true
test (windows-latest)	Run actions/checkout@v5	2026-09-12T15:14:47.4600691Z   lfs: false
test (windows-latest)	Run actions/checkout@v5	2026-09-12T15:14:47.4600994Z   submodules: false
test (windows-latest)	Run actions/checkout@v5	2026-09-12T15:14:47.4601305Z   set-safe-directory: true
test (windows-latest)	Run actions/checkout@v5	2026-09-12T15:14:47.4601668Z   allow-unsafe-pr-checkout: false
test (windows-latest)	Run actions/checkout@v5	2026-09-12T15:14:47.4602205Z ##[endgroup]
test (windows-latest)	Run actions/checkout@v5	2026-09-12T15:14:47.5772135Z Syncing repository: pyboosted/stillyard
test (windows-latest)	Run actions/checkout@v5	2026-09-12T15:14:47.5773511Z ##[group]Getting Git version info
test (windows-latest)	Run actions/checkout@v5	2026-09-12T15:14:47.5774029Z Working directory is 'D:\a\stillyard\stillyard'
test (windows-latest)	Run actions/checkout@v5	2026-09-12T15:14:47.6456667Z [command]"C:\Program Files\Git\bin\git.exe" version
test (windows-latest)	Run actions/checkout@v5	2026-09-12T15:14:47.9656337Z git version 2.55.0.windows.5
test (windows-latest)	Run actions/checkout@v5	2026-09-12T15:14:47.9695249Z ##[endgroup]
test (windows-latest)	Run actions/checkout@v5	2026-09-12T15:14:47.9710253Z Temporarily overriding HOME='D:\a\_temp\5efeb058-300f-436e-a375-697647f53ae1' before making global git config changes
test (windows-latest)	Run actions/checkout@v5	2026-09-12T15:14:47.9711252Z Adding repository directory to the temporary git global config as a safe directory
test (windows-latest)	Run actions/checkout@v5	2026-09-12T15:14:47.9718459Z [command]"C:\Program Files\Git\bin\git.exe" config --global --add safe.directory D:\a\stillyard\stillyard
test (windows-latest)	Run actions/checkout@v5	2026-09-12T15:14:48.0279678Z Deleting the contents of 'D:\a\stillyard\stillyard'
test (windows-latest)	Run actions/checkout@v5	2026-09-12T15:14:48.0284391Z ##[group]Initializing the repository
test (windows-latest)	Run actions/checkout@v5	2026-09-12T15:14:48.0291090Z [command]"C:\Program Files\Git\bin\git.exe" init D:\a\stillyard\stillyard
test (windows-latest)	Run actions/checkout@v5	2026-09-12T15:14:48.1088940Z Initialized empty Git repository in D:/a/stillyard/stillyard/.git/
test (windows-latest)	Run actions/checkout@v5	2026-09-12T15:14:48.1126544Z [command]"C:\Program Files\Git\bin\git.exe" remote add origin https://github.com/pyboosted/stillyard
test (windows-latest)	Run actions/checkout@v5	2026-09-12T15:14:48.1723949Z ##[endgroup]
test (windows-latest)	Run actions/checkout@v5	2026-09-12T15:14:48.1724586Z ##[group]Disabling automatic garbage collection
test (windows-latest)	Run actions/checkout@v5	2026-09-12T15:14:48.1731097Z [command]"C:\Program Files\Git\bin\git.exe" config --local gc.auto 0
test (windows-latest)	Run actions/checkout@v5	2026-09-12T15:14:48.1952264Z ##[endgroup]
test (windows-latest)	Run actions/checkout@v5	2026-09-12T15:14:48.1952801Z ##[group]Setting up auth
test (windows-latest)	Run actions/checkout@v5	2026-09-12T15:14:48.2015046Z [command]"C:\Program Files\Git\bin\git.exe" config --local --name-only --get-regexp core\.sshCommand
test (windows-latest)	Run actions/checkout@v5	2026-09-12T15:14:48.2200733Z [command]"C:\Program Files\Git\bin\git.exe" submodule foreach --recursive "sh -c \"git config --local --name-only --get-regexp 'core\.sshCommand' && git config --local --unset-all 'core.sshCommand' || :\""
test (windows-latest)	Run actions/checkout@v5	2026-09-12T15:14:49.5224580Z [command]"C:\Program Files\Git\bin\git.exe" config --local --name-only --get-regexp http\.https\:\/\/github\.com\/\.extraheader
test (windows-latest)	Run actions/checkout@v5	2026-09-12T15:14:49.5453206Z [command]"C:\Program Files\Git\bin\git.exe" submodule foreach --recursive "sh -c \"git config --local --name-only --get-regexp 'http\.https\:\/\/github\.com\/\.extraheader' && git config --local --unset-all 'http.https://github.com/.extraheader' || :\""
test (windows-latest)	Run actions/checkout@v5	2026-09-12T15:14:49.9523801Z [command]"C:\Program Files\Git\bin\git.exe" config --local --name-only --get-regexp ^includeIf\.gitdir:
test (windows-latest)	Run actions/checkout@v5	2026-09-12T15:14:49.9765108Z [command]"C:\Program Files\Git\bin\git.exe" submodule foreach --recursive "git config --local --show-origin --name-only --get-regexp remote.origin.url"
test (windows-latest)	Run actions/checkout@v5	2026-09-12T15:14:50.3904364Z [command]"C:\Program Files\Git\bin\git.exe" config --local http.https://github.com/.extraheader "AUTHORIZATION: basic ***"
test (windows-latest)	Run actions/checkout@v5	2026-09-12T15:14:50.4140355Z ##[endgroup]
test (windows-latest)	Run actions/checkout@v5	2026-09-12T15:14:50.4141073Z ##[group]Fetching the repository
test (windows-latest)	Run actions/checkout@v5	2026-09-12T15:14:50.4151552Z [command]"C:\Program Files\Git\bin\git.exe" -c protocol.version=2 fetch --no-tags --prune --no-recurse-submodules --depth=1 origin +e27bf173b84b757d6a9ad82582285d3b80554299:refs/remotes/origin/fix/attached-fixture-owner
test (windows-latest)	Run actions/checkout@v5	2026-09-12T15:14:51.9739216Z From https://github.com/pyboosted/stillyard
test (windows-latest)	Run actions/checkout@v5	2026-09-12T15:14:51.9740636Z  * [new ref]         e27bf173b84b757d6a9ad82582285d3b80554299 -> origin/fix/attached-fixture-owner
test (windows-latest)	Run actions/checkout@v5	2026-09-12T15:14:51.9772804Z ##[endgroup]
test (windows-latest)	Run actions/checkout@v5	2026-09-12T15:14:51.9773289Z ##[group]Determining the checkout info
test (windows-latest)	Run actions/checkout@v5	2026-09-12T15:14:51.9775348Z ##[endgroup]
test (windows-latest)	Run actions/checkout@v5	2026-09-12T15:14:51.9782554Z [command]"C:\Program Files\Git\bin\git.exe" sparse-checkout disable
test (windows-latest)	Run actions/checkout@v5	2026-09-12T15:14:52.0172521Z [command]"C:\Program Files\Git\bin\git.exe" config --local --unset-all extensions.worktreeConfig
test (windows-latest)	Run actions/checkout@v5	2026-09-12T15:14:52.0398271Z ##[group]Checking out the ref
test (windows-latest)	Run actions/checkout@v5	2026-09-12T15:14:52.0405427Z [command]"C:\Program Files\Git\bin\git.exe" checkout --progress --force -B fix/attached-fixture-owner refs/remotes/origin/fix/attached-fixture-owner
test (windows-latest)	Run actions/checkout@v5	2026-09-12T15:14:53.0813258Z Updating files:  53% (3157/5867)
test (windows-latest)	Run actions/checkout@v5	2026-09-12T15:14:53.0953249Z Updating files:  54% (3169/5867)
test (windows-latest)	Run actions/checkout@v5	2026-09-12T15:14:53.1105615Z Updating files:  55% (3227/5867)
test (windows-latest)	Run actions/checkout@v5	2026-09-12T15:14:53.1219474Z Updating files:  56% (3286/5867)
test (windows-latest)	Run actions/checkout@v5	2026-09-12T15:14:53.1340470Z Updating files:  57% (3345/5867)
test (windows-latest)	Run actions/checkout@v5	2026-09-12T15:14:53.1448466Z Updating files:  58% (3403/5867)
test (windows-latest)	Run actions/checkout@v5	2026-09-12T15:14:53.1566450Z Updating files:  59% (3462/5867)
test (windows-latest)	Run actions/checkout@v5	2026-09-12T15:14:53.1671197Z Updating files:  60% (3521/5867)
test (windows-latest)	Run actions/checkout@v5	2026-09-12T15:14:53.1782473Z Updating files:  61% (3579/5867)
test (windows-latest)	Run actions/checkout@v5	2026-09-12T15:14:53.1908525Z Updating files:  62% (3638/5867)
test (windows-latest)	Run actions/checkout@v5	2026-09-12T15:14:53.2023837Z Updating files:  63% (3697/5867)
test (windows-latest)	Run actions/checkout@v5	2026-09-12T15:14:53.2125933Z Updating files:  64% (3755/5867)
test (windows-latest)	Run actions/checkout@v5	2026-09-12T15:14:53.2228268Z Updating files:  65% (3814/5867)
test (windows-latest)	Run actions/checkout@v5	2026-09-12T15:14:53.2375938Z Updating files:  66% (3873/5867)
test (windows-latest)	Run actions/checkout@v5	2026-09-12T15:14:53.2515836Z Updating files:  67% (3931/5867)
test (windows-latest)	Run actions/checkout@v5	2026-09-12T15:14:53.2643489Z Updating files:  68% (3990/5867)
test (windows-latest)	Run actions/checkout@v5	2026-09-12T15:14:53.2771727Z Updating files:  69% (4049/5867)
test (windows-latest)	Run actions/checkout@v5	2026-09-12T15:14:53.2884129Z Updating files:  70% (4107/5867)
test (windows-latest)	Run actions/checkout@v5	2026-09-12T15:14:53.3003332Z Updating files:  71% (4166/5867)
test (windows-latest)	Run actions/checkout@v5	2026-09-12T15:14:53.3127713Z Updating files:  72% (4225/5867)
test (windows-latest)	Run actions/checkout@v5	2026-09-12T15:14:53.3293802Z Updating files:  73% (4283/5867)
test (windows-latest)	Run actions/checkout@v5	2026-09-12T15:14:53.3437681Z Updating files:  74% (4342/5867)
test (windows-latest)	Run actions/checkout@v5	2026-09-12T15:14:53.3593016Z Updating files:  75% (4401/5867)
test (windows-latest)	Run actions/checkout@v5	2026-09-12T15:14:53.3738034Z Updating files:  76% (4459/5867)
test (windows-latest)	Run actions/checkout@v5	2026-09-12T15:14:53.3903082Z Updating files:  77% (4518/5867)
test (windows-latest)	Run actions/checkout@v5	2026-09-12T15:14:53.4067103Z Updating files:  78% (4577/5867)
test (windows-latest)	Run actions/checkout@v5	2026-09-12T15:14:53.4223054Z Updating files:  79% (4635/5867)
test (windows-latest)	Run actions/checkout@v5	2026-09-12T15:14:53.4396146Z Updating files:  80% (4694/5867)
test (windows-latest)	Run actions/checkout@v5	2026-09-12T15:14:53.4539149Z Updating files:  81% (4753/5867)
test (windows-latest)	Run actions/checkout@v5	2026-09-12T15:14:53.4725721Z Updating files:  82% (4811/5867)
test (windows-latest)	Run actions/checkout@v5	2026-09-12T15:14:53.4886037Z Updating files:  83% (4870/5867)
test (windows-latest)	Run actions/checkout@v5	2026-09-12T15:14:53.5030741Z Updating files:  84% (4929/5867)
test (windows-latest)	Run actions/checkout@v5	2026-09-12T15:14:53.5168975Z Updating files:  85% (4987/5867)
test (windows-latest)	Run actions/checkout@v5	2026-09-12T15:14:53.5337623Z Updating files:  86% (5046/5867)
test (windows-latest)	Run actions/checkout@v5	2026-09-12T15:14:53.5440349Z Updating files:  87% (5105/5867)
test (windows-latest)	Run actions/checkout@v5	2026-09-12T15:14:53.5610826Z Updating files:  88% (5163/5867)
test (windows-latest)	Run actions/checkout@v5	2026-09-12T15:14:53.5770084Z Updating files:  89% (5222/5867)
test (windows-latest)	Run actions/checkout@v5	2026-09-12T15:14:53.5952291Z Updating files:  90% (5281/5867)
test (windows-latest)	Run actions/checkout@v5	2026-09-12T15:14:53.6093250Z Updating files:  91% (5339/5867)
test (windows-latest)	Run actions/checkout@v5	2026-09-12T15:14:53.6239290Z Updating files:  92% (5398/5867)
test (windows-latest)	Run actions/checkout@v5	2026-09-12T15:14:53.6408295Z Updating files:  93% (5457/5867)
test (windows-latest)	Run actions/checkout@v5	2026-09-12T15:14:53.6504180Z Updating files:  94% (5515/5867)
test (windows-latest)	Run actions/checkout@v5	2026-09-12T15:14:53.6679672Z Updating files:  95% (5574/5867)
test (windows-latest)	Run actions/checkout@v5	2026-09-12T15:14:53.6828640Z Updating files:  96% (5633/5867)
test (windows-latest)	Run actions/checkout@v5	2026-09-12T15:14:53.6951357Z Updating files:  97% (5691/5867)
test (windows-latest)	Run actions/checkout@v5	2026-09-12T15:14:53.7093674Z Updating files:  98% (5750/5867)
test (windows-latest)	Run actions/checkout@v5	2026-09-12T15:14:53.7263381Z Updating files:  99% (5809/5867)
test (windows-latest)	Run actions/checkout@v5	2026-09-12T15:14:53.7263898Z Updating files: 100% (5867/5867)
test (windows-latest)	Run actions/checkout@v5	2026-09-12T15:14:53.7264252Z Updating files: 100% (5867/5867), done.
test (windows-latest)	Run actions/checkout@v5	2026-09-12T15:14:53.7438998Z Switched to a new branch 'fix/attached-fixture-owner'
test (windows-latest)	Run actions/checkout@v5	2026-09-12T15:14:53.7502454Z branch 'fix/attached-fixture-owner' set up to track 'origin/fix/attached-fixture-owner'.
test (windows-latest)	Run actions/checkout@v5	2026-09-12T15:14:53.7565768Z ##[endgroup]
test (windows-latest)	Run actions/checkout@v5	2026-09-12T15:14:53.7874742Z [command]"C:\Program Files\Git\bin\git.exe" log -1 --format=%H
test (windows-latest)	Run actions/checkout@v5	2026-09-12T15:14:53.8102716Z e27bf173b84b757d6a9ad82582285d3b80554299
test (windows-latest)	Run dtolnay/rust-toolchain@stable	﻿2026-09-12T15:14:53.8547763Z ##[group]Run dtolnay/rust-toolchain@stable
test (windows-latest)	Run dtolnay/rust-toolchain@stable	2026-09-12T15:14:53.8548332Z with:
test (windows-latest)	Run dtolnay/rust-toolchain@stable	2026-09-12T15:14:53.8548520Z   components: rustfmt, clippy
test (windows-latest)	Run dtolnay/rust-toolchain@stable	2026-09-12T15:14:53.8548705Z   toolchain: stable
test (windows-latest)	Run dtolnay/rust-toolchain@stable	2026-09-12T15:14:53.8548859Z ##[endgroup]
test (windows-latest)	Run dtolnay/rust-toolchain@stable	2026-09-12T15:14:53.8601559Z ##[start-action display=Parse toolchain version;id=__dtolnay_rust-toolchain.parse]
test (windows-latest)	Run dtolnay/rust-toolchain@stable	2026-09-12T15:14:53.8793431Z ##[group]Run if [[ -z $toolchain ]]; then
test (windows-latest)	Run dtolnay/rust-toolchain@stable	2026-09-12T15:14:53.8793776Z ^[[36;1mif [[ -z $toolchain ]]; then^[[0m
test (windows-latest)	Run dtolnay/rust-toolchain@stable	2026-09-12T15:14:53.8794192Z ^[[36;1m  # GitHub does not enforce `required: true` inputs itself. https://github.com/actions/runner/issues/1070^[[0m
test (windows-latest)	Run dtolnay/rust-toolchain@stable	2026-09-12T15:14:53.8794612Z ^[[36;1m  echo "'toolchain' is a required input" >&2^[[0m
test (windows-latest)	Run dtolnay/rust-toolchain@stable	2026-09-12T15:14:53.8794858Z ^[[36;1m  exit 1^[[0m
test (windows-latest)	Run dtolnay/rust-toolchain@stable	2026-09-12T15:14:53.8795107Z ^[[36;1melif [[ $toolchain =~ ^stable' '[0-9]+' '(year|month|week|day)s?' 'ago$ ]]; then^[[0m
test (windows-latest)	Run dtolnay/rust-toolchain@stable	2026-09-12T15:14:53.8795407Z ^[[36;1m  if [[ Windows == macOS ]]; then^[[0m
test (windows-latest)	Run dtolnay/rust-toolchain@stable	2026-09-12T15:14:53.8795807Z ^[[36;1m    echo "toolchain=1.$((($(date -v-$(sed 's/stable \([0-9]*\) \(.\).*/\1\2/' <<< $toolchain) +%s)/60/60/24-16569)/7/6))" >> $GITHUB_OUTPUT^[[0m
test (windows-latest)	Run dtolnay/rust-toolchain@stable	2026-09-12T15:14:53.8796225Z ^[[36;1m  else^[[0m
test (windows-latest)	Run dtolnay/rust-toolchain@stable	2026-09-12T15:14:53.8796526Z ^[[36;1m    echo "toolchain=1.$((($(date --date "${toolchain#stable }" +%s)/60/60/24-16569)/7/6))" >> $GITHUB_OUTPUT^[[0m
test (windows-latest)	Run dtolnay/rust-toolchain@stable	2026-09-12T15:14:53.8796857Z ^[[36;1m  fi^[[0m
test (windows-latest)	Run dtolnay/rust-toolchain@stable	2026-09-12T15:14:53.8797075Z ^[[36;1melif [[ $toolchain =~ ^stable' 'minus' '[0-9]+' 'releases?$ ]]; then^[[0m
test (windows-latest)	Run dtolnay/rust-toolchain@stable	2026-09-12T15:14:53.8797487Z ^[[36;1m  echo "toolchain=1.$((($(date +%s)/60/60/24-16569)/7/6-${toolchain//[^0-9]/}))" >> $GITHUB_OUTPUT^[[0m
test (windows-latest)	Run dtolnay/rust-toolchain@stable	2026-09-12T15:14:53.8797830Z ^[[36;1melif [[ $toolchain =~ ^1\.[0-9]+$ ]]; then^[[0m
test (windows-latest)	Run dtolnay/rust-toolchain@stable	2026-09-12T15:14:53.8798217Z ^[[36;1m  echo "toolchain=1.$((i=${toolchain#1.}, c=($(date +%s)/60/60/24-16569)/7/6, i+9*i*(10*i<=c)+90*i*(100*i<=c)))" >> $GITHUB_OUTPUT^[[0m
test (windows-latest)	Run dtolnay/rust-toolchain@stable	2026-09-12T15:14:53.8798793Z ^[[36;1melse^[[0m
test (windows-latest)	Run dtolnay/rust-toolchain@stable	2026-09-12T15:14:53.8798975Z ^[[36;1m  echo "toolchain=$toolchain" >> $GITHUB_OUTPUT^[[0m
test (windows-latest)	Run dtolnay/rust-toolchain@stable	2026-09-12T15:14:53.8799200Z ^[[36;1mfi^[[0m
test (windows-latest)	Run dtolnay/rust-toolchain@stable	2026-09-12T15:14:53.8813260Z shell: C:\Program Files\Git\bin\bash.EXE --noprofile --norc -e -o pipefail {0}
test (windows-latest)	Run dtolnay/rust-toolchain@stable	2026-09-12T15:14:53.8813582Z env:
test (windows-latest)	Run dtolnay/rust-toolchain@stable	2026-09-12T15:14:53.8813733Z   toolchain: stable
test (windows-latest)	Run dtolnay/rust-toolchain@stable	2026-09-12T15:14:53.8813896Z ##[endgroup]
test (windows-latest)	Run dtolnay/rust-toolchain@stable	2026-09-12T15:14:54.0404202Z ##[end-action id=__dtolnay_rust-toolchain.parse;outcome=success;conclusion=success;duration_ms=180]
test (windows-latest)	Run dtolnay/rust-toolchain@stable	2026-09-12T15:14:54.0415413Z ##[start-action display=Construct rustup command line;id=__dtolnay_rust-toolchain.flags]
test (windows-latest)	Run dtolnay/rust-toolchain@stable	2026-09-12T15:14:54.0524105Z ##[group]Run echo "targets=$(for t in ${targets//,/ }; do echo -n ' --target' $t; done)" >> $GITHUB_OUTPUT
test (windows-latest)	Run dtolnay/rust-toolchain@stable	2026-09-12T15:14:54.0524589Z ^[[36;1mecho "targets=$(for t in ${targets//,/ }; do echo -n ' --target' $t; done)" >> $GITHUB_OUTPUT^[[0m
test (windows-latest)	Run dtolnay/rust-toolchain@stable	2026-09-12T15:14:54.0525066Z ^[[36;1mecho "components=$(for c in ${components//,/ }; do echo -n ' --component' $c; done)" >> $GITHUB_OUTPUT^[[0m
test (windows-latest)	Run dtolnay/rust-toolchain@stable	2026-09-12T15:14:54.0525416Z ^[[36;1mecho "downgrade=" >> $GITHUB_OUTPUT^[[0m
test (windows-latest)	Run dtolnay/rust-toolchain@stable	2026-09-12T15:14:54.0536191Z shell: C:\Program Files\Git\bin\bash.EXE --noprofile --norc -e -o pipefail {0}
test (windows-latest)	Run dtolnay/rust-toolchain@stable	2026-09-12T15:14:54.0536496Z env:
test (windows-latest)	Run dtolnay/rust-toolchain@stable	2026-09-12T15:14:54.0536636Z   targets: 
test (windows-latest)	Run dtolnay/rust-toolchain@stable	2026-09-12T15:14:54.0536786Z   components: rustfmt, clippy
test (windows-latest)	Run dtolnay/rust-toolchain@stable	2026-09-12T15:14:54.0536963Z ##[endgroup]
test (windows-latest)	Run dtolnay/rust-toolchain@stable	2026-09-12T15:14:54.1277840Z ##[end-action id=__dtolnay_rust-toolchain.flags;outcome=success;conclusion=success;duration_ms=86]
test (windows-latest)	Run dtolnay/rust-toolchain@stable	2026-09-12T15:14:54.1279951Z ##[start-action display=Set $CARGO_HOME;id=__dtolnay_rust-toolchain.__run]
test (windows-latest)	Run dtolnay/rust-toolchain@stable	2026-09-12T15:14:54.1403458Z ##[group]Run echo CARGO_HOME=${CARGO_HOME:-"$USERPROFILE\.cargo"} >> $GITHUB_ENV
test (windows-latest)	Run dtolnay/rust-toolchain@stable	2026-09-12T15:14:54.1404112Z ^[[36;1mecho CARGO_HOME=${CARGO_HOME:-"$USERPROFILE\.cargo"} >> $GITHUB_ENV^[[0m
test (windows-latest)	Run dtolnay/rust-toolchain@stable	2026-09-12T15:14:54.1415109Z shell: C:\Program Files\Git\bin\bash.EXE --noprofile --norc -e -o pipefail {0}
test (windows-latest)	Run dtolnay/rust-toolchain@stable	2026-09-12T15:14:54.1415414Z ##[endgroup]
test (windows-latest)	Run dtolnay/rust-toolchain@stable	2026-09-12T15:14:54.4857230Z ##[end-action id=__dtolnay_rust-toolchain.__run;outcome=success;conclusion=success;duration_ms=357]
test (windows-latest)	Run dtolnay/rust-toolchain@stable	2026-09-12T15:14:54.4861274Z ##[start-action display=Install rustup if needed;id=__dtolnay_rust-toolchain.__run_2]
test (windows-latest)	Run dtolnay/rust-toolchain@stable	2026-09-12T15:14:54.4870992Z ##[end-action id=__dtolnay_rust-toolchain.__run_2;outcome=skipped;conclusion=skipped;duration_ms=0]
test (windows-latest)	Run dtolnay/rust-toolchain@stable	2026-09-12T15:14:54.4873042Z ##[start-action display=Install rustup if needed on windows;id=__dtolnay_rust-toolchain.__run_3]
test (windows-latest)	Run dtolnay/rust-toolchain@stable	2026-09-12T15:14:54.4974250Z ##[group]Run if ! command -v rustup &>/dev/null; then
test (windows-latest)	Run dtolnay/rust-toolchain@stable	2026-09-12T15:14:54.4974545Z ^[[36;1mif ! command -v rustup &>/dev/null; then^[[0m
test (windows-latest)	Run dtolnay/rust-toolchain@stable	2026-09-12T15:14:54.4975132Z ^[[36;1m  curl --proto '=https' --tlsv1.2 --retry 10 --retry-connrefused --location --silent --show-error --fail https://win.rustup.rs/x86_64 --output 'D:\a\_temp\rustup-init.exe'^[[0m
test (windows-latest)	Run dtolnay/rust-toolchain@stable	2026-09-12T15:14:54.4975798Z ^[[36;1m  'D:\a\_temp\rustup-init.exe' --default-toolchain none --no-modify-path -y^[[0m
test (windows-latest)	Run dtolnay/rust-toolchain@stable	2026-09-12T15:14:54.4976121Z ^[[36;1m  echo "$CARGO_HOME\bin" >> $GITHUB_PATH^[[0m
test (windows-latest)	Run dtolnay/rust-toolchain@stable	2026-09-12T15:14:54.4976324Z ^[[36;1mfi^[[0m
test (windows-latest)	Run dtolnay/rust-toolchain@stable	2026-09-12T15:14:54.4986157Z shell: C:\Program Files\Git\bin\bash.EXE --noprofile --norc -e -o pipefail {0}
test (windows-latest)	Run dtolnay/rust-toolchain@stable	2026-09-12T15:14:54.4986459Z env:
test (windows-latest)	Run dtolnay/rust-toolchain@stable	2026-09-12T15:14:54.4986617Z   CARGO_HOME: C:\Users\runneradmin\.cargo
test (windows-latest)	Run dtolnay/rust-toolchain@stable	2026-09-12T15:14:54.4986818Z ##[endgroup]
test (windows-latest)	Run dtolnay/rust-toolchain@stable	2026-09-12T15:14:54.5524280Z ##[end-action id=__dtolnay_rust-toolchain.__run_3;outcome=success;conclusion=success;duration_ms=65]
test (windows-latest)	Run dtolnay/rust-toolchain@stable	2026-09-12T15:14:54.5535367Z ##[start-action display=rustup toolchain install stable;id=__dtolnay_rust-toolchain.__run_4]
test (windows-latest)	Run dtolnay/rust-toolchain@stable	2026-09-12T15:14:54.5635180Z ##[group]Run rustup toolchain install stable --component rustfmt --component clippy --profile minimal --no-self-update
test (windows-latest)	Run dtolnay/rust-toolchain@stable	2026-09-12T15:14:54.5635788Z ^[[36;1mrustup toolchain install stable --component rustfmt --component clippy --profile minimal --no-self-update^[[0m
test (windows-latest)	Run dtolnay/rust-toolchain@stable	2026-09-12T15:14:54.5646573Z shell: C:\Program Files\Git\bin\bash.EXE --noprofile --norc -e -o pipefail {0}
test (windows-latest)	Run dtolnay/rust-toolchain@stable	2026-09-12T15:14:54.5646875Z env:
test (windows-latest)	Run dtolnay/rust-toolchain@stable	2026-09-12T15:14:54.5647036Z   CARGO_HOME: C:\Users\runneradmin\.cargo
test (windows-latest)	Run dtolnay/rust-toolchain@stable	2026-09-12T15:14:54.5647247Z   RUSTUP_PERMIT_COPY_RENAME: 1
test (windows-latest)	Run dtolnay/rust-toolchain@stable	2026-09-12T15:14:54.5647434Z ##[endgroup]
test (windows-latest)	Run dtolnay/rust-toolchain@stable	2026-09-12T15:14:57.8593211Z info: syncing channel updates for stable-x86_64-pc-windows-msvc
test (windows-latest)	Run dtolnay/rust-toolchain@stable	2026-09-12T15:14:58.4855812Z info: latest update on 2026-09-03 for version 1.98.1 (48a229cea 2026-09-01)
test (windows-latest)	Run dtolnay/rust-toolchain@stable	2026-09-12T15:14:58.5172016Z info: component clippy is up to date
test (windows-latest)	Run dtolnay/rust-toolchain@stable	2026-09-12T15:14:58.5172303Z info: component rustfmt is up to date
test (windows-latest)	Run dtolnay/rust-toolchain@stable	2026-09-12T15:14:58.5187501Z 
test (windows-latest)	Run dtolnay/rust-toolchain@stable	2026-09-12T15:14:58.5354647Z   stable-x86_64-pc-windows-msvc unchanged - rustc 1.98.1 (48a229cea 2026-09-01)
test (windows-latest)	Run dtolnay/rust-toolchain@stable	2026-09-12T15:14:58.5355190Z 
test (windows-latest)	Run dtolnay/rust-toolchain@stable	2026-09-12T15:14:58.5433693Z ##[end-action id=__dtolnay_rust-toolchain.__run_4;outcome=success;conclusion=success;duration_ms=3989]
test (windows-latest)	Run dtolnay/rust-toolchain@stable	2026-09-12T15:14:58.5439364Z ##[start-action display=rustup default stable;id=__dtolnay_rust-toolchain.__run_5]
test (windows-latest)	Run dtolnay/rust-toolchain@stable	2026-09-12T15:14:58.5538999Z ##[group]Run rustup default stable
test (windows-latest)	Run dtolnay/rust-toolchain@stable	2026-09-12T15:14:58.5539233Z ^[[36;1mrustup default stable^[[0m
test (windows-latest)	Run dtolnay/rust-toolchain@stable	2026-09-12T15:14:58.5548697Z shell: C:\Program Files\Git\bin\bash.EXE --noprofile --norc -e -o pipefail {0}
test (windows-latest)	Run dtolnay/rust-toolchain@stable	2026-09-12T15:14:58.5549012Z env:
test (windows-latest)	Run dtolnay/rust-toolchain@stable	2026-09-12T15:14:58.5549170Z   CARGO_HOME: C:\Users\runneradmin\.cargo
test (windows-latest)	Run dtolnay/rust-toolchain@stable	2026-09-12T15:14:58.5549373Z ##[endgroup]
test (windows-latest)	Run dtolnay/rust-toolchain@stable	2026-09-12T15:14:58.6064633Z info: using existing install for stable-x86_64-pc-windows-msvc
test (windows-latest)	Run dtolnay/rust-toolchain@stable	2026-09-12T15:14:58.6211919Z info: default toolchain set to stable-x86_64-pc-windows-msvc
test (windows-latest)	Run dtolnay/rust-toolchain@stable	2026-09-12T15:14:58.6215465Z 
test (windows-latest)	Run dtolnay/rust-toolchain@stable	2026-09-12T15:14:58.6373608Z   stable-x86_64-pc-windows-msvc unchanged - rustc 1.98.1 (48a229cea 2026-09-01)
test (windows-latest)	Run dtolnay/rust-toolchain@stable	2026-09-12T15:14:58.6373992Z 
test (windows-latest)	Run dtolnay/rust-toolchain@stable	2026-09-12T15:14:58.6437982Z ##[end-action id=__dtolnay_rust-toolchain.__run_5;outcome=success;conclusion=success;duration_ms=99]
test (windows-latest)	Run dtolnay/rust-toolchain@stable	2026-09-12T15:14:58.6440084Z ##[start-action display=Create cachekey;id=__dtolnay_rust-toolchain.rustc-version]
test (windows-latest)	Run dtolnay/rust-toolchain@stable	2026-09-12T15:14:58.6536602Z ##[group]Run DATE=$(rustc +stable --version --verbose | sed -ne 's/^commit-date: \(20[0-9][0-9]\)-\([01][0-9]\)-\([0-3][0-9]\)$/\1\2\3/p')
test (windows-latest)	Run dtolnay/rust-toolchain@stable	2026-09-12T15:14:58.6537214Z ^[[36;1mDATE=$(rustc +stable --version --verbose | sed -ne 's/^commit-date: \(20[0-9][0-9]\)-\([01][0-9]\)-\([0-3][0-9]\)$/\1\2\3/p')^[[0m
test (windows-latest)	Run dtolnay/rust-toolchain@stable	2026-09-12T15:14:58.6538310Z ^[[36;1mHASH=$(rustc +stable --version --verbose | sed -ne 's/^commit-hash: //p')^[[0m
test (windows-latest)	Run dtolnay/rust-toolchain@stable	2026-09-12T15:14:58.6538693Z ^[[36;1mecho "cachekey=$(echo $DATE$HASH | head -c12)" >> $GITHUB_OUTPUT^[[0m
test (windows-latest)	Run dtolnay/rust-toolchain@stable	2026-09-12T15:14:58.6548576Z shell: C:\Program Files\Git\bin\bash.EXE --noprofile --norc -e -o pipefail {0}
test (windows-latest)	Run dtolnay/rust-toolchain@stable	2026-09-12T15:14:58.6548868Z env:
test (windows-latest)	Run dtolnay/rust-toolchain@stable	2026-09-12T15:14:58.6549020Z   CARGO_HOME: C:\Users\runneradmin\.cargo
test (windows-latest)	Run dtolnay/rust-toolchain@stable	2026-09-12T15:14:58.6549223Z ##[endgroup]
test (windows-latest)	Run dtolnay/rust-toolchain@stable	2026-09-12T15:14:59.4937713Z ##[end-action id=__dtolnay_rust-toolchain.rustc-version;outcome=success;conclusion=success;duration_ms=849]
test (windows-latest)	Run dtolnay/rust-toolchain@stable	2026-09-12T15:14:59.4940998Z ##[start-action display=Disable incremental compilation;id=__dtolnay_rust-toolchain.__run_6]
test (windows-latest)	Run dtolnay/rust-toolchain@stable	2026-09-12T15:14:59.5068526Z ##[group]Run if [ -z "${CARGO_INCREMENTAL+set}" ]; then
test (windows-latest)	Run dtolnay/rust-toolchain@stable	2026-09-12T15:14:59.5068998Z ^[[36;1mif [ -z "${CARGO_INCREMENTAL+set}" ]; then^[[0m
test (windows-latest)	Run dtolnay/rust-toolchain@stable	2026-09-12T15:14:59.5069430Z ^[[36;1m  echo CARGO_INCREMENTAL=0 >> $GITHUB_ENV^[[0m
test (windows-latest)	Run dtolnay/rust-toolchain@stable	2026-09-12T15:14:59.5069773Z ^[[36;1mfi^[[0m
test (windows-latest)	Run dtolnay/rust-toolchain@stable	2026-09-12T15:14:59.5085693Z shell: C:\Program Files\Git\bin\bash.EXE --noprofile --norc -e -o pipefail {0}
test (windows-latest)	Run dtolnay/rust-toolchain@stable	2026-09-12T15:14:59.5086187Z env:
test (windows-latest)	Run dtolnay/rust-toolchain@stable	2026-09-12T15:14:59.5086436Z   CARGO_HOME: C:\Users\runneradmin\.cargo
test (windows-latest)	Run dtolnay/rust-toolchain@stable	2026-09-12T15:14:59.5086767Z ##[endgroup]
test (windows-latest)	Run dtolnay/rust-toolchain@stable	2026-09-12T15:14:59.5475269Z ##[end-action id=__dtolnay_rust-toolchain.__run_6;outcome=success;conclusion=success;duration_ms=53]
test (windows-latest)	Run dtolnay/rust-toolchain@stable	2026-09-12T15:14:59.5477311Z ##[start-action display=Enable colors in Cargo output;id=__dtolnay_rust-toolchain.__run_7]
test (windows-latest)	Run dtolnay/rust-toolchain@stable	2026-09-12T15:14:59.5582073Z ##[group]Run if [ -z "${CARGO_TERM_COLOR+set}" ]; then
test (windows-latest)	Run dtolnay/rust-toolchain@stable	2026-09-12T15:14:59.5582367Z ^[[36;1mif [ -z "${CARGO_TERM_COLOR+set}" ]; then^[[0m
test (windows-latest)	Run dtolnay/rust-toolchain@stable	2026-09-12T15:14:59.5583433Z ^[[36;1m  echo CARGO_TERM_COLOR=always >> $GITHUB_ENV^[[0m
test (windows-latest)	Run dtolnay/rust-toolchain@stable	2026-09-12T15:14:59.5583651Z ^[[36;1mfi^[[0m
test (windows-latest)	Run dtolnay/rust-toolchain@stable	2026-09-12T15:14:59.5594210Z shell: C:\Program Files\Git\bin\bash.EXE --noprofile --norc -e -o pipefail {0}
test (windows-latest)	Run dtolnay/rust-toolchain@stable	2026-09-12T15:14:59.5594518Z env:
test (windows-latest)	Run dtolnay/rust-toolchain@stable	2026-09-12T15:14:59.5594678Z   CARGO_HOME: C:\Users\runneradmin\.cargo
test (windows-latest)	Run dtolnay/rust-toolchain@stable	2026-09-12T15:14:59.5594883Z   CARGO_INCREMENTAL: 0
test (windows-latest)	Run dtolnay/rust-toolchain@stable	2026-09-12T15:14:59.5595039Z ##[endgroup]
test (windows-latest)	Run dtolnay/rust-toolchain@stable	2026-09-12T15:14:59.5930600Z ##[end-action id=__dtolnay_rust-toolchain.__run_7;outcome=success;conclusion=success;duration_ms=45]
test (windows-latest)	Run dtolnay/rust-toolchain@stable	2026-09-12T15:14:59.5932537Z ##[start-action display=Enable Cargo sparse registry;id=__dtolnay_rust-toolchain.__run_8]
test (windows-latest)	Run dtolnay/rust-toolchain@stable	2026-09-12T15:14:59.6034812Z ##[group]Run # implemented in 1.66, stabilized in 1.68, made default in 1.70
test (windows-latest)	Run dtolnay/rust-toolchain@stable	2026-09-12T15:14:59.6035222Z ^[[36;1m# implemented in 1.66, stabilized in 1.68, made default in 1.70^[[0m
test (windows-latest)	Run dtolnay/rust-toolchain@stable	2026-09-12T15:14:59.6035960Z ^[[36;1mif [ -z "${CARGO_REGISTRIES_CRATES_IO_PROTOCOL+set}" -o -f "D:\a\_temp"/.implicit_cargo_registries_crates_io_protocol ]; then^[[0m
test (windows-latest)	Run dtolnay/rust-toolchain@stable	2026-09-12T15:14:59.6036469Z ^[[36;1m  if rustc +stable --version --verbose | grep -q '^release: 1\.6[89]\.'; then^[[0m
test (windows-latest)	Run dtolnay/rust-toolchain@stable	2026-09-12T15:14:59.6036945Z ^[[36;1m    touch "D:\a\_temp"/.implicit_cargo_registries_crates_io_protocol || true^[[0m
test (windows-latest)	Run dtolnay/rust-toolchain@stable	2026-09-12T15:14:59.6037321Z ^[[36;1m    echo CARGO_REGISTRIES_CRATES_IO_PROTOCOL=sparse >> $GITHUB_ENV^[[0m
test (windows-latest)	Run dtolnay/rust-toolchain@stable	2026-09-12T15:14:59.6037822Z ^[[36;1m  elif rustc +stable --version --verbose | grep -q '^release: 1\.6[67]\.'; then^[[0m
test (windows-latest)	Run dtolnay/rust-toolchain@stable	2026-09-12T15:14:59.6038209Z ^[[36;1m    touch "D:\a\_temp"/.implicit_cargo_registries_crates_io_protocol || true^[[0m
test (windows-latest)	Run dtolnay/rust-toolchain@stable	2026-09-12T15:14:59.6038556Z ^[[36;1m    echo CARGO_REGISTRIES_CRATES_IO_PROTOCOL=git >> $GITHUB_ENV^[[0m
test (windows-latest)	Run dtolnay/rust-toolchain@stable	2026-09-12T15:14:59.6038806Z ^[[36;1m  fi^[[0m
test (windows-latest)	Run dtolnay/rust-toolchain@stable	2026-09-12T15:14:59.6038943Z ^[[36;1mfi^[[0m
test (windows-latest)	Run dtolnay/rust-toolchain@stable	2026-09-12T15:14:59.6049922Z shell: C:\Program Files\Git\bin\bash.EXE --noprofile --norc -e -o pipefail {0}
test (windows-latest)	Run dtolnay/rust-toolchain@stable	2026-09-12T15:14:59.6050233Z env:
test (windows-latest)	Run dtolnay/rust-toolchain@stable	2026-09-12T15:14:59.6050412Z   CARGO_HOME: C:\Users\runneradmin\.cargo
test (windows-latest)	Run dtolnay/rust-toolchain@stable	2026-09-12T15:14:59.6050624Z   CARGO_INCREMENTAL: 0
test (windows-latest)	Run dtolnay/rust-toolchain@stable	2026-09-12T15:14:59.6050781Z   CARGO_TERM_COLOR: always
test (windows-latest)	Run dtolnay/rust-toolchain@stable	2026-09-12T15:14:59.6050942Z ##[endgroup]
test (windows-latest)	Run dtolnay/rust-toolchain@stable	2026-09-12T15:14:59.7467347Z ##[end-action id=__dtolnay_rust-toolchain.__run_8;outcome=success;conclusion=success;duration_ms=153]
test (windows-latest)	Run dtolnay/rust-toolchain@stable	2026-09-12T15:14:59.7470848Z ##[start-action display=Work around spurious network errors in curl 8.0;id=__dtolnay_rust-toolchain.__run_9]
test (windows-latest)	Run dtolnay/rust-toolchain@stable	2026-09-12T15:14:59.7582175Z ##[group]Run # https://rust-lang.zulipchat.com/#narrow/stream/246057-t-cargo/topic/timeout.20investigation
test (windows-latest)	Run dtolnay/rust-toolchain@stable	2026-09-12T15:14:59.7582757Z ^[[36;1m# https://rust-lang.zulipchat.com/#narrow/stream/246057-t-cargo/topic/timeout.20investigation^[[0m
test (windows-latest)	Run dtolnay/rust-toolchain@stable	2026-09-12T15:14:59.7583227Z ^[[36;1mif rustc +stable --version --verbose | grep -q '^release: 1\.7[01]\.'; then^[[0m
test (windows-latest)	Run dtolnay/rust-toolchain@stable	2026-09-12T15:14:59.7583575Z ^[[36;1m  echo CARGO_HTTP_MULTIPLEXING=false >> $GITHUB_ENV^[[0m
test (windows-latest)	Run dtolnay/rust-toolchain@stable	2026-09-12T15:14:59.7583805Z ^[[36;1mfi^[[0m
test (windows-latest)	Run dtolnay/rust-toolchain@stable	2026-09-12T15:14:59.7594250Z shell: C:\Program Files\Git\bin\bash.EXE --noprofile --norc -e -o pipefail {0}
test (windows-latest)	Run dtolnay/rust-toolchain@stable	2026-09-12T15:14:59.7594563Z env:
test (windows-latest)	Run dtolnay/rust-toolchain@stable	2026-09-12T15:14:59.7594722Z   CARGO_HOME: C:\Users\runneradmin\.cargo
test (windows-latest)	Run dtolnay/rust-toolchain@stable	2026-09-12T15:14:59.7594928Z   CARGO_INCREMENTAL: 0
test (windows-latest)	Run dtolnay/rust-toolchain@stable	2026-09-12T15:14:59.7595099Z   CARGO_TERM_COLOR: always
test (windows-latest)	Run dtolnay/rust-toolchain@stable	2026-09-12T15:14:59.7595272Z ##[endgroup]
test (windows-latest)	Run dtolnay/rust-toolchain@stable	2026-09-12T15:14:59.8396223Z ##[end-action id=__dtolnay_rust-toolchain.__run_9;outcome=success;conclusion=success;duration_ms=92]
test (windows-latest)	Run dtolnay/rust-toolchain@stable	2026-09-12T15:14:59.8401246Z ##[start-action display=rustc +stable --version --verbose;id=__dtolnay_rust-toolchain.__run_10]
test (windows-latest)	Run dtolnay/rust-toolchain@stable	2026-09-12T15:14:59.8511041Z ##[group]Run rustc +stable --version --verbose
test (windows-latest)	Run dtolnay/rust-toolchain@stable	2026-09-12T15:14:59.8511306Z ^[[36;1mrustc +stable --version --verbose^[[0m
test (windows-latest)	Run dtolnay/rust-toolchain@stable	2026-09-12T15:14:59.8520670Z shell: C:\Program Files\Git\bin\bash.EXE --noprofile --norc -e -o pipefail {0}
test (windows-latest)	Run dtolnay/rust-toolchain@stable	2026-09-12T15:14:59.8520965Z env:
test (windows-latest)	Run dtolnay/rust-toolchain@stable	2026-09-12T15:14:59.8521127Z   CARGO_HOME: C:\Users\runneradmin\.cargo
test (windows-latest)	Run dtolnay/rust-toolchain@stable	2026-09-12T15:14:59.8521337Z   CARGO_INCREMENTAL: 0
test (windows-latest)	Run dtolnay/rust-toolchain@stable	2026-09-12T15:14:59.8521668Z   CARGO_TERM_COLOR: always
test (windows-latest)	Run dtolnay/rust-toolchain@stable	2026-09-12T15:14:59.8521834Z ##[endgroup]
test (windows-latest)	Run dtolnay/rust-toolchain@stable	2026-09-12T15:14:59.9158914Z rustc 1.98.1 (48a229cea 2026-09-01)
test (windows-latest)	Run dtolnay/rust-toolchain@stable	2026-09-12T15:14:59.9159297Z binary: rustc
test (windows-latest)	Run dtolnay/rust-toolchain@stable	2026-09-12T15:14:59.9159531Z commit-hash: 48a229ceaefd4985c50990b14116b6d856af0985
test (windows-latest)	Run dtolnay/rust-toolchain@stable	2026-09-12T15:14:59.9159800Z commit-date: 2026-09-01
test (windows-latest)	Run dtolnay/rust-toolchain@stable	2026-09-12T15:14:59.9159972Z host: x86_64-pc-windows-msvc
test (windows-latest)	Run dtolnay/rust-toolchain@stable	2026-09-12T15:14:59.9160151Z release: 1.98.1
test (windows-latest)	Run dtolnay/rust-toolchain@stable	2026-09-12T15:14:59.9160975Z LLVM version: 22.1.8
test (windows-latest)	Run dtolnay/rust-toolchain@stable	2026-09-12T15:14:59.9258073Z ##[end-action id=__dtolnay_rust-toolchain.__run_10;outcome=success;conclusion=success;duration_ms=85]
test (windows-latest)	Configure MSVC for native test fixtures	﻿2026-09-12T15:14:59.9392579Z ##[group]Run $vswhere = Join-Path ${env:ProgramFiles(x86)} 'Microsoft Visual Studio\Installer\vswhere.exe'
test (windows-latest)	Configure MSVC for native test fixtures	2026-09-12T15:14:59.9393215Z ^[[36;1m$vswhere = Join-Path ${env:ProgramFiles(x86)} 'Microsoft Visual Studio\Installer\vswhere.exe'^[[0m
test (windows-latest)	Configure MSVC for native test fixtures	2026-09-12T15:14:59.9393850Z ^[[36;1m$installation = & $vswhere -latest -products '*' -requires Microsoft.VisualStudio.Component.VC.Tools.x86.x64 -property installationPath^[[0m
test (windows-latest)	Configure MSVC for native test fixtures	2026-09-12T15:14:59.9394438Z ^[[36;1mif (-not $installation) { throw 'MSVC installation not found' }^[[0m
test (windows-latest)	Configure MSVC for native test fixtures	2026-09-12T15:14:59.9394791Z ^[[36;1m$devCmd = Join-Path $installation 'Common7\Tools\VsDevCmd.bat'^[[0m
test (windows-latest)	Configure MSVC for native test fixtures	2026-09-12T15:14:59.9395166Z ^[[36;1m$lines = & cmd.exe /d /s /c "`"$devCmd`" -no_logo -arch=x64 -host_arch=x64 >nul && set"^[[0m
test (windows-latest)	Configure MSVC for native test fixtures	2026-09-12T15:14:59.9395516Z ^[[36;1mif ($LASTEXITCODE -ne 0) { throw 'VsDevCmd failed' }^[[0m
test (windows-latest)	Configure MSVC for native test fixtures	2026-09-12T15:14:59.9395971Z ^[[36;1mforeach ($line in $lines) {^[[0m
test (windows-latest)	Configure MSVC for native test fixtures	2026-09-12T15:14:59.9396331Z ^[[36;1m  if ($line -match '^([^=]+)=(.*)$' -and $Matches[1] -in @('PATH', 'INCLUDE', 'LIB', 'LIBPATH')) {^[[0m
test (windows-latest)	Configure MSVC for native test fixtures	2026-09-12T15:14:59.9396845Z ^[[36;1m    "$($Matches[1])=$($Matches[2])" | Out-File -FilePath $env:GITHUB_ENV -Encoding utf8 -Append^[[0m
test (windows-latest)	Configure MSVC for native test fixtures	2026-09-12T15:14:59.9397154Z ^[[36;1m  }^[[0m
test (windows-latest)	Configure MSVC for native test fixtures	2026-09-12T15:14:59.9397295Z ^[[36;1m}^[[0m
test (windows-latest)	Configure MSVC for native test fixtures	2026-09-12T15:15:00.0316820Z shell: C:\Program Files\PowerShell\7\pwsh.EXE -command ". '{0}'"
test (windows-latest)	Configure MSVC for native test fixtures	2026-09-12T15:15:00.0317133Z env:
test (windows-latest)	Configure MSVC for native test fixtures	2026-09-12T15:15:00.0317298Z   CARGO_HOME: C:\Users\runneradmin\.cargo
test (windows-latest)	Configure MSVC for native test fixtures	2026-09-12T15:15:00.0317507Z   CARGO_INCREMENTAL: 0
test (windows-latest)	Configure MSVC for native test fixtures	2026-09-12T15:15:00.0317676Z   CARGO_TERM_COLOR: always
test (windows-latest)	Configure MSVC for native test fixtures	2026-09-12T15:15:00.0317838Z ##[endgroup]
test (windows-latest)	Run cargo fmt --check	﻿2026-09-12T15:15:04.6822011Z ##[group]Run cargo fmt --check
test (windows-latest)	Run cargo fmt --check	2026-09-12T15:15:04.6822352Z ^[[36;1mcargo fmt --check^[[0m
test (windows-latest)	Run cargo fmt --check	2026-09-12T15:15:04.6873643Z shell: C:\Program Files\PowerShell\7\pwsh.EXE -command ". '{0}'"
test (windows-latest)	Run cargo fmt --check	2026-09-12T15:15:04.6873925Z env:
test (windows-latest)	Run cargo fmt --check	2026-09-12T15:15:04.6874087Z   CARGO_HOME: C:\Users\runneradmin\.cargo
test (windows-latest)	Run cargo fmt --check	2026-09-12T15:15:04.6874300Z   CARGO_INCREMENTAL: 0
test (windows-latest)	Run cargo fmt --check	2026-09-12T15:15:04.6874471Z   CARGO_TERM_COLOR: always
test (windows-latest)	Run cargo fmt --check	2026-09-12T15:15:04.6876067Z   INCLUDE: C:\Program Files\Microsoft Visual Studio\18\Enterprise\VC\Tools\MSVC\14.51.36231\include;C:\Program Files\Microsoft Visual Studio\18\Enterprise\VC\Tools\MSVC\14.51.36231\ATLMFC\include;C:\Program Files\Microsoft Visual Studio\18\Enterprise\VC\Auxiliary\VS\include;C:\Program Files (x86)\Windows Kits\10\include\10.0.26100.0\ucrt;C:\Program Files (x86)\Windows Kits\10\\include\10.0.26100.0\\um;C:\Program Files (x86)\Windows Kits\10\\include\10.0.26100.0\\shared;C:\Program Files (x86)\Windows Kits\10\\include\10.0.26100.0\\winrt;C:\Program Files (x86)\Windows Kits\10\\include\10.0.26100.0\\cppwinrt;C:\Program Files (x86)\Windows Kits\NETFXSDK\4.8.1\include\um
test (windows-latest)	Run cargo fmt --check	2026-09-12T15:15:04.6878493Z   LIB: C:\Program Files\Microsoft Visual Studio\18\Enterprise\VC\Tools\MSVC\14.51.36231\ATLMFC\lib\x64;C:\Program Files\Microsoft Visual Studio\18\Enterprise\VC\Tools\MSVC\14.51.36231\lib\x64;C:\Program Files (x86)\Windows Kits\NETFXSDK\4.8.1\lib\um\x64;C:\Program Files (x86)\Windows Kits\10\lib\10.0.26100.0\ucrt\x64;C:\Program Files (x86)\Windows Kits\10\\lib\10.0.26100.0\\um\x64
test (windows-latest)	Run cargo fmt --check	2026-09-12T15:15:04.6880754Z   LIBPATH: C:\Program Files\Microsoft Visual Studio\18\Enterprise\VC\Tools\MSVC\14.51.36231\ATLMFC\lib\x64;C:\Program Files\Microsoft Visual Studio\18\Enterprise\VC\Tools\MSVC\14.51.36231\lib\x64;C:\Program Files\Microsoft Visual Studio\18\Enterprise\VC\Tools\MSVC\14.51.36231\lib\x86\store\references;C:\Program Files (x86)\Windows Kits\10\UnionMetadata\10.0.26100.0;C:\Program Files (x86)\Windows Kits\10\References\10.0.26100.0;C:\Windows\Microsoft.NET\Framework64\v4.0.30319
test (windows-latest)	Run cargo fmt --check	2026-09-12T15:15:04.6892605Z   Path: C:\Program Files\Microsoft Visual Studio\18\Enterprise\VC\Tools\MSVC\14.51.36231\bin\HostX64\x64;C:\Program Files\Microsoft Visual Studio\18\Enterprise\Common7\IDE\VC\VCPackages;C:\Program Files\Microsoft Visual Studio\18\Enterprise\Common7\IDE\CommonExtensions\Microsoft\TestWindow;C:\Program Files\Microsoft Visual Studio\18\Enterprise\Common7\IDE\CommonExtensions\Microsoft\TeamFoundation\Team Explorer;C:\Program Files\Microsoft Visual Studio\18\Enterprise\MSBuild\Current\bin\Roslyn;C:\Program Files (x86)\Microsoft SDKs\Windows\v10.0A\bin\NETFX 4.8.1 Tools\x64\;C:\Program Files (x86)\HTML Help Workshop;C:\Program Files\Microsoft Visual Studio\18\Enterprise\Common7\IDE\CommonExtensions\Microsoft\FSharp\Tools;C:\Program Files\Microsoft Visual Studio\18\Enterprise\Team Tools\DiagnosticsHub\Collector;C:\Program Files\Microsoft Visual Studio\18\Enterprise\Common7\IDE\Extensions\Microsoft\CodeCoverage.Console;C:\Program Files (x86)\Windows Kits\10\bin\10.0.26100.0\\x64;C:\Program Files (x86)\Windows Kits\10\bin\\x64;C:\Program Files\Microsoft Visual Studio\18\Enterprise\\MSBuild\Current\Bin\amd64;C:\Windows\Microsoft.NET\Framework64\v4.0.30319;C:\Program Files\Microsoft Visual Studio\18\Enterprise\Common7\IDE\;C:\Program Files\Microsoft Visual Studio\18\Enterprise\Common7\Tools\;C:\Program Files\PowerShell\7;C:\Program Files\MongoDB\Server\7.0\bin;C:\vcpkg;C:\tools\zstd;C:\hostedtoolcache\windows\stack\3.11.1\x64;C:\cabal\bin;C:\\ghcup\bin;C:\mingw64\bin;C:\Program Files\dotnet;C:\Program Files\MySQL\MySQL Server 8.0\bin;C:\Program Files\R\R-4.6.1\bin\x64;C:\SeleniumWebDrivers\GeckoDriver;C:\SeleniumWebDrivers\EdgeDriver\;C:\SeleniumWebDrivers\ChromeDriver;C:\Program Files (x86)\sbt\bin;C:\Program Files (x86)\GitHub CLI;C:\Program Files\Git\bin;C:\Program Files (x86)\pipx_bin;C:\npm\prefix;C:\hostedtoolcache\windows\go\1.24.13\x64\bin;C:\hostedtoolcache\windows\Python\3.12.10\x64\Scripts;C:\hostedtoolcache\windows\Python\3.12.10\x64;C:\hostedtoolcache\windows\Ruby\3.3.12\x64\bin;C:\Program Files\OpenSSL\bin;C:\tools\kotlinc\bin;C:\hostedtoolcache\windows\Java_Temurin-Hotspot_jdk\17.0.20-101\x64\bin;C:\Program Files\ImageMagick-7.1.2-Q16-HDRI;C:\Program Files\Microsoft SDKs\Azure\CLI2\wbin;C:\ProgramData\kind;C:\ProgramData\Chocolatey\bin;C:\Windows\system32;C:\Windows;C:\Windows\System32\Wbem;C:\Windows\System32\WindowsPowerShell\v1.0\;C:\Windows\System32\OpenSSH\;C:\Program Files\PowerShell\7\;C:\Program Files\Microsoft\Web Platform Installer\;C:\Program Files\Microsoft SQL Server\170\Tools\Binn\;C:\Program Files\Microsoft SQL Server\Client SDK\ODBC\170\Tools\Binn\;C:\Program Files\dotnet\;C:\Program Files (x86)\Windows Kits\10\Windows Performance Toolkit\;C:\Program Files (x86)\WiX Toolset v3.14\bin;C:\Program Files\Microsoft SQL Server\130\DTS\Binn\;C:\Program Files\Microsoft SQL Server\140\DTS\Binn\;C:\Program Files\Microsoft SQL Server\150\DTS\Binn\;C:\Program Files\Microsoft SQL Server\160\DTS\Binn\;C:\Program Files\Microsoft SQL Server\170\DTS\Binn\;C:\ProgramData\chocolatey\lib\pulumi\tools\Pulumi\bin;C:\Program Files\CMake\bin;C:\Strawberry\c\bin;C:\Strawberry\perl\site\bin;C:\Strawberry\perl\bin;C:\ProgramData\chocolatey\lib\maven\apache-maven-3.9.16\bin;C:\Program Files\Microsoft Service Fabric\bin\Fabric\Fabric.Code;C:\Program Files\Microsoft SDKs\Service Fabric\Tools\ServiceFabricLocalClusterManager;C:\Program Files\nodejs\;C:\Program Files\Git\cmd;C:\Program Files\Git\mingw64\bin;C:\Program Files\Git\usr\bin;C:\Program Files\GitHub CLI\;c:\tools\php;C:\Program Files (x86)\sbt\bin;C:\Program Files\Amazon\AWSCLIV2\;C:\Program Files\Amazon\SessionManagerPlugin\bin\;C:\Program Files\Amazon\AWSSAMCLI\bin\;C:\Program Files\Microsoft SQL Server\130\Tools\Binn\;C:\Program Files\mongosh\;C:\Program Files\LLVM\bin;C:\Program Files (x86)\LLVM\bin;C:\Users\runneradmin\.dotnet\tools;C:\Users\runneradmin\.cargo\bin;C:\Users\runneradmin\AppData\Local\Microsoft\WindowsApps;C:\Program Files\Microsoft Visual Studio\18\Enterprise\VC\Tools\Llvm\x64\bin;C:\Program Files\Microsoft Visual Studio\18\Enterprise\Common7\IDE\CommonExtensions\Microsoft\CMake\CMake\bin;C:\Program Files\Microsoft Visual Studio\18\Enterprise\Common7\IDE\CommonExtensions\Microsoft\CMake\Ninja;C:\Program Files\Microsoft Visual Studio\18\Enterprise\Common7\IDE\VC\Linux\bin\ConnectionManagerExe;C:\Program Files\Microsoft Visual Studio\18\Enterprise\VC\vcpkg
test (windows-latest)	Run cargo fmt --check	2026-09-12T15:15:04.6904958Z ##[endgroup]
test (windows-latest)	Run cargo clippy --all-targets --all-features -- -D warnings	﻿2026-09-12T15:15:09.4847295Z ##[group]Run cargo clippy --all-targets --all-features -- -D warnings
test (windows-latest)	Run cargo clippy --all-targets --all-features -- -D warnings	2026-09-12T15:15:09.4847823Z ^[[36;1mcargo clippy --all-targets --all-features -- -D warnings^[[0m
test (windows-latest)	Run cargo clippy --all-targets --all-features -- -D warnings	2026-09-12T15:15:09.4902095Z shell: C:\Program Files\PowerShell\7\pwsh.EXE -command ". '{0}'"
test (windows-latest)	Run cargo clippy --all-targets --all-features -- -D warnings	2026-09-12T15:15:09.4902373Z env:
test (windows-latest)	Run cargo clippy --all-targets --all-features -- -D warnings	2026-09-12T15:15:09.4902533Z   CARGO_HOME: C:\Users\runneradmin\.cargo
test (windows-latest)	Run cargo clippy --all-targets --all-features -- -D warnings	2026-09-12T15:15:09.4902752Z   CARGO_INCREMENTAL: 0
test (windows-latest)	Run cargo clippy --all-targets --all-features -- -D warnings	2026-09-12T15:15:09.4902917Z   CARGO_TERM_COLOR: always
test (windows-latest)	Run cargo clippy --all-targets --all-features -- -D warnings	2026-09-12T15:15:09.4904516Z   INCLUDE: C:\Program Files\Microsoft Visual Studio\18\Enterprise\VC\Tools\MSVC\14.51.36231\include;C:\Program Files\Microsoft Visual Studio\18\Enterprise\VC\Tools\MSVC\14.51.36231\ATLMFC\include;C:\Program Files\Microsoft Visual Studio\18\Enterprise\VC\Auxiliary\VS\include;C:\Program Files (x86)\Windows Kits\10\include\10.0.26100.0\ucrt;C:\Program Files (x86)\Windows Kits\10\\include\10.0.26100.0\\um;C:\Program Files (x86)\Windows Kits\10\\include\10.0.26100.0\\shared;C:\Program Files (x86)\Windows Kits\10\\include\10.0.26100.0\\winrt;C:\Program Files (x86)\Windows Kits\10\\include\10.0.26100.0\\cppwinrt;C:\Program Files (x86)\Windows Kits\NETFXSDK\4.8.1\include\um
test (windows-latest)	Run cargo clippy --all-targets --all-features -- -D warnings	2026-09-12T15:15:09.4906893Z   LIB: C:\Program Files\Microsoft Visual Studio\18\Enterprise\VC\Tools\MSVC\14.51.36231\ATLMFC\lib\x64;C:\Program Files\Microsoft Visual Studio\18\Enterprise\VC\Tools\MSVC\14.51.36231\lib\x64;C:\Program Files (x86)\Windows Kits\NETFXSDK\4.8.1\lib\um\x64;C:\Program Files (x86)\Windows Kits\10\lib\10.0.26100.0\ucrt\x64;C:\Program Files (x86)\Windows Kits\10\\lib\10.0.26100.0\\um\x64
test (windows-latest)	Run cargo clippy --all-targets --all-features -- -D warnings	2026-09-12T15:15:09.4908827Z   LIBPATH: C:\Program Files\Microsoft Visual Studio\18\Enterprise\VC\Tools\MSVC\14.51.36231\ATLMFC\lib\x64;C:\Program Files\Microsoft Visual Studio\18\Enterprise\VC\Tools\MSVC\14.51.36231\lib\x64;C:\Program Files\Microsoft Visual Studio\18\Enterprise\VC\Tools\MSVC\14.51.36231\lib\x86\store\references;C:\Program Files (x86)\Windows Kits\10\UnionMetadata\10.0.26100.0;C:\Program Files (x86)\Windows Kits\10\References\10.0.26100.0;C:\Windows\Microsoft.NET\Framework64\v4.0.30319
test (windows-latest)	Run cargo clippy --all-targets --all-features -- -D warnings	2026-09-12T15:15:09.4921134Z   Path: C:\Program Files\Microsoft Visual Studio\18\Enterprise\VC\Tools\MSVC\14.51.36231\bin\HostX64\x64;C:\Program Files\Microsoft Visual Studio\18\Enterprise\Common7\IDE\VC\VCPackages;C:\Program Files\Microsoft Visual Studio\18\Enterprise\Common7\IDE\CommonExtensions\Microsoft\TestWindow;C:\Program Files\Microsoft Visual Studio\18\Enterprise\Common7\IDE\CommonExtensions\Microsoft\TeamFoundation\Team Explorer;C:\Program Files\Microsoft Visual Studio\18\Enterprise\MSBuild\Current\bin\Roslyn;C:\Program Files (x86)\Microsoft SDKs\Windows\v10.0A\bin\NETFX 4.8.1 Tools\x64\;C:\Program Files (x86)\HTML Help Workshop;C:\Program Files\Microsoft Visual Studio\18\Enterprise\Common7\IDE\CommonExtensions\Microsoft\FSharp\Tools;C:\Program Files\Microsoft Visual Studio\18\Enterprise\Team Tools\DiagnosticsHub\Collector;C:\Program Files\Microsoft Visual Studio\18\Enterprise\Common7\IDE\Extensions\Microsoft\CodeCoverage.Console;C:\Program Files (x86)\Windows Kits\10\bin\10.0.26100.0\\x64;C:\Program Files (x86)\Windows Kits\10\bin\\x64;C:\Program Files\Microsoft Visual Studio\18\Enterprise\\MSBuild\Current\Bin\amd64;C:\Windows\Microsoft.NET\Framework64\v4.0.30319;C:\Program Files\Microsoft Visual Studio\18\Enterprise\Common7\IDE\;C:\Program Files\Microsoft Visual Studio\18\Enterprise\Common7\Tools\;C:\Program Files\PowerShell\7;C:\Program Files\MongoDB\Server\7.0\bin;C:\vcpkg;C:\tools\zstd;C:\hostedtoolcache\windows\stack\3.11.1\x64;C:\cabal\bin;C:\\ghcup\bin;C:\mingw64\bin;C:\Program Files\dotnet;C:\Program Files\MySQL\MySQL Server 8.0\bin;C:\Program Files\R\R-4.6.1\bin\x64;C:\SeleniumWebDrivers\GeckoDriver;C:\SeleniumWebDrivers\EdgeDriver\;C:\SeleniumWebDrivers\ChromeDriver;C:\Program Files (x86)\sbt\bin;C:\Program Files (x86)\GitHub CLI;C:\Program Files\Git\bin;C:\Program Files (x86)\pipx_bin;C:\npm\prefix;C:\hostedtoolcache\windows\go\1.24.13\x64\bin;C:\hostedtoolcache\windows\Python\3.12.10\x64\Scripts;C:\hostedtoolcache\windows\Python\3.12.10\x64;C:\hostedtoolcache\windows\Ruby\3.3.12\x64\bin;C:\Program Files\OpenSSL\bin;C:\tools\kotlinc\bin;C:\hostedtoolcache\windows\Java_Temurin-Hotspot_jdk\17.0.20-101\x64\bin;C:\Program Files\ImageMagick-7.1.2-Q16-HDRI;C:\Program Files\Microsoft SDKs\Azure\CLI2\wbin;C:\ProgramData\kind;C:\ProgramData\Chocolatey\bin;C:\Windows\system32;C:\Windows;C:\Windows\System32\Wbem;C:\Windows\System32\WindowsPowerShell\v1.0\;C:\Windows\System32\OpenSSH\;C:\Program Files\PowerShell\7\;C:\Program Files\Microsoft\Web Platform Installer\;C:\Program Files\Microsoft SQL Server\170\Tools\Binn\;C:\Program Files\Microsoft SQL Server\Client SDK\ODBC\170\Tools\Binn\;C:\Program Files\dotnet\;C:\Program Files (x86)\Windows Kits\10\Windows Performance Toolkit\;C:\Program Files (x86)\WiX Toolset v3.14\bin;C:\Program Files\Microsoft SQL Server\130\DTS\Binn\;C:\Program Files\Microsoft SQL Server\140\DTS\Binn\;C:\Program Files\Microsoft SQL Server\150\DTS\Binn\;C:\Program Files\Microsoft SQL Server\160\DTS\Binn\;C:\Program Files\Microsoft SQL Server\170\DTS\Binn\;C:\ProgramData\chocolatey\lib\pulumi\tools\Pulumi\bin;C:\Program Files\CMake\bin;C:\Strawberry\c\bin;C:\Strawberry\perl\site\bin;C:\Strawberry\perl\bin;C:\ProgramData\chocolatey\lib\maven\apache-maven-3.9.16\bin;C:\Program Files\Microsoft Service Fabric\bin\Fabric\Fabric.Code;C:\Program Files\Microsoft SDKs\Service Fabric\Tools\ServiceFabricLocalClusterManager;C:\Program Files\nodejs\;C:\Program Files\Git\cmd;C:\Program Files\Git\mingw64\bin;C:\Program Files\Git\usr\bin;C:\Program Files\GitHub CLI\;c:\tools\php;C:\Program Files (x86)\sbt\bin;C:\Program Files\Amazon\AWSCLIV2\;C:\Program Files\Amazon\SessionManagerPlugin\bin\;C:\Program Files\Amazon\AWSSAMCLI\bin\;C:\Program Files\Microsoft SQL Server\130\Tools\Binn\;C:\Program Files\mongosh\;C:\Program Files\LLVM\bin;C:\Program Files (x86)\LLVM\bin;C:\Users\runneradmin\.dotnet\tools;C:\Users\runneradmin\.cargo\bin;C:\Users\runneradmin\AppData\Local\Microsoft\WindowsApps;C:\Program Files\Microsoft Visual Studio\18\Enterprise\VC\Tools\Llvm\x64\bin;C:\Program Files\Microsoft Visual Studio\18\Enterprise\Common7\IDE\CommonExtensions\Microsoft\CMake\CMake\bin;C:\Program Files\Microsoft Visual Studio\18\Enterprise\Common7\IDE\CommonExtensions\Microsoft\CMake\Ninja;C:\Program Files\Microsoft Visual Studio\18\Enterprise\Common7\IDE\VC\Linux\bin\ConnectionManagerExe;C:\Program Files\Microsoft Visual Studio\18\Enterprise\VC\vcpkg
test (windows-latest)	Run cargo clippy --all-targets --all-features -- -D warnings	2026-09-12T15:15:09.4933936Z ##[endgroup]
test (windows-latest)	Run cargo clippy --all-targets --all-features -- -D warnings	2026-09-12T15:15:11.4188194Z ^[[1m^[[92m    Updating^[[0m crates.io index
test (windows-latest)	Run cargo clippy --all-targets --all-features -- -D warnings	2026-09-12T15:15:12.1673264Z ^[[1m^[[92m Downloading^[[0m crates ...
test (windows-latest)	Run cargo clippy --all-targets --all-features -- -D warnings	2026-09-12T15:15:12.2341080Z ^[[1m^[[92m  Downloaded^[[0m anstyle-query v1.1.5
test (windows-latest)	Run cargo clippy --all-targets --all-features -- -D warnings	2026-09-12T15:15:12.3023264Z ^[[1m^[[92m  Downloaded^[[0m ref-cast-impl v1.0.27
test (windows-latest)	Run cargo clippy --all-targets --all-features -- -D warnings	2026-09-12T15:15:12.3096904Z ^[[1m^[[92m  Downloaded^[[0m allocator-api2 v0.2.21
test (windows-latest)	Run cargo clippy --all-targets --all-features -- -D warnings	2026-09-12T15:15:12.3479585Z ^[[1m^[[92m  Downloaded^[[0m windows-link v0.2.1
test (windows-latest)	Run cargo clippy --all-targets --all-features -- -D warnings	2026-09-12T15:15:12.3582920Z ^[[1m^[[92m  Downloaded^[[0m version_check v0.9.5
test (windows-latest)	Run cargo clippy --all-targets --all-features -- -D warnings	2026-09-12T15:15:12.3679074Z ^[[1m^[[92m  Downloaded^[[0m cc v1.4.4
test (windows-latest)	Run cargo clippy --all-targets --all-features -- -D warnings	2026-09-12T15:15:12.4026781Z ^[[1m^[[92m  Downloaded^[[0m clap_derive v4.6.4
test (windows-latest)	Run cargo clippy --all-targets --all-features -- -D warnings	2026-09-12T15:15:12.4193581Z ^[[1m^[[92m  Downloaded^[[0m block-buffer v0.10.4
test (windows-latest)	Run cargo clippy --all-targets --all-features -- -D warnings	2026-09-12T15:15:12.5440653Z ^[[1m^[[92m  Downloaded^[[0m anstream v1.0.0
test (windows-latest)	Run cargo clippy --all-targets --all-features -- -D warnings	2026-09-12T15:15:12.5636006Z ^[[1m^[[92m  Downloaded^[[0m zmij v1.0.23
test (windows-latest)	Run cargo clippy --all-targets --all-features -- -D warnings	2026-09-12T15:15:12.5758591Z ^[[1m^[[92m  Downloaded^[[0m darling v0.20.11
test (windows-latest)	Run cargo clippy --all-targets --all-features -- -D warnings	2026-09-12T15:15:12.6293810Z ^[[1m^[[92m  Downloaded^[[0m clap v4.6.6
test (windows-latest)	Run cargo clippy --all-targets --all-features -- -D warnings	2026-09-12T15:15:12.7477531Z ^[[1m^[[92m  Downloaded^[[0m colorchoice v1.0.5
test (windows-latest)	Run cargo clippy --all-targets --all-features -- -D warnings	2026-09-12T15:15:12.7554805Z ^[[1m^[[92m  Downloaded^[[0m anstyle-parse v1.0.0
test (windows-latest)	Run cargo clippy --all-targets --all-features -- -D warnings	2026-09-12T15:15:12.7666191Z ^[[1m^[[92m  Downloaded^[[0m cpufeatures v0.2.17
test (windows-latest)	Run cargo clippy --all-targets --all-features -- -D warnings	2026-09-12T15:15:12.7810692Z ^[[1m^[[92m  Downloaded^[[0m equivalent v1.0.2
test (windows-latest)	Run cargo clippy --all-targets --all-features -- -D warnings	2026-09-12T15:15:12.7962853Z ^[[1m^[[92m  Downloaded^[[0m castaway v0.2.4
test (windows-latest)	Run cargo clippy --all-targets --all-features -- -D warnings	2026-09-12T15:15:12.8122508Z ^[[1m^[[92m  Downloaded^[[0m compact_str v0.8.2
test (windows-latest)	Run cargo clippy --all-targets --all-features -- -D warnings	2026-09-12T15:15:12.8420164Z ^[[1m^[[92m  Downloaded^[[0m anstyle-wincon v3.0.11
test (windows-latest)	Run cargo clippy --all-targets --all-features -- -D warnings	2026-09-12T15:15:12.8539604Z ^[[1m^[[92m  Downloaded^[[0m digest v0.10.7
test (windows-latest)	Run cargo clippy --all-targets --all-features -- -D warnings	2026-09-12T15:15:12.8754359Z ^[[1m^[[92m  Downloaded^[[0m darling_macro v0.20.11
test (windows-latest)	Run cargo clippy --all-targets --all-features -- -D warnings	2026-09-12T15:15:12.8817990Z ^[[1m^[[92m  Downloaded^[[0m dyn-clone v1.0.20
test (windows-latest)	Run cargo clippy --all-targets --all-features -- -D warnings	2026-09-12T15:15:12.8941517Z ^[[1m^[[92m  Downloaded^[[0m crypto-common v0.1.7
test (windows-latest)	Run cargo clippy --all-targets --all-features -- -D warnings	2026-09-12T15:15:12.9015410Z ^[[1m^[[92m  Downloaded^[[0m clap_builder v4.6.6
test (windows-latest)	Run cargo clippy --all-targets --all-features -- -D warnings	2026-09-12T15:15:12.9607420Z ^[[1m^[[92m  Downloaded^[[0m option-ext v0.2.0
test (windows-latest)	Run cargo clippy --all-targets --all-features -- -D warnings	2026-09-12T15:15:12.9676908Z ^[[1m^[[92m  Downloaded^[[0m anstyle v1.0.14
test (windows-latest)	Run cargo clippy --all-targets --all-features -- -D warnings	2026-09-12T15:15:12.9775387Z ^[[1m^[[92m  Downloaded^[[0m bitflags v2.13.1
test (windows-latest)	Run cargo clippy --all-targets --all-features -- -D warnings	2026-09-12T15:15:13.0237642Z ^[[1m^[[92m  Downloaded^[[0m crossterm v0.28.1
test (windows-latest)	Run cargo clippy --all-targets --all-features -- -D warnings	2026-09-12T15:15:13.1060705Z ^[[1m^[[92m  Downloaded^[[0m fallible-streaming-iterator v0.1.9
test (windows-latest)	Run cargo clippy --all-targets --all-features -- -D warnings	2026-09-12T15:15:13.1134849Z ^[[1m^[[92m  Downloaded^[[0m directories v6.0.0
test (windows-latest)	Run cargo clippy --all-targets --all-features -- -D warnings	2026-09-12T15:15:13.1270834Z ^[[1m^[[92m  Downloaded^[[0m cfg-if v1.0.4
test (windows-latest)	Run cargo clippy --all-targets --all-features -- -D warnings	2026-09-12T15:15:13.1417899Z ^[[1m^[[92m  Downloaded^[[0m clap_lex v1.1.0
test (windows-latest)	Run cargo clippy --all-targets --all-features -- -D warnings	2026-09-12T15:15:13.1499280Z ^[[1m^[[92m  Downloaded^[[0m winapi v0.3.9
test (windows-latest)	Run cargo clippy --all-targets --all-features -- -D warnings	2026-09-12T15:15:13.4176863Z ^[[1m^[[92m  Downloaded^[[0m is_terminal_polyfill v1.70.2
test (windows-latest)	Run cargo clippy --all-targets --all-features -- -D warnings	2026-09-12T15:15:13.4310711Z ^[[1m^[[92m  Downloaded^[[0m fnv v1.0.7
test (windows-latest)	Run cargo clippy --all-targets --all-features -- -D warnings	2026-09-12T15:15:13.4381456Z ^[[1m^[[92m  Downloaded^[[0m ref-cast v1.0.27
test (windows-latest)	Run cargo clippy --all-targets --all-features -- -D warnings	2026-09-12T15:15:13.4740993Z ^[[1m^[[92m  Downloaded^[[0m lru v0.12.5
test (windows-latest)	Run cargo clippy --all-targets --all-features -- -D warnings	2026-09-12T15:15:13.4827708Z ^[[1m^[[92m  Downloaded^[[0m cassowary v0.3.0
test (windows-latest)	Run cargo clippy --all-targets --all-features -- -D warnings	2026-09-12T15:15:13.4935110Z ^[[1m^[[92m  Downloaded^[[0m crossterm_winapi v0.9.1
test (windows-latest)	Run cargo clippy --all-targets --all-features -- -D warnings	2026-09-12T15:15:13.5167357Z ^[[1m^[[92m  Downloaded^[[0m itoa v1.0.18
test (windows-latest)	Run cargo clippy --all-targets --all-features -- -D warnings	2026-09-12T15:15:13.5277388Z ^[[1m^[[92m  Downloaded^[[0m dirs-sys v0.5.0
test (windows-latest)	Run cargo clippy --all-targets --all-features -- -D warnings	2026-09-12T15:15:13.5364496Z ^[[1m^[[92m  Downloaded^[[0m generic-array v0.14.7
test (windows-latest)	Run cargo clippy --all-targets --all-features -- -D warnings	2026-09-12T15:15:13.5531745Z ^[[1m^[[92m  Downloaded^[[0m heck v0.5.0
test (windows-latest)	Run cargo clippy --all-targets --all-features -- -D warnings	2026-09-12T15:15:13.5672201Z ^[[1m^[[92m  Downloaded^[[0m once_cell_polyfill v1.70.2
test (windows-latest)	Run cargo clippy --all-targets --all-features -- -D warnings	2026-09-12T15:15:13.5760366Z ^[[1m^[[92m  Downloaded^[[0m windows-sys v0.61.2
test (windows-latest)	Run cargo clippy --all-targets --all-features -- -D warnings	2026-09-12T15:15:14.6634620Z ^[[1m^[[92m  Downloaded^[[0m ident_case v1.0.1
test (windows-latest)	Run cargo clippy --all-targets --all-features -- -D warnings	2026-09-12T15:15:14.6789556Z ^[[1m^[[92m  Downloaded^[[0m instability v0.3.10
test (windows-latest)	Run cargo clippy --all-targets --all-features -- -D warnings	2026-09-12T15:15:14.6948012Z ^[[1m^[[92m  Downloaded^[[0m either v1.18.0
test (windows-latest)	Run cargo clippy --all-targets --all-features -- -D warnings	2026-09-12T15:15:14.7077026Z ^[[1m^[[92m  Downloaded^[[0m fallible-iterator v0.3.0
test (windows-latest)	Run cargo clippy --all-targets --all-features -- -D warnings	2026-09-12T15:15:14.7169074Z ^[[1m^[[92m  Downloaded^[[0m subtle v2.6.1
test (windows-latest)	Run cargo clippy --all-targets --all-features -- -D warnings	2026-09-12T15:15:14.7293842Z ^[[1m^[[92m  Downloaded^[[0m utf8parse v0.2.2
test (windows-latest)	Run cargo clippy --all-targets --all-features -- -D warnings	2026-09-12T15:15:14.7370367Z ^[[1m^[[92m  Downloaded^[[0m fs2 v0.4.3
test (windows-latest)	Run cargo clippy --all-targets --all-features -- -D warnings	2026-09-12T15:15:14.7454019Z ^[[1m^[[92m  Downloaded^[[0m static_assertions v1.1.0
test (windows-latest)	Run cargo clippy --all-targets --all-features -- -D warnings	2026-09-12T15:15:14.7583928Z ^[[1m^[[92m  Downloaded^[[0m fastrand v2.5.0
test (windows-latest)	Run cargo clippy --all-targets --all-features -- -D warnings	2026-09-12T15:15:14.7720115Z ^[[1m^[[92m  Downloaded^[[0m foldhash v0.1.5
test (windows-latest)	Run cargo clippy --all-targets --all-features -- -D warnings	2026-09-12T15:15:14.7813343Z ^[[1m^[[92m  Downloaded^[[0m strsim v0.11.1
test (windows-latest)	Run cargo clippy --all-targets --all-features -- -D warnings	2026-09-12T15:15:14.7912193Z ^[[1m^[[92m  Downloaded^[[0m unicode-truncate v1.1.0
test (windows-latest)	Run cargo clippy --all-targets --all-features -- -D warnings	2026-09-12T15:15:14.8060094Z ^[[1m^[[92m  Downloaded^[[0m scopeguard v1.2.0
test (windows-latest)	Run cargo clippy --all-targets --all-features -- -D warnings	2026-09-12T15:15:14.8154232Z ^[[1m^[[92m  Downloaded^[[0m strum v0.26.3
test (windows-latest)	Run cargo clippy --all-targets --all-features -- -D warnings	2026-09-12T15:15:14.8223803Z ^[[1m^[[92m  Downloaded^[[0m indoc v2.0.7
test (windows-latest)	Run cargo clippy --all-targets --all-features -- -D warnings	2026-09-12T15:15:14.8676956Z ^[[1m^[[92m  Downloaded^[[0m sha2 v0.10.9
test (windows-latest)	Run cargo clippy --all-targets --all-features -- -D warnings	2026-09-12T15:15:14.9018074Z ^[[1m^[[92m  Downloaded^[[0m libloading v0.8.9
test (windows-latest)	Run cargo clippy --all-targets --all-features -- -D warnings	2026-09-12T15:15:14.9298499Z ^[[1m^[[92m  Downloaded^[[0m parking_lot_core v0.9.12
test (windows-latest)	Run cargo clippy --all-targets --all-features -- -D warnings	2026-09-12T15:15:14.9618084Z ^[[1m^[[92m  Downloaded^[[0m paste v1.0.15
test (windows-latest)	Run cargo clippy --all-targets --all-features -- -D warnings	2026-09-12T15:15:15.0300300Z ^[[1m^[[92m  Downloaded^[[0m proc-macro2 v1.0.107
test (windows-latest)	Run cargo clippy --all-targets --all-features -- -D warnings	2026-09-12T15:15:15.4549803Z ^[[1m^[[92m  Downloaded^[[0m quote v1.0.47
test (windows-latest)	Run cargo clippy --all-targets --all-features -- -D warnings	2026-09-12T15:15:15.5829163Z ^[[1m^[[92m  Downloaded^[[0m rustversion v1.0.23
test (windows-latest)	Run cargo clippy --all-targets --all-features -- -D warnings	2026-09-12T15:15:15.7631035Z ^[[1m^[[92m  Downloaded^[[0m schemars_derive v1.2.2
test (windows-latest)	Run cargo clippy --all-targets --all-features -- -D warnings	2026-09-12T15:15:15.8931105Z ^[[1m^[[92m  Downloaded^[[0m shlex v2.0.1
test (windows-latest)	Run cargo clippy --all-targets --all-features -- -D warnings	2026-09-12T15:15:15.9220380Z ^[[1m^[[92m  Downloaded^[[0m strum_macros v0.26.4
test (windows-latest)	Run cargo clippy --all-targets --all-features -- -D warnings	2026-09-12T15:15:16.1093988Z ^[[1m^[[92m  Downloaded^[[0m thiserror v2.0.20
test (windows-latest)	Run cargo clippy --all-targets --all-features -- -D warnings	2026-09-12T15:15:16.4510112Z ^[[1m^[[92m  Downloaded^[[0m thiserror-impl v2.0.20
test (windows-latest)	Run cargo clippy --all-targets --all-features -- -D warnings	2026-09-12T15:15:16.5118883Z ^[[1m^[[92m  Downloaded^[[0m hashlink v0.10.0
test (windows-latest)	Run cargo clippy --all-targets --all-features -- -D warnings	2026-09-12T15:15:16.6556280Z ^[[1m^[[92m  Downloaded^[[0m hmac v0.12.1
test (windows-latest)	Run cargo clippy --all-targets --all-features -- -D warnings	2026-09-12T15:15:16.6756945Z ^[[1m^[[92m  Downloaded^[[0m lock_api v0.4.14
test (windows-latest)	Run cargo clippy --all-targets --all-features -- -D warnings	2026-09-12T15:15:16.6898725Z ^[[1m^[[92m  Downloaded^[[0m once_cell v1.21.4
test (windows-latest)	Run cargo clippy --all-targets --all-features -- -D warnings	2026-09-12T15:15:16.8537463Z ^[[1m^[[92m  Downloaded^[[0m serde_derive_internals v0.30.0
test (windows-latest)	Run cargo clippy --all-targets --all-features -- -D warnings	2026-09-12T15:15:16.9397545Z ^[[1m^[[92m  Downloaded^[[0m smallvec v1.15.2
test (windows-latest)	Run cargo clippy --all-targets --all-features -- -D warnings	2026-09-12T15:15:17.0062519Z ^[[1m^[[92m  Downloaded^[[0m tempfile v3.27.0
test (windows-latest)	Run cargo clippy --all-targets --all-features -- -D warnings	2026-09-12T15:15:17.1371532Z ^[[1m^[[92m  Downloaded^[[0m unicode-ident v1.0.24
test (windows-latest)	Run cargo clippy --all-targets --all-features -- -D warnings	2026-09-12T15:15:17.2804287Z ^[[1m^[[92m  Downloaded^[[0m find-msvc-tools v0.1.11
test (windows-latest)	Run cargo clippy --all-targets --all-features -- -D warnings	2026-09-12T15:15:17.3548534Z ^[[1m^[[92m  Downloaded^[[0m parking_lot v0.12.5
test (windows-latest)	Run cargo clippy --all-targets --all-features -- -D warnings	2026-09-12T15:15:17.4710173Z ^[[1m^[[92m  Downloaded^[[0m pkg-config v0.3.34
test (windows-latest)	Run cargo clippy --all-targets --all-features -- -D warnings	2026-09-12T15:15:17.5362476Z ^[[1m^[[92m  Downloaded^[[0m serde_derive v1.0.229
test (windows-latest)	Run cargo clippy --all-targets --all-features -- -D warnings	2026-09-12T15:15:17.5933880Z ^[[1m^[[92m  Downloaded^[[0m memchr v2.8.3
test (windows-latest)	Run cargo clippy --all-targets --all-features -- -D warnings	2026-09-12T15:15:17.6440181Z ^[[1m^[[92m  Downloaded^[[0m getrandom v0.4.3
test (windows-latest)	Run cargo clippy --all-targets --all-features -- -D warnings	2026-09-12T15:15:17.6874079Z ^[[1m^[[92m  Downloaded^[[0m ryu v1.0.23
test (windows-latest)	Run cargo clippy --all-targets --all-features -- -D warnings	2026-09-12T15:15:17.7276616Z ^[[1m^[[92m  Downloaded^[[0m serde_core v1.0.229
test (windows-latest)	Run cargo clippy --all-targets --all-features -- -D warnings	2026-09-12T15:15:17.7604681Z ^[[1m^[[92m  Downloaded^[[0m uuid v1.26.0
test (windows-latest)	Run cargo clippy --all-targets --all-features -- -D warnings	2026-09-12T15:15:17.8043304Z ^[[1m^[[92m  Downloaded^[[0m darling_core v0.20.11
test (windows-latest)	Run cargo clippy --all-targets --all-features -- -D warnings	2026-09-12T15:15:17.8825957Z ^[[1m^[[92m  Downloaded^[[0m serde v1.0.229
test (windows-latest)	Run cargo clippy --all-targets --all-features -- -D warnings	2026-09-12T15:15:18.9720381Z ^[[1m^[[92m  Downloaded^[[0m typenum v1.20.1
test (windows-latest)	Run cargo clippy --all-targets --all-features -- -D warnings	2026-09-12T15:15:18.9909812Z ^[[1m^[[92m  Downloaded^[[0m schemars v1.2.2
test (windows-latest)	Run cargo clippy --all-targets --all-features -- -D warnings	2026-09-12T15:15:19.1848719Z ^[[1m^[[92m  Downloaded^[[0m hashbrown v0.15.5
test (windows-latest)	Run cargo clippy --all-targets --all-features -- -D warnings	2026-09-12T15:15:19.2163455Z ^[[1m^[[92m  Downloaded^[[0m itertools v0.13.0
test (windows-latest)	Run cargo clippy --all-targets --all-features -- -D warnings	2026-09-12T15:15:19.2802837Z ^[[1m^[[92m  Downloaded^[[0m unicode-segmentation v1.13.3
test (windows-latest)	Run cargo clippy --all-targets --all-features -- -D warnings	2026-09-12T15:15:19.3020805Z ^[[1m^[[92m  Downloaded^[[0m serde_json v1.0.151
test (windows-latest)	Run cargo clippy --all-targets --all-features -- -D warnings	2026-09-12T15:15:20.0140195Z ^[[1m^[[92m  Downloaded^[[0m rusqlite v0.37.0
test (windows-latest)	Run cargo clippy --all-targets --all-features -- -D warnings	2026-09-12T15:15:20.0875986Z ^[[1m^[[92m  Downloaded^[[0m vcpkg v0.2.15
test (windows-latest)	Run cargo clippy --all-targets --all-features -- -D warnings	2026-09-12T15:15:20.7270194Z ^[[1m^[[92m  Downloaded^[[0m unicode-width v0.1.14
test (windows-latest)	Run cargo clippy --all-targets --all-features -- -D warnings	2026-09-12T15:15:20.7429043Z ^[[1m^[[92m  Downloaded^[[0m unicode-width v0.2.0
test (windows-latest)	Run cargo clippy --all-targets --all-features -- -D warnings	2026-09-12T15:15:20.7578816Z ^[[1m^[[92m  Downloaded^[[0m syn v2.0.119
test (windows-latest)	Run cargo clippy --all-targets --all-features -- -D warnings	2026-09-12T15:15:21.2549227Z ^[[1m^[[92m  Downloaded^[[0m syn v3.0.4
test (windows-latest)	Run cargo clippy --all-targets --all-features -- -D warnings	2026-09-12T15:15:21.3300944Z ^[[1m^[[92m  Downloaded^[[0m ratatui v0.29.0
test (windows-latest)	Run cargo clippy --all-targets --all-features -- -D warnings	2026-09-12T15:15:21.6215459Z ^[[1m^[[92m  Downloaded^[[0m libsqlite3-sys v0.35.0
test (windows-latest)	Run cargo clippy --all-targets --all-features -- -D warnings	2026-09-12T15:15:22.5815501Z ^[[1m^[[92m   Compiling^[[0m proc-macro2 v1.0.107
test (windows-latest)	Run cargo clippy --all-targets --all-features -- -D warnings	2026-09-12T15:15:22.5816264Z ^[[1m^[[92m   Compiling^[[0m quote v1.0.47
test (windows-latest)	Run cargo clippy --all-targets --all-features -- -D warnings	2026-09-12T15:15:22.5817074Z ^[[1m^[[92m   Compiling^[[0m unicode-ident v1.0.24
test (windows-latest)	Run cargo clippy --all-targets --all-features -- -D warnings	2026-09-12T15:15:22.5817380Z ^[[1m^[[92m    Checking^[[0m windows-link v0.2.1
test (windows-latest)	Run cargo clippy --all-targets --all-features -- -D warnings	2026-09-12T15:15:27.7373476Z ^[[1m^[[92m    Checking^[[0m cfg-if v1.0.4
test (windows-latest)	Run cargo clippy --all-targets --all-features -- -D warnings	2026-09-12T15:15:27.8045658Z ^[[1m^[[92m    Checking^[[0m windows-sys v0.61.2
test (windows-latest)	Run cargo clippy --all-targets --all-features -- -D warnings	2026-09-12T15:15:32.7316689Z ^[[1m^[[92m   Compiling^[[0m version_check v0.9.5
test (windows-latest)	Run cargo clippy --all-targets --all-features -- -D warnings	2026-09-12T15:15:33.9141517Z ^[[1m^[[92m   Compiling^[[0m generic-array v0.14.7
test (windows-latest)	Run cargo clippy --all-targets --all-features -- -D warnings	2026-09-12T15:15:33.9549447Z ^[[1m^[[92m   Compiling^[[0m rustversion v1.0.23
test (windows-latest)	Run cargo clippy --all-targets --all-features -- -D warnings	2026-09-12T15:15:35.0999572Z ^[[1m^[[92m   Compiling^[[0m winapi v0.3.9
test (windows-latest)	Run cargo clippy --all-targets --all-features -- -D warnings	2026-09-12T15:15:35.1004014Z ^[[1m^[[92m   Compiling^[[0m serde_core v1.0.229
test (windows-latest)	Run cargo clippy --all-targets --all-features -- -D warnings	2026-09-12T15:15:35.1031289Z ^[[1m^[[92m    Checking^[[0m typenum v1.20.1
test (windows-latest)	Run cargo clippy --all-targets --all-features -- -D warnings	2026-09-12T15:15:36.2352135Z ^[[1m^[[92m   Compiling^[[0m parking_lot_core v0.9.12
test (windows-latest)	Run cargo clippy --all-targets --all-features -- -D warnings	2026-09-12T15:15:36.4342638Z ^[[1m^[[92m    Checking^[[0m equivalent v1.0.2
test (windows-latest)	Run cargo clippy --all-targets --all-features -- -D warnings	2026-09-12T15:15:36.4906908Z ^[[1m^[[92m   Compiling^[[0m shlex v2.0.1
test (windows-latest)	Run cargo clippy --all-targets --all-features -- -D warnings	2026-09-12T15:15:36.6851434Z ^[[1m^[[92m   Compiling^[[0m getrandom v0.4.3
test (windows-latest)	Run cargo clippy --all-targets --all-features -- -D warnings	2026-09-12T15:15:36.8914677Z ^[[1m^[[92m   Compiling^[[0m syn v3.0.4
test (windows-latest)	Run cargo clippy --all-targets --all-features -- -D warnings	2026-09-12T15:15:36.8958337Z ^[[1m^[[92m   Compiling^[[0m syn v2.0.119
test (windows-latest)	Run cargo clippy --all-targets --all-features -- -D warnings	2026-09-12T15:15:36.9094727Z ^[[1m^[[92m   Compiling^[[0m find-msvc-tools v0.1.11
test (windows-latest)	Run cargo clippy --all-targets --all-features -- -D warnings	2026-09-12T15:15:36.9676476Z ^[[1m^[[92m   Compiling^[[0m heck v0.5.0
test (windows-latest)	Run cargo clippy --all-targets --all-features -- -D warnings	2026-09-12T15:15:37.2057733Z ^[[1m^[[92m   Compiling^[[0m fnv v1.0.7
test (windows-latest)	Run cargo clippy --all-targets --all-features -- -D warnings	2026-09-12T15:15:37.2680375Z ^[[1m^[[92m   Compiling^[[0m ident_case v1.0.1
test (windows-latest)	Run cargo clippy --all-targets --all-features -- -D warnings	2026-09-12T15:15:37.3511002Z ^[[1m^[[92m    Checking^[[0m foldhash v0.1.5
test (windows-latest)	Run cargo clippy --all-targets --all-features -- -D warnings	2026-09-12T15:15:37.4485919Z ^[[1m^[[92m    Checking^[[0m allocator-api2 v0.2.21
test (windows-latest)	Run cargo clippy --all-targets --all-features -- -D warnings	2026-09-12T15:15:37.7852195Z ^[[1m^[[92m   Compiling^[[0m strsim v0.11.1
test (windows-latest)	Run cargo clippy --all-targets --all-features -- -D warnings	2026-09-12T15:15:37.9520043Z ^[[1m^[[92m    Checking^[[0m smallvec v1.15.2
test (windows-latest)	Run cargo clippy --all-targets --all-features -- -D warnings	2026-09-12T15:15:38.1286049Z ^[[1m^[[92m    Checking^[[0m hashbrown v0.15.5
test (windows-latest)	Run cargo clippy --all-targets --all-features -- -D warnings	2026-09-12T15:15:38.1461734Z ^[[1m^[[92m   Compiling^[[0m cc v1.4.4
test (windows-latest)	Run cargo clippy --all-targets --all-features -- -D warnings	2026-09-12T15:15:41.0836128Z ^[[1m^[[92m   Compiling^[[0m darling_core v0.20.11
test (windows-latest)	Run cargo clippy --all-targets --all-features -- -D warnings	2026-09-12T15:15:41.6400127Z ^[[1m^[[92m    Checking^[[0m itoa v1.0.18
test (windows-latest)	Run cargo clippy --all-targets --all-features -- -D warnings	2026-09-12T15:15:41.7813208Z ^[[1m^[[92m   Compiling^[[0m zmij v1.0.23
test (windows-latest)	Run cargo clippy --all-targets --all-features -- -D warnings	2026-09-12T15:15:42.0365913Z ^[[1m^[[92m    Checking^[[0m utf8parse v0.2.2
test (windows-latest)	Run cargo clippy --all-targets --all-features -- -D warnings	2026-09-12T15:15:42.1195224Z ^[[1m^[[92m    Checking^[[0m once_cell_polyfill v1.70.2
test (windows-latest)	Run cargo clippy --all-targets --all-features -- -D warnings	2026-09-12T15:15:42.1864870Z ^[[1m^[[92m    Checking^[[0m anstyle v1.0.14
test (windows-latest)	Run cargo clippy --all-targets --all-features -- -D warnings	2026-09-12T15:15:42.1981393Z ^[[1m^[[92m   Compiling^[[0m pkg-config v0.3.34
test (windows-latest)	Run cargo clippy --all-targets --all-features -- -D warnings	2026-09-12T15:15:42.3498742Z ^[[1m^[[92m   Compiling^[[0m vcpkg v0.2.15
test (windows-latest)	Run cargo clippy --all-targets --all-features -- -D warnings	2026-09-12T15:15:42.6341255Z ^[[1m^[[92m    Checking^[[0m scopeguard v1.2.0
test (windows-latest)	Run cargo clippy --all-targets --all-features -- -D warnings	2026-09-12T15:15:42.7109018Z ^[[1m^[[92m    Checking^[[0m lock_api v0.4.14
test (windows-latest)	Run cargo clippy --all-targets --all-features -- -D warnings	2026-09-12T15:15:42.8011558Z ^[[1m^[[92m    Checking^[[0m anstyle-wincon v3.0.11
test (windows-latest)	Run cargo clippy --all-targets --all-features -- -D warnings	2026-09-12T15:15:42.9139182Z ^[[1m^[[92m    Checking^[[0m anstyle-parse v1.0.0
test (windows-latest)	Run cargo clippy --all-targets --all-features -- -D warnings	2026-09-12T15:15:43.1284377Z ^[[1m^[[92m    Checking^[[0m crypto-common v0.1.7
test (windows-latest)	Run cargo clippy --all-targets --all-features -- -D warnings	2026-09-12T15:15:43.1388015Z ^[[1m^[[92m    Checking^[[0m block-buffer v0.10.4
test (windows-latest)	Run cargo clippy --all-targets --all-features -- -D warnings	2026-09-12T15:15:43.1515568Z ^[[1m^[[92m   Compiling^[[0m libsqlite3-sys v0.35.0
test (windows-latest)	Run cargo clippy --all-targets --all-features -- -D warnings	2026-09-12T15:15:43.2223410Z ^[[1m^[[92m    Checking^[[0m anstyle-query v1.1.5
test (windows-latest)	Run cargo clippy --all-targets --all-features -- -D warnings	2026-09-12T15:15:43.2394585Z ^[[1m^[[92m   Compiling^[[0m serde v1.0.229
test (windows-latest)	Run cargo clippy --all-targets --all-features -- -D warnings	2026-09-12T15:15:43.2923685Z ^[[1m^[[92m   Compiling^[[0m instability v0.3.10
test (windows-latest)	Run cargo clippy --all-targets --all-features -- -D warnings	2026-09-12T15:15:43.4681281Z ^[[1m^[[92m    Checking^[[0m either v1.18.0
test (windows-latest)	Run cargo clippy --all-targets --all-features -- -D warnings	2026-09-12T15:15:43.5346145Z ^[[1m^[[92m    Checking^[[0m subtle v2.6.1
test (windows-latest)	Run cargo clippy --all-targets --all-features -- -D warnings	2026-09-12T15:15:43.5476426Z ^[[1m^[[92m    Checking^[[0m is_terminal_polyfill v1.70.2
test (windows-latest)	Run cargo clippy --all-targets --all-features -- -D warnings	2026-09-12T15:15:43.6015188Z ^[[1m^[[92m    Checking^[[0m colorchoice v1.0.5
test (windows-latest)	Run cargo clippy --all-targets --all-features -- -D warnings	2026-09-12T15:15:43.6419599Z ^[[1m^[[92m   Compiling^[[0m paste v1.0.15
test (windows-latest)	Run cargo clippy --all-targets --all-features -- -D warnings	2026-09-12T15:15:43.6614618Z ^[[1m^[[92m    Checking^[[0m bitflags v2.13.1
test (windows-latest)	Run cargo clippy --all-targets --all-features -- -D warnings	2026-09-12T15:15:43.6675164Z ^[[1m^[[92m   Compiling^[[0m serde_json v1.0.151
test (windows-latest)	Run cargo clippy --all-targets --all-features -- -D warnings	2026-09-12T15:15:43.8059494Z ^[[1m^[[92m   Compiling^[[0m ref-cast v1.0.27
test (windows-latest)	Run cargo clippy --all-targets --all-features -- -D warnings	2026-09-12T15:15:43.8802551Z ^[[1m^[[92m    Checking^[[0m itertools v0.13.0
test (windows-latest)	Run cargo clippy --all-targets --all-features -- -D warnings	2026-09-12T15:15:43.9100360Z ^[[1m^[[92m    Checking^[[0m anstream v1.0.0
test (windows-latest)	Run cargo clippy --all-targets --all-features -- -D warnings	2026-09-12T15:15:44.1467781Z ^[[1m^[[92m    Checking^[[0m digest v0.10.7
test (windows-latest)	Run cargo clippy --all-targets --all-features -- -D warnings	2026-09-12T15:15:44.3575115Z ^[[1m^[[92m    Checking^[[0m parking_lot v0.12.5
test (windows-latest)	Run cargo clippy --all-targets --all-features -- -D warnings	2026-09-12T15:15:44.3767659Z ^[[1m^[[92m   Compiling^[[0m darling_macro v0.20.11
test (windows-latest)	Run cargo clippy --all-targets --all-features -- -D warnings	2026-09-12T15:15:44.7170083Z ^[[1m^[[92m   Compiling^[[0m darling v0.20.11
test (windows-latest)	Run cargo clippy --all-targets --all-features -- -D warnings	2026-09-12T15:15:44.7699026Z ^[[1m^[[92m   Compiling^[[0m strum_macros v0.26.4
test (windows-latest)	Run cargo clippy --all-targets --all-features -- -D warnings	2026-09-12T15:15:45.0932203Z ^[[1m^[[92m   Compiling^[[0m ref-cast-impl v1.0.27
test (windows-latest)	Run cargo clippy --all-targets --all-features -- -D warnings	2026-09-12T15:15:45.0941815Z ^[[1m^[[92m   Compiling^[[0m serde_derive v1.0.229
test (windows-latest)	Run cargo clippy --all-targets --all-features -- -D warnings	2026-09-12T15:15:45.5329555Z ^[[1m^[[92m    Checking^[[0m crossterm_winapi v0.9.1
test (windows-latest)	Run cargo clippy --all-targets --all-features -- -D warnings	2026-09-12T15:15:45.6715503Z ^[[1m^[[92m   Compiling^[[0m serde_derive_internals v0.30.0
test (windows-latest)	Run cargo clippy --all-targets --all-features -- -D warnings	2026-09-12T15:15:46.6528486Z ^[[1m^[[92m    Checking^[[0m castaway v0.2.4
test (windows-latest)	Run cargo clippy --all-targets --all-features -- -D warnings	2026-09-12T15:15:46.7075454Z ^[[1m^[[92m    Checking^[[0m option-ext v0.2.0
test (windows-latest)	Run cargo clippy --all-targets --all-features -- -D warnings	2026-09-12T15:15:46.7224308Z ^[[1m^[[92m    Checking^[[0m unicode-segmentation v1.13.3
test (windows-latest)	Run cargo clippy --all-targets --all-features -- -D warnings	2026-09-12T15:15:46.7528684Z ^[[1m^[[92m    Checking^[[0m memchr v2.8.3
test (windows-latest)	Run cargo clippy --all-targets --all-features -- -D warnings	2026-09-12T15:15:47.0887068Z ^[[1m^[[92m    Checking^[[0m unicode-width v0.1.14
test (windows-latest)	Run cargo clippy --all-targets --all-features -- -D warnings	2026-09-12T15:15:47.2255558Z ^[[1m^[[92m    Checking^[[0m ryu v1.0.23
test (windows-latest)	Run cargo clippy --all-targets --all-features -- -D warnings	2026-09-12T15:15:47.2787571Z ^[[1m^[[92m    Checking^[[0m static_assertions v1.1.0
test (windows-latest)	Run cargo clippy --all-targets --all-features -- -D warnings	2026-09-12T15:15:47.3369684Z ^[[1m^[[92m    Checking^[[0m clap_lex v1.1.0
test (windows-latest)	Run cargo clippy --all-targets --all-features -- -D warnings	2026-09-12T15:15:47.4298656Z ^[[1m^[[92m   Compiling^[[0m thiserror v2.0.20
test (windows-latest)	Run cargo clippy --all-targets --all-features -- -D warnings	2026-09-12T15:15:47.4679296Z ^[[1m^[[92m   Compiling^[[0m indoc v2.0.7
test (windows-latest)	Run cargo clippy --all-targets --all-features -- -D warnings	2026-09-12T15:15:47.8159419Z ^[[1m^[[92m    Checking^[[0m clap_builder v4.6.6
test (windows-latest)	Run cargo clippy --all-targets --all-features -- -D warnings	2026-09-12T15:15:48.4817006Z ^[[1m^[[92m    Checking^[[0m compact_str v0.8.2
test (windows-latest)	Run cargo clippy --all-targets --all-features -- -D warnings	2026-09-12T15:15:48.9600113Z ^[[1m^[[92m    Checking^[[0m unicode-truncate v1.1.0
test (windows-latest)	Run cargo clippy --all-targets --all-features -- -D warnings	2026-09-12T15:15:49.0535145Z ^[[1m^[[92m    Checking^[[0m dirs-sys v0.5.0
test (windows-latest)	Run cargo clippy --all-targets --all-features -- -D warnings	2026-09-12T15:15:49.1139474Z ^[[1m^[[92m    Checking^[[0m strum v0.26.3
test (windows-latest)	Run cargo clippy --all-targets --all-features -- -D warnings	2026-09-12T15:15:49.1671442Z ^[[1m^[[92m   Compiling^[[0m schemars_derive v1.2.2
test (windows-latest)	Run cargo clippy --all-targets --all-features -- -D warnings	2026-09-12T15:15:49.2843849Z ^[[1m^[[92m    Checking^[[0m crossterm v0.28.1
test (windows-latest)	Run cargo clippy --all-targets --all-features -- -D warnings	2026-09-12T15:15:49.9075216Z ^[[1m^[[92m    Checking^[[0m uuid v1.26.0
test (windows-latest)	Run cargo clippy --all-targets --all-features -- -D warnings	2026-09-12T15:15:50.2531430Z ^[[1m^[[92m   Compiling^[[0m clap_derive v4.6.4
test (windows-latest)	Run cargo clippy --all-targets --all-features -- -D warnings	2026-09-12T15:15:50.3727274Z ^[[1m^[[92m   Compiling^[[0m thiserror-impl v2.0.20
test (windows-latest)	Run cargo clippy --all-targets --all-features -- -D warnings	2026-09-12T15:15:51.0754127Z ^[[1m^[[92m    Checking^[[0m lru v0.12.5
test (windows-latest)	Run cargo clippy --all-targets --all-features -- -D warnings	2026-09-12T15:15:51.2018070Z ^[[1m^[[92m    Checking^[[0m hashlink v0.10.0
test (windows-latest)	Run cargo clippy --all-targets --all-features -- -D warnings	2026-09-12T15:15:51.2090673Z ^[[1m^[[92m    Checking^[[0m cassowary v0.3.0
test (windows-latest)	Run cargo clippy --all-targets --all-features -- -D warnings	2026-09-12T15:15:51.4075647Z ^[[1m^[[92m    Checking^[[0m unicode-width v0.2.0
test (windows-latest)	Run cargo clippy --all-targets --all-features -- -D warnings	2026-09-12T15:15:51.4815995Z ^[[1m^[[92m    Checking^[[0m fallible-iterator v0.3.0
test (windows-latest)	Run cargo clippy --all-targets --all-features -- -D warnings	2026-09-12T15:15:51.6491629Z ^[[1m^[[92m    Checking^[[0m fallible-streaming-iterator v0.1.9
test (windows-latest)	Run cargo clippy --all-targets --all-features -- -D warnings	2026-09-12T15:15:51.7534014Z ^[[1m^[[92m    Checking^[[0m dyn-clone v1.0.20
test (windows-latest)	Run cargo clippy --all-targets --all-features -- -D warnings	2026-09-12T15:15:51.7968919Z ^[[1m^[[92m    Checking^[[0m cpufeatures v0.2.17
test (windows-latest)	Run cargo clippy --all-targets --all-features -- -D warnings	2026-09-12T15:15:51.8227475Z ^[[1m^[[92m    Checking^[[0m schemars v1.2.2
test (windows-latest)	Run cargo clippy --all-targets --all-features -- -D warnings	2026-09-12T15:15:51.8458913Z ^[[1m^[[92m    Checking^[[0m sha2 v0.10.9
test (windows-latest)	Run cargo clippy --all-targets --all-features -- -D warnings	2026-09-12T15:15:51.9615707Z ^[[1m^[[92m    Checking^[[0m rusqlite v0.37.0
test (windows-latest)	Run cargo clippy --all-targets --all-features -- -D warnings	2026-09-12T15:15:52.1782977Z ^[[1m^[[92m    Checking^[[0m ratatui v0.29.0
test (windows-latest)	Run cargo clippy --all-targets --all-features -- -D warnings	2026-09-12T15:15:52.4006766Z ^[[1m^[[92m    Checking^[[0m clap v4.6.6
test (windows-latest)	Run cargo clippy --all-targets --all-features -- -D warnings	2026-09-12T15:15:52.4610905Z ^[[1m^[[92m    Checking^[[0m directories v6.0.0
test (windows-latest)	Run cargo clippy --all-targets --all-features -- -D warnings	2026-09-12T15:15:52.5736743Z ^[[1m^[[92m    Checking^[[0m hmac v0.12.1
test (windows-latest)	Run cargo clippy --all-targets --all-features -- -D warnings	2026-09-12T15:15:52.5746502Z ^[[1m^[[92m    Checking^[[0m fs2 v0.4.3
test (windows-latest)	Run cargo clippy --all-targets --all-features -- -D warnings	2026-09-12T15:15:52.6637169Z ^[[1m^[[92m    Checking^[[0m libloading v0.8.9
test (windows-latest)	Run cargo clippy --all-targets --all-features -- -D warnings	2026-09-12T15:15:52.6657153Z ^[[1m^[[92m    Checking^[[0m fastrand v2.5.0
test (windows-latest)	Run cargo clippy --all-targets --all-features -- -D warnings	2026-09-12T15:15:52.7793021Z ^[[1m^[[92m    Checking^[[0m once_cell v1.21.4
test (windows-latest)	Run cargo clippy --all-targets --all-features -- -D warnings	2026-09-12T15:15:52.9164061Z ^[[1m^[[92m    Checking^[[0m tempfile v3.27.0
test (windows-latest)	Run cargo clippy --all-targets --all-features -- -D warnings	2026-09-12T15:15:53.5733838Z ^[[1m^[[92m    Checking^[[0m stillyard v0.1.0-alpha.20 (D:\a\stillyard\stillyard)
test (windows-latest)	Run cargo clippy --all-targets --all-features -- -D warnings	2026-09-12T15:16:05.5217395Z ^[[1m^[[92m    Finished^[[0m `dev` profile [unoptimized + debuginfo] target(s) in 55.16s
test (windows-latest)	Run cargo test --all-features	﻿2026-09-12T15:16:05.6714590Z ##[group]Run cargo test --all-features
test (windows-latest)	Run cargo test --all-features	2026-09-12T15:16:05.6714933Z ^[[36;1mcargo test --all-features^[[0m
test (windows-latest)	Run cargo test --all-features	2026-09-12T15:16:05.6768158Z shell: C:\Program Files\PowerShell\7\pwsh.EXE -command ". '{0}'"
test (windows-latest)	Run cargo test --all-features	2026-09-12T15:16:05.6768438Z env:
test (windows-latest)	Run cargo test --all-features	2026-09-12T15:16:05.6768600Z   CARGO_HOME: C:\Users\runneradmin\.cargo
test (windows-latest)	Run cargo test --all-features	2026-09-12T15:16:05.6768831Z   CARGO_INCREMENTAL: 0
test (windows-latest)	Run cargo test --all-features	2026-09-12T15:16:05.6768996Z   CARGO_TERM_COLOR: always
test (windows-latest)	Run cargo test --all-features	2026-09-12T15:16:05.6770609Z   INCLUDE: C:\Program Files\Microsoft Visual Studio\18\Enterprise\VC\Tools\MSVC\14.51.36231\include;C:\Program Files\Microsoft Visual Studio\18\Enterprise\VC\Tools\MSVC\14.51.36231\ATLMFC\include;C:\Program Files\Microsoft Visual Studio\18\Enterprise\VC\Auxiliary\VS\include;C:\Program Files (x86)\Windows Kits\10\include\10.0.26100.0\ucrt;C:\Program Files (x86)\Windows Kits\10\\include\10.0.26100.0\\um;C:\Program Files (x86)\Windows Kits\10\\include\10.0.26100.0\\shared;C:\Program Files (x86)\Windows Kits\10\\include\10.0.26100.0\\winrt;C:\Program Files (x86)\Windows Kits\10\\include\10.0.26100.0\\cppwinrt;C:\Program Files (x86)\Windows Kits\NETFXSDK\4.8.1\include\um
test (windows-latest)	Run cargo test --all-features	2026-09-12T15:16:05.6772976Z   LIB: C:\Program Files\Microsoft Visual Studio\18\Enterprise\VC\Tools\MSVC\14.51.36231\ATLMFC\lib\x64;C:\Program Files\Microsoft Visual Studio\18\Enterprise\VC\Tools\MSVC\14.51.36231\lib\x64;C:\Program Files (x86)\Windows Kits\NETFXSDK\4.8.1\lib\um\x64;C:\Program Files (x86)\Windows Kits\10\lib\10.0.26100.0\ucrt\x64;C:\Program Files (x86)\Windows Kits\10\\lib\10.0.26100.0\\um\x64
test (windows-latest)	Run cargo test --all-features	2026-09-12T15:16:05.6775106Z   LIBPATH: C:\Program Files\Microsoft Visual Studio\18\Enterprise\VC\Tools\MSVC\14.51.36231\ATLMFC\lib\x64;C:\Program Files\Microsoft Visual Studio\18\Enterprise\VC\Tools\MSVC\14.51.36231\lib\x64;C:\Program Files\Microsoft Visual Studio\18\Enterprise\VC\Tools\MSVC\14.51.36231\lib\x86\store\references;C:\Program Files (x86)\Windows Kits\10\UnionMetadata\10.0.26100.0;C:\Program Files (x86)\Windows Kits\10\References\10.0.26100.0;C:\Windows\Microsoft.NET\Framework64\v4.0.30319
test (windows-latest)	Run cargo test --all-features	2026-09-12T15:16:05.6787164Z   Path: C:\Program Files\Microsoft Visual Studio\18\Enterprise\VC\Tools\MSVC\14.51.36231\bin\HostX64\x64;C:\Program Files\Microsoft Visual Studio\18\Enterprise\Common7\IDE\VC\VCPackages;C:\Program Files\Microsoft Visual Studio\18\Enterprise\Common7\IDE\CommonExtensions\Microsoft\TestWindow;C:\Program Files\Microsoft Visual Studio\18\Enterprise\Common7\IDE\CommonExtensions\Microsoft\TeamFoundation\Team Explorer;C:\Program Files\Microsoft Visual Studio\18\Enterprise\MSBuild\Current\bin\Roslyn;C:\Program Files (x86)\Microsoft SDKs\Windows\v10.0A\bin\NETFX 4.8.1 Tools\x64\;C:\Program Files (x86)\HTML Help Workshop;C:\Program Files\Microsoft Visual Studio\18\Enterprise\Common7\IDE\CommonExtensions\Microsoft\FSharp\Tools;C:\Program Files\Microsoft Visual Studio\18\Enterprise\Team Tools\DiagnosticsHub\Collector;C:\Program Files\Microsoft Visual Studio\18\Enterprise\Common7\IDE\Extensions\Microsoft\CodeCoverage.Console;C:\Program Files (x86)\Windows Kits\10\bin\10.0.26100.0\\x64;C:\Program Files (x86)\Windows Kits\10\bin\\x64;C:\Program Files\Microsoft Visual Studio\18\Enterprise\\MSBuild\Current\Bin\amd64;C:\Windows\Microsoft.NET\Framework64\v4.0.30319;C:\Program Files\Microsoft Visual Studio\18\Enterprise\Common7\IDE\;C:\Program Files\Microsoft Visual Studio\18\Enterprise\Common7\Tools\;C:\Program Files\PowerShell\7;C:\Program Files\MongoDB\Server\7.0\bin;C:\vcpkg;C:\tools\zstd;C:\hostedtoolcache\windows\stack\3.11.1\x64;C:\cabal\bin;C:\\ghcup\bin;C:\mingw64\bin;C:\Program Files\dotnet;C:\Program Files\MySQL\MySQL Server 8.0\bin;C:\Program Files\R\R-4.6.1\bin\x64;C:\SeleniumWebDrivers\GeckoDriver;C:\SeleniumWebDrivers\EdgeDriver\;C:\SeleniumWebDrivers\ChromeDriver;C:\Program Files (x86)\sbt\bin;C:\Program Files (x86)\GitHub CLI;C:\Program Files\Git\bin;C:\Program Files (x86)\pipx_bin;C:\npm\prefix;C:\hostedtoolcache\windows\go\1.24.13\x64\bin;C:\hostedtoolcache\windows\Python\3.12.10\x64\Scripts;C:\hostedtoolcache\windows\Python\3.12.10\x64;C:\hostedtoolcache\windows\Ruby\3.3.12\x64\bin;C:\Program Files\OpenSSL\bin;C:\tools\kotlinc\bin;C:\hostedtoolcache\windows\Java_Temurin-Hotspot_jdk\17.0.20-101\x64\bin;C:\Program Files\ImageMagick-7.1.2-Q16-HDRI;C:\Program Files\Microsoft SDKs\Azure\CLI2\wbin;C:\ProgramData\kind;C:\ProgramData\Chocolatey\bin;C:\Windows\system32;C:\Windows;C:\Windows\System32\Wbem;C:\Windows\System32\WindowsPowerShell\v1.0\;C:\Windows\System32\OpenSSH\;C:\Program Files\PowerShell\7\;C:\Program Files\Microsoft\Web Platform Installer\;C:\Program Files\Microsoft SQL Server\170\Tools\Binn\;C:\Program Files\Microsoft SQL Server\Client SDK\ODBC\170\Tools\Binn\;C:\Program Files\dotnet\;C:\Program Files (x86)\Windows Kits\10\Windows Performance Toolkit\;C:\Program Files (x86)\WiX Toolset v3.14\bin;C:\Program Files\Microsoft SQL Server\130\DTS\Binn\;C:\Program Files\Microsoft SQL Server\140\DTS\Binn\;C:\Program Files\Microsoft SQL Server\150\DTS\Binn\;C:\Program Files\Microsoft SQL Server\160\DTS\Binn\;C:\Program Files\Microsoft SQL Server\170\DTS\Binn\;C:\ProgramData\chocolatey\lib\pulumi\tools\Pulumi\bin;C:\Program Files\CMake\bin;C:\Strawberry\c\bin;C:\Strawberry\perl\site\bin;C:\Strawberry\perl\bin;C:\ProgramData\chocolatey\lib\maven\apache-maven-3.9.16\bin;C:\Program Files\Microsoft Service Fabric\bin\Fabric\Fabric.Code;C:\Program Files\Microsoft SDKs\Service Fabric\Tools\ServiceFabricLocalClusterManager;C:\Program Files\nodejs\;C:\Program Files\Git\cmd;C:\Program Files\Git\mingw64\bin;C:\Program Files\Git\usr\bin;C:\Program Files\GitHub CLI\;c:\tools\php;C:\Program Files (x86)\sbt\bin;C:\Program Files\Amazon\AWSCLIV2\;C:\Program Files\Amazon\SessionManagerPlugin\bin\;C:\Program Files\Amazon\AWSSAMCLI\bin\;C:\Program Files\Microsoft SQL Server\130\Tools\Binn\;C:\Program Files\mongosh\;C:\Program Files\LLVM\bin;C:\Program Files (x86)\LLVM\bin;C:\Users\runneradmin\.dotnet\tools;C:\Users\runneradmin\.cargo\bin;C:\Users\runneradmin\AppData\Local\Microsoft\WindowsApps;C:\Program Files\Microsoft Visual Studio\18\Enterprise\VC\Tools\Llvm\x64\bin;C:\Program Files\Microsoft Visual Studio\18\Enterprise\Common7\IDE\CommonExtensions\Microsoft\CMake\CMake\bin;C:\Program Files\Microsoft Visual Studio\18\Enterprise\Common7\IDE\CommonExtensions\Microsoft\CMake\Ninja;C:\Program Files\Microsoft Visual Studio\18\Enterprise\Common7\IDE\VC\Linux\bin\ConnectionManagerExe;C:\Program Files\Microsoft Visual Studio\18\Enterprise\VC\vcpkg
test (windows-latest)	Run cargo test --all-features	2026-09-12T15:16:05.6799751Z ##[endgroup]
test (windows-latest)	Run cargo test --all-features	2026-09-12T15:16:06.0925853Z ^[[1m^[[92m   Compiling^[[0m windows-link v0.2.1
test (windows-latest)	Run cargo test --all-features	2026-09-12T15:16:06.0926916Z ^[[1m^[[92m   Compiling^[[0m cfg-if v1.0.4
test (windows-latest)	Run cargo test --all-features	2026-09-12T15:16:06.0936152Z ^[[1m^[[92m   Compiling^[[0m strsim v0.11.1
test (windows-latest)	Run cargo test --all-features	2026-09-12T15:16:06.0939655Z ^[[1m^[[92m   Compiling^[[0m typenum v1.20.1
test (windows-latest)	Run cargo test --all-features	2026-09-12T15:16:06.1770181Z ^[[1m^[[92m   Compiling^[[0m windows-sys v0.61.2
test (windows-latest)	Run cargo test --all-features	2026-09-12T15:16:06.1776305Z ^[[1m^[[92m   Compiling^[[0m allocator-api2 v0.2.21
test (windows-latest)	Run cargo test --all-features	2026-09-12T15:16:06.5313203Z ^[[1m^[[92m   Compiling^[[0m smallvec v1.15.2
test (windows-latest)	Run cargo test --all-features	2026-09-12T15:16:06.7296402Z ^[[1m^[[92m   Compiling^[[0m foldhash v0.1.5
test (windows-latest)	Run cargo test --all-features	2026-09-12T15:16:06.7437374Z ^[[1m^[[92m   Compiling^[[0m equivalent v1.0.2
test (windows-latest)	Run cargo test --all-features	2026-09-12T15:16:06.7960321Z ^[[1m^[[92m   Compiling^[[0m darling_core v0.20.11
test (windows-latest)	Run cargo test --all-features	2026-09-12T15:16:06.9175511Z ^[[1m^[[92m   Compiling^[[0m hashbrown v0.15.5
test (windows-latest)	Run cargo test --all-features	2026-09-12T15:16:07.0684021Z ^[[1m^[[92m   Compiling^[[0m generic-array v0.14.7
test (windows-latest)	Run cargo test --all-features	2026-09-12T15:16:07.5779947Z ^[[1m^[[92m   Compiling^[[0m serde_core v1.0.229
test (windows-latest)	Run cargo test --all-features	2026-09-12T15:16:07.7215949Z ^[[1m^[[92m   Compiling^[[0m winapi v0.3.9
test (windows-latest)	Run cargo test --all-features	2026-09-12T15:16:10.0641730Z ^[[1m^[[92m   Compiling^[[0m itoa v1.0.18
test (windows-latest)	Run cargo test --all-features	2026-09-12T15:16:10.2088209Z ^[[1m^[[92m   Compiling^[[0m anstyle v1.0.14
test (windows-latest)	Run cargo test --all-features	2026-09-12T15:16:10.2479968Z ^[[1m^[[92m   Compiling^[[0m utf8parse v0.2.2
test (windows-latest)	Run cargo test --all-features	2026-09-12T15:16:10.3209779Z ^[[1m^[[92m   Compiling^[[0m once_cell_polyfill v1.70.2
test (windows-latest)	Run cargo test --all-features	2026-09-12T15:16:10.3965131Z ^[[1m^[[92m   Compiling^[[0m scopeguard v1.2.0
test (windows-latest)	Run cargo test --all-features	2026-09-12T15:16:10.4059401Z ^[[1m^[[92m   Compiling^[[0m anstyle-parse v1.0.0
test (windows-latest)	Run cargo test --all-features	2026-09-12T15:16:10.4322308Z ^[[1m^[[92m   Compiling^[[0m darling_macro v0.20.11
test (windows-latest)	Run cargo test --all-features	2026-09-12T15:16:10.4629160Z ^[[1m^[[92m   Compiling^[[0m lock_api v0.4.14
test (windows-latest)	Run cargo test --all-features	2026-09-12T15:16:10.5716774Z ^[[1m^[[92m   Compiling^[[0m crypto-common v0.1.7
test (windows-latest)	Run cargo test --all-features	2026-09-12T15:16:10.6684176Z ^[[1m^[[92m   Compiling^[[0m block-buffer v0.10.4
test (windows-latest)	Run cargo test --all-features	2026-09-12T15:16:10.7431246Z ^[[1m^[[92m   Compiling^[[0m getrandom v0.4.3
test (windows-latest)	Run cargo test --all-features	2026-09-12T15:16:10.7879607Z ^[[1m^[[92m   Compiling^[[0m parking_lot_core v0.9.12
test (windows-latest)	Run cargo test --all-features	2026-09-12T15:16:10.8162361Z ^[[1m^[[92m   Compiling^[[0m is_terminal_polyfill v1.70.2
test (windows-latest)	Run cargo test --all-features	2026-09-12T15:16:10.8732562Z ^[[1m^[[92m   Compiling^[[0m bitflags v2.13.1
test (windows-latest)	Run cargo test --all-features	2026-09-12T15:16:10.9168489Z ^[[1m^[[92m   Compiling^[[0m either v1.18.0
test (windows-latest)	Run cargo test --all-features	2026-09-12T15:16:11.1233355Z ^[[1m^[[92m   Compiling^[[0m subtle v2.6.1
test (windows-latest)	Run cargo test --all-features	2026-09-12T15:16:11.1617010Z ^[[1m^[[92m   Compiling^[[0m colorchoice v1.0.5
test (windows-latest)	Run cargo test --all-features	2026-09-12T15:16:11.1640194Z ^[[1m^[[92m   Compiling^[[0m itertools v0.13.0
test (windows-latest)	Run cargo test --all-features	2026-09-12T15:16:11.2405162Z ^[[1m^[[92m   Compiling^[[0m digest v0.10.7
test (windows-latest)	Run cargo test --all-features	2026-09-12T15:16:11.2441526Z ^[[1m^[[92m   Compiling^[[0m parking_lot v0.12.5
test (windows-latest)	Run cargo test --all-features	2026-09-12T15:16:11.4573369Z ^[[1m^[[92m   Compiling^[[0m darling v0.20.11
test (windows-latest)	Run cargo test --all-features	2026-09-12T15:16:11.5213962Z ^[[1m^[[92m   Compiling^[[0m zmij v1.0.23
test (windows-latest)	Run cargo test --all-features	2026-09-12T15:16:11.8838596Z ^[[1m^[[92m   Compiling^[[0m crossterm_winapi v0.9.1
test (windows-latest)	Run cargo test --all-features	2026-09-12T15:16:11.9210703Z ^[[1m^[[92m   Compiling^[[0m castaway v0.2.4
test (windows-latest)	Run cargo test --all-features	2026-09-12T15:16:12.0035716Z ^[[1m^[[92m   Compiling^[[0m ryu v1.0.23
test (windows-latest)	Run cargo test --all-features	2026-09-12T15:16:12.1955623Z ^[[1m^[[92m   Compiling^[[0m static_assertions v1.1.0
test (windows-latest)	Run cargo test --all-features	2026-09-12T15:16:12.2456273Z ^[[1m^[[92m   Compiling^[[0m option-ext v0.2.0
test (windows-latest)	Run cargo test --all-features	2026-09-12T15:16:12.2664740Z ^[[1m^[[92m   Compiling^[[0m unicode-segmentation v1.13.3
test (windows-latest)	Run cargo test --all-features	2026-09-12T15:16:12.3040849Z ^[[1m^[[92m   Compiling^[[0m clap_lex v1.1.0
test (windows-latest)	Run cargo test --all-features	2026-09-12T15:16:12.5988827Z ^[[1m^[[92m   Compiling^[[0m anstyle-wincon v3.0.11
test (windows-latest)	Run cargo test --all-features	2026-09-12T15:16:12.7752215Z ^[[1m^[[92m   Compiling^[[0m anstyle-query v1.1.5
test (windows-latest)	Run cargo test --all-features	2026-09-12T15:16:12.8143345Z ^[[1m^[[92m   Compiling^[[0m memchr v2.8.3
test (windows-latest)	Run cargo test --all-features	2026-09-12T15:16:12.8815139Z ^[[1m^[[92m   Compiling^[[0m anstream v1.0.0
test (windows-latest)	Run cargo test --all-features	2026-09-12T15:16:12.9220736Z ^[[1m^[[92m   Compiling^[[0m unicode-width v0.1.14
test (windows-latest)	Run cargo test --all-features	2026-09-12T15:16:13.1844785Z ^[[1m^[[92m   Compiling^[[0m unicode-truncate v1.1.0
test (windows-latest)	Run cargo test --all-features	2026-09-12T15:16:13.2996152Z ^[[1m^[[92m   Compiling^[[0m clap_builder v4.6.6
test (windows-latest)	Run cargo test --all-features	2026-09-12T15:16:13.3268110Z ^[[1m^[[92m   Compiling^[[0m serde_json v1.0.151
test (windows-latest)	Run cargo test --all-features	2026-09-12T15:16:13.5925513Z ^[[1m^[[92m   Compiling^[[0m dirs-sys v0.5.0
test (windows-latest)	Run cargo test --all-features	2026-09-12T15:16:13.7003906Z ^[[1m^[[92m   Compiling^[[0m instability v0.3.10
test (windows-latest)	Run cargo test --all-features	2026-09-12T15:16:13.8759576Z ^[[1m^[[92m   Compiling^[[0m compact_str v0.8.2
test (windows-latest)	Run cargo test --all-features	2026-09-12T15:16:14.3658207Z ^[[1m^[[92m   Compiling^[[0m crossterm v0.28.1
test (windows-latest)	Run cargo test --all-features	2026-09-12T15:16:14.7780167Z ^[[1m^[[92m   Compiling^[[0m ref-cast v1.0.27
test (windows-latest)	Run cargo test --all-features	2026-09-12T15:16:14.8459161Z ^[[1m^[[92m   Compiling^[[0m serde v1.0.229
test (windows-latest)	Run cargo test --all-features	2026-09-12T15:16:15.1159752Z ^[[1m^[[92m   Compiling^[[0m strum v0.26.3
test (windows-latest)	Run cargo test --all-features	2026-09-12T15:16:15.2161496Z ^[[1m^[[92m   Compiling^[[0m libsqlite3-sys v0.35.0
test (windows-latest)	Run cargo test --all-features	2026-09-12T15:16:15.4643756Z ^[[1m^[[92m   Compiling^[[0m uuid v1.26.0
test (windows-latest)	Run cargo test --all-features	2026-09-12T15:16:15.5433741Z ^[[1m^[[92m   Compiling^[[0m lru v0.12.5
test (windows-latest)	Run cargo test --all-features	2026-09-12T15:16:15.7093053Z ^[[1m^[[92m   Compiling^[[0m hashlink v0.10.0
test (windows-latest)	Run cargo test --all-features	2026-09-12T15:16:15.8537363Z ^[[1m^[[92m   Compiling^[[0m dyn-clone v1.0.20
test (windows-latest)	Run cargo test --all-features	2026-09-12T15:16:15.9645220Z ^[[1m^[[92m   Compiling^[[0m cpufeatures v0.2.17
test (windows-latest)	Run cargo test --all-features	2026-09-12T15:16:16.0118797Z ^[[1m^[[92m   Compiling^[[0m cassowary v0.3.0
test (windows-latest)	Run cargo test --all-features	2026-09-12T15:16:16.0208606Z ^[[1m^[[92m   Compiling^[[0m fallible-iterator v0.3.0
test (windows-latest)	Run cargo test --all-features	2026-09-12T15:16:16.1190509Z ^[[1m^[[92m   Compiling^[[0m fallible-streaming-iterator v0.1.9
test (windows-latest)	Run cargo test --all-features	2026-09-12T15:16:16.2628953Z ^[[1m^[[92m   Compiling^[[0m unicode-width v0.2.0
test (windows-latest)	Run cargo test --all-features	2026-09-12T15:16:16.3624904Z ^[[1m^[[92m   Compiling^[[0m rusqlite v0.37.0
test (windows-latest)	Run cargo test --all-features	2026-09-12T15:16:16.5198419Z ^[[1m^[[92m   Compiling^[[0m ratatui v0.29.0
test (windows-latest)	Run cargo test --all-features	2026-09-12T15:16:16.8877299Z ^[[1m^[[92m   Compiling^[[0m sha2 v0.10.9
test (windows-latest)	Run cargo test --all-features	2026-09-12T15:16:17.4227038Z ^[[1m^[[92m   Compiling^[[0m schemars v1.2.2
test (windows-latest)	Run cargo test --all-features	2026-09-12T15:16:18.4917353Z ^[[1m^[[92m   Compiling^[[0m thiserror v2.0.20
test (windows-latest)	Run cargo test --all-features	2026-09-12T15:16:18.5670770Z ^[[1m^[[92m   Compiling^[[0m clap v4.6.6
test (windows-latest)	Run cargo test --all-features	2026-09-12T15:16:18.6318579Z ^[[1m^[[92m   Compiling^[[0m directories v6.0.0
test (windows-latest)	Run cargo test --all-features	2026-09-12T15:16:18.8523226Z ^[[1m^[[92m   Compiling^[[0m hmac v0.12.1
test (windows-latest)	Run cargo test --all-features	2026-09-12T15:16:19.0787625Z ^[[1m^[[92m   Compiling^[[0m fs2 v0.4.3
test (windows-latest)	Run cargo test --all-features	2026-09-12T15:16:19.2876472Z ^[[1m^[[92m   Compiling^[[0m libloading v0.8.9
test (windows-latest)	Run cargo test --all-features	2026-09-12T15:16:19.5388474Z ^[[1m^[[92m   Compiling^[[0m fastrand v2.5.0
test (windows-latest)	Run cargo test --all-features	2026-09-12T15:16:19.7673243Z ^[[1m^[[92m   Compiling^[[0m once_cell v1.21.4
test (windows-latest)	Run cargo test --all-features	2026-09-12T15:16:19.8175987Z ^[[1m^[[92m   Compiling^[[0m stillyard v0.1.0-alpha.20 (D:\a\stillyard\stillyard)
test (windows-latest)	Run cargo test --all-features	2026-09-12T15:16:19.9733116Z ^[[1m^[[92m   Compiling^[[0m tempfile v3.27.0
test (windows-latest)	Run cargo test --all-features	2026-09-12T15:17:06.9262423Z ^[[1m^[[92m    Finished^[[0m `test` profile [unoptimized + debuginfo] target(s) in 1m 01s
test (windows-latest)	Run cargo test --all-features	2026-09-12T15:17:06.9354686Z ^[[1m^[[92m     Running^[[0m unittests src\lib.rs (target\debug\deps\stillyard-7ae8bffc447c6658.exe)
test (windows-latest)	Run cargo test --all-features	2026-09-12T15:17:06.9488092Z 
test (windows-latest)	Run cargo test --all-features	2026-09-12T15:17:06.9488401Z running 304 tests
test (windows-latest)	Run cargo test --all-features	2026-09-12T15:17:06.9525344Z test admission::scoped::tests::missing_budget_is_not_zero_and_cycles_never_expand ... ok
test (windows-latest)	Run cargo test --all-features	2026-09-12T15:17:06.9526188Z test admission::scoped::tests::aliases_share_physical_capacity_but_fences_are_domain_local ... ok
test (windows-latest)	Run cargo test --all-features	2026-09-12T15:17:06.9527249Z test admission::scoped::tests::hierarchy_counts_each_constraint_once_and_rejects_full_vector ... ok
test (windows-latest)	Run cargo test --all-features	2026-09-12T15:17:06.9528856Z test admission::scoped::tests::scoped_reservations_convert_whole_vectors_and_accounting_rejects_overflow ... ok
test (windows-latest)	Run cargo test --all-features	2026-09-12T15:17:06.9530072Z test api::tests::managed_execution_value_constructors_use_safe_defaults ... ok
test (windows-latest)	Run cargo test --all-features	2026-09-12T15:17:06.9533045Z test api::tests::cursors_have_stable_cli_round_trips ... ok
test (windows-latest)	Run cargo test --all-features	2026-09-12T15:17:06.9534596Z test api::tests::incident_cursor_is_store_scoped_and_stable ... ok
test (windows-latest)	Run cargo test --all-features	2026-09-12T15:17:06.9535550Z test api::tests::linux_process_identity_is_typed_and_requires_complete_kernel_evidence ... ok
test (windows-latest)	Run cargo test --all-features	2026-09-12T15:17:06.9536308Z test api::tests::unknown_safety_values_round_trip_without_authority ... ok
test (windows-latest)	Run cargo test --all-features	2026-09-12T15:17:06.9536983Z test api::tests::scheduler_events_accept_additive_wire_evolution ... ok
test (windows-latest)	Run cargo test --all-features	2026-09-12T15:17:07.2131113Z test authority::tests::legacy_hold_inventory_reports_missing_cleanup_reservation_before_release ... ok
test (windows-latest)	Run cargo test --all-features	2026-09-12T15:17:07.2438838Z test authority::tests::exact_replay_never_rearms_a_retired_hold_and_conflict_rejects ... ok
test (windows-latest)	Run cargo test --all-features	2026-09-12T15:17:07.3518304Z test authority::tests::missing_and_lost_history_never_implies_free_capacity ... ok
test (windows-latest)	Run cargo test --all-features	2026-09-12T15:17:07.4166129Z test authority::retirement::tests::missing_or_changed_pending_retirement_audit_keeps_authority_closed ... ok
test (windows-latest)	Run cargo test --all-features	2026-09-12T15:17:07.5017519Z test authority::tests::syntactically_valid_corruption_and_failed_publication_close_admission ... ok
test (windows-latest)	Run cargo test --all-features	2026-09-12T15:17:07.7366515Z test authority::topology_tests::continuous_legacy_registry_gets_stable_domains_without_releasing_obligations ... ok
test (windows-latest)	Run cargo test --all-features	2026-09-12T15:17:07.7835723Z test authority::topology_tests::missing_database_uuid_cannot_rebind_continuous_authority_as_empty ... ok
test (windows-latest)	Run cargo test --all-features	2026-09-12T15:17:07.8538979Z test client::tests::accepted_batch_refresh_pins_the_complete_member_identity ... ok
test (windows-latest)	Run cargo test --all-features	2026-09-12T15:17:07.9260560Z test authority::topology_tests::reset_gate_survives_both_crash_sides_and_preserves_predecessor_identity ... ok
test (windows-latest)	Run cargo test --all-features	2026-09-12T15:17:07.9463907Z test client::tests::accepted_refresh_uses_stable_identity_and_keeps_the_durable_receipt ... ok
test (windows-latest)	Run cargo test --all-features	2026-09-12T15:17:07.9466288Z test client::tests::doctor_complete_distinguishes_deadline_and_cancellation_before_connecting ... ok
test (windows-latest)	Run cargo test --all-features	2026-09-12T15:17:07.9913736Z test client::tests::ensure_result_file_claim_is_atomic_and_reports_payload_conflict_without_overwrite ... ok
test (windows-latest)	Run cargo test --all-features	2026-09-12T15:17:08.0063910Z 
test (windows-latest)	Run cargo test --all-features	2026-09-12T15:17:08.0064213Z running 1 test
test (windows-latest)	Run cargo test --all-features	2026-09-12T15:17:08.0369161Z test client::tests::ensure_result_file_lock_obeys_the_client_deadline ... ok
test (windows-latest)	Run cargo test --all-features	2026-09-12T15:17:08.0506678Z test client::tests::ensure_unknown_is_a_typed_fail_closed_outcome_without_transport_replay ... ok
test (windows-latest)	Run cargo test --all-features	2026-09-12T15:17:08.0509333Z test client::tests::every_result_file_identity_discriminant_blocks_replay ... ok
test (windows-latest)	Run cargo test --all-features	2026-09-12T15:17:08.0511443Z test client::tests::explicit_and_inherited_client_endpoints_are_connect_only ... ok
test (windows-latest)	Run cargo test --all-features	2026-09-12T15:17:08.0515852Z test client::tests::explicit_windows_endpoints_are_local_single_component_pipe_names ... ok
test (windows-latest)	Run cargo test --all-features	2026-09-12T15:17:08.0519347Z test client::tests::incomplete_managed_environment_fails_even_for_another_endpoint ... ok
test (windows-latest)	Run cargo test --all-features	2026-09-12T15:17:08.0522453Z test client::tests::interrupted_passthrough_stops_at_a_quiescent_unclaimed_prefix ... ok
test (windows-latest)	Run cargo test --all-features	2026-09-12T15:17:08.0526182Z test client::tests::managed_coordinates_are_scoped_to_the_inherited_endpoint ... ok
test (windows-latest)	Run cargo test --all-features	2026-09-12T15:17:08.5410878Z test client::tests::only_exact_managed_not_received_receipt_authorizes_result_file_reuse ... ok
test (windows-latest)	Run cargo test --all-features	2026-09-12T15:17:08.5521030Z test client::tests::recover_missing_result_file_does_not_create_it ... ok
test (windows-latest)	Run cargo test --all-features	2026-09-12T15:17:08.5753790Z test client::tests::recovery_accepts_a_case_variant_of_the_same_windows_endpoint ... ok
test (windows-latest)	Run cargo test --all-features	2026-09-12T15:17:08.6088956Z test client::tests::recovery_rejects_a_foreign_endpoint_without_touching_the_receipt ... ok
test (windows-latest)	Run cargo test --all-features	2026-09-12T15:17:08.6092499Z test client::tests::response_errors_preserve_known_wire_rejections ... ok
test (windows-latest)	Run cargo test --all-features	2026-09-12T15:17:08.6909501Z test client::tests::result_file_fresh_create_is_atomic_and_never_overwrites ... ok
test (windows-latest)	Run cargo test --all-features	2026-09-12T15:17:08.6910497Z test client::tests::result_file_lock_holder_helper ... ignored, launched as a cross-process result-file lock holder
test (windows-latest)	Run cargo test --all-features	2026-09-12T15:17:08.7766063Z test client::tests::stale_recovery_cannot_overwrite_a_concurrent_accepted_receipt ... ok
test (windows-latest)	Run cargo test --all-features	2026-09-12T15:17:08.8304877Z test client::tests::unknown_recovery_preserves_the_last_durable_receipt ... ok
test (windows-latest)	Run cargo test --all-features	2026-09-12T15:17:08.8338279Z test client::tests::unmanaged_client_selects_the_public_default_endpoint ... ok
test (windows-latest)	Run cargo test --all-features	2026-09-12T15:17:08.8341102Z test client::tests::wait_aggregate_uses_the_worst_terminal_outcome ... ok
test (windows-latest)	Run cargo test --all-features	2026-09-12T15:17:08.8344294Z test daemon::tests::boot_change_is_proof_only_for_a_prior_generation ... ok
test (windows-latest)	Run cargo test --all-features	2026-09-12T15:17:09.1754396Z test client::tests::busy_native_pipe_waits_once_until_deadline_without_polling ... ok
test (windows-latest)	Run cargo test --all-features	2026-09-12T15:17:09.1765677Z test daemon::tests::endpoint_lease_is_exclusive_and_released_with_its_handle ... ok
test (windows-latest)	Run cargo test --all-features	2026-09-12T15:17:09.1768092Z test daemon::tests::explicit_instance_tuple_accepts_only_both_coordinates_or_neither ... ok
test (windows-latest)	Run cargo test --all-features	2026-09-12T15:17:09.1771762Z test daemon::tests::first_pipe_instance_is_exclusive_and_released_with_its_handle ... ok
test (windows-latest)	Run cargo test --all-features	2026-09-12T15:17:09.1774724Z test daemon::tests::force_authorization_fails_closed_for_roots_and_missing_handles ... ok
test (windows-latest)	Run cargo test --all-features	2026-09-12T15:17:09.1776728Z test daemon::tests::missing_handle_never_downgrades_a_possible_managed_peer_to_unmanaged ... ok
test (windows-latest)	Run cargo test --all-features	2026-09-12T15:17:09.1778957Z test daemon::tests::nested_membership_selects_the_unique_immediate_containment ... ok
test (windows-latest)	Run cargo test --all-features	2026-09-12T15:17:09.1780820Z test daemon::tests::peer_inside_disabled_primary_is_authenticated_not_downgraded_to_unmanaged ... ok
test (windows-latest)	Run cargo test --all-features	2026-09-12T15:17:09.1782616Z test daemon::tests::peer_inside_root_exited_or_uncertain_containment_is_rejected ... ok
test (windows-latest)	Run cargo test --all-features	2026-09-12T15:17:09.1784576Z test daemon::tests::peer_membership_derives_one_enabled_parent_and_rejects_ambiguity ... ok
test (windows-latest)	Run cargo test --all-features	2026-09-12T15:17:09.1787567Z test daemon::tests::prior_generation_requires_absent_daemon_and_exact_root_evidence ... ok
test (windows-latest)	Run cargo test --all-features	2026-09-12T15:17:09.4666465Z test daemon::tests::singleton_lock_is_acquired_before_destructive_store_open ... ok
test (windows-latest)	Run cargo test --all-features	2026-09-12T15:17:09.8816303Z test daemon::tests::commit_at_wait_boundary_wakes_from_durable_event ... ok
test (windows-latest)	Run cargo test --all-features	2026-09-12T15:17:09.8818881Z test filesystem::tests::only_fixed_ntfs_is_accepted ... ok
test (windows-latest)	Run cargo test --all-features	2026-09-12T15:17:09.8824270Z test host_observation::policy::tests::debrix_process_patterns_are_case_insensitive_and_wildcard_aware ... ok
test (windows-latest)	Run cargo test --all-features	2026-09-12T15:17:09.8826892Z test host_observation::policy::tests::stale_memory_and_blocked_process_fail_closed ... ok
test (windows-latest)	Run cargo test --all-features	2026-09-12T15:17:09.8829697Z test host_observation::policy::tests::standalone_observed_thresholds_block_without_creating_quiet_policy ... ok
test (windows-latest)	Run cargo test --all-features	2026-09-12T15:17:09.8831946Z test host_observation::policy::tests::strict_admission_uses_commit_vram_margins_and_ignores_shell_processes ... ok
test (windows-latest)	Run cargo test --all-features	2026-09-12T15:17:09.8833958Z test host_observation::policy::tests::unavailable_quiet_detector_is_not_treated_as_a_clean_sample ... ok
test (windows-latest)	Run cargo test --all-features	2026-09-12T15:17:09.8836332Z test host_observation::policy::tests::unresolved_nvml_compute_process_fails_closed_but_shell_processes_do_not ... ok
test (windows-latest)	Run cargo test --all-features	2026-09-12T15:17:09.8877135Z test host_observation::service::tests::cadence_and_suspend_discontinuities_change_generation ... ok
test (windows-latest)	Run cargo test --all-features	2026-09-12T15:17:09.8889883Z test host_observation::service::tests::doctor_coverage_names_every_strict_provider_with_fresh_provenance ... ok
test (windows-latest)	Run cargo test --all-features	2026-09-12T15:17:09.8891799Z test host_observation::service::tests::doctor_fails_closed_only_when_unavailable_coverage_is_required ... ok
test (windows-latest)	Run cargo test --all-features	2026-09-12T15:17:09.8893659Z test host_observation::service::tests::doctor_gpu_coverage_requires_the_exact_configured_device ... ok
test (windows-latest)	Run cargo test --all-features	2026-09-12T15:17:09.8896780Z test host_observation::windows_disk::tests::first_disk_delta_is_warming_up_or_honestly_unavailable ... ok
test (windows-latest)	Run cargo test --all-features	2026-09-12T15:17:09.8898962Z test host_observation::windows_memory::tests::live_windows_memory_contains_physical_and_commit_headroom ... ok
test (windows-latest)	Run cargo test --all-features	2026-09-12T15:17:09.8927254Z test host_observation::windows_process::tests::live_process_inventory_contains_the_test_process ... ok
test (windows-latest)	Run cargo test --all-features	2026-09-12T15:17:09.8930074Z test host_observation::windows_utilization::tests::first_cpu_delta_is_warming_up ... ok
test (windows-latest)	Run cargo test --all-features	2026-09-12T15:17:09.8999546Z test identity::tests::exact_process_probe_distinguishes_match_reuse_and_exit ... ok
test (windows-latest)	Run cargo test --all-features	2026-09-12T15:17:09.9005473Z test machine::bridge::tests::bridge_preserves_multiple_correlations_and_eof_never_calls_cleanup ... ok
test (windows-latest)	Run cargo test --all-features	2026-09-12T15:17:09.9009276Z test machine::bridge::tests::bridge_rejects_versions_truncation_and_oversize_before_dispatch ... ok
test (windows-latest)	Run cargo test --all-features	2026-09-12T15:17:09.9016084Z test machine::manager::release::tests::delay_in_final_local_check_is_rechecked_before_os_release ... ok
test (windows-latest)	Run cargo test --all-features	2026-09-12T15:17:09.9018475Z test machine::manager::release::tests::local_send_age_detects_delay_suspend_and_clock_discontinuity ... ok
test (windows-latest)	Run cargo test --all-features	2026-09-12T15:17:09.9022740Z test machine::manager::release::tests::loss_of_readiness_after_commit_proves_no_release_without_replaying_consumption ... ok
test (windows-latest)	Run cargo test --all-features	2026-09-12T15:17:09.9027298Z test machine::manager::release::tests::retry_cannot_rejuvenate_a_delayed_ticket_and_cancel_fences_release ... ok
test (windows-latest)	Run cargo test --all-features	2026-09-12T15:17:09.9060086Z test machine::manager::release::tests::unused_after_commit_keeps_consumption_and_requires_exact_cleanup_before_sealing ... ok
test (windows-latest)	Run cargo test --all-features	2026-09-12T15:17:10.4512942Z test daemon::tests::wait_snapshot_includes_daemon_reconciliation_evidence ... ok
test (windows-latest)	Run cargo test --all-features	2026-09-12T15:17:11.0779372Z test machine::manager::tests::local_outbox_and_start_intent_survive_commit_gaps_without_relaunch ... ok
test (windows-latest)	Run cargo test --all-features	2026-09-12T15:17:11.5865476Z test machine::manager::tests::lost_ticket_then_coordinator_reset_and_epoch_rotation_recover_without_launch ... ok
test (windows-latest)	Run cargo test --all-features	2026-09-12T15:17:11.6503326Z test machine::tests::framing_rejects_oversize_before_reading_body_and_strictly_decodes ... ok
test (windows-latest)	Run cargo test --all-features	2026-09-12T15:17:11.6515611Z test machine::tests::operation_authentication_binds_session_sequence_identity_and_payload ... ok
test (windows-latest)	Run cargo test --all-features	2026-09-12T15:17:11.6533721Z test machine::tests::pairing_tag_binds_both_nonces_session_role_owner_and_versions ... ok
test (windows-latest)	Run cargo test --all-features	2026-09-12T15:17:11.6537659Z test machine::tests::request_rejects_version_hash_sequence_and_unknown_identity ... ok
test (windows-latest)	Run cargo test --all-features	2026-09-12T15:17:11.6540788Z test model::tests::durable_id_round_trip_carries_store_identity ... ok
test (windows-latest)	Run cargo test --all-features	2026-09-12T15:17:11.6543464Z test model::tests::unscoped_uuid_is_not_a_public_durable_id ... ok
test (windows-latest)	Run cargo test --all-features	2026-09-12T15:17:11.6549412Z test protocol::tests::daemon_resource_accounting_is_additive_with_an_explicit_legacy_absence ... ok
test (windows-latest)	Run cargo test --all-features	2026-09-12T15:17:11.6553772Z test protocol::tests::frame_round_trip ... ok
test (windows-latest)	Run cargo test --all-features	2026-09-12T15:17:11.6557350Z test protocol::tests::responses_are_additive_but_requests_remain_strict ... ok
test (windows-latest)	Run cargo test --all-features	2026-09-12T15:17:11.6560471Z test resources::tests::child_policy_vram_claim_names_are_canonicalized ... ok
test (windows-latest)	Run cargo test --all-features	2026-09-12T15:17:11.6564303Z test resources::tests::complete_scalar_lease_never_partially_fits ... ok
test (windows-latest)	Run cargo test --all-features	2026-09-12T15:17:11.6583305Z test resources::tests::different_missing_children_under_one_ancestor_do_not_alias ... ok
test (windows-latest)	Run cargo test --all-features	2026-09-12T15:17:11.6774327Z test resources::tests::existing_policy_root_replacement_does_not_inherit_object_authority ... ok
test (windows-latest)	Run cargo test --all-features	2026-09-12T15:17:11.6824551Z test resources::tests::granted_debit_overflow_blocks_instead_of_wrapping_capacity ... ok
test (windows-latest)	Run cargo test --all-features	2026-09-12T15:17:11.6829107Z test resources::tests::impact_rules_are_symmetric_self_compatibility_is_explicit_and_ancestors_block ... ok
test (windows-latest)	Run cargo test --all-features	2026-09-12T15:17:11.6832687Z test resources::tests::managed_wait_checks_only_components_retained_by_ancestors ... ok
test (windows-latest)	Run cargo test --all-features	2026-09-12T15:17:11.6857392Z test resources::tests::missing_policy_root_retains_component_authority_after_creation ... ok
test (windows-latest)	Run cargo test --all-features	2026-09-12T15:17:11.6860373Z test resources::tests::observed_headroom_is_checked_and_excludes_only_the_supplied_debit ... ok
test (windows-latest)	Run cargo test --all-features	2026-09-12T15:17:11.6864273Z test resources::tests::shared_fences_overlap_but_exclusive_conflicts ... ok
test (windows-latest)	Run cargo test --all-features	2026-09-12T15:17:12.3503053Z test machine::manager::tests::outbox_counts_utf8_bytes_and_reserves_room_for_acknowledgement ... ok
test (windows-latest)	Run cargo test --all-features	2026-09-12T15:17:13.5345873Z test runner::windows::tests::cancel_before_postcondition_release_never_runs_validator_code ... ok
test (windows-latest)	Run cargo test --all-features	2026-09-12T15:17:15.4622789Z stillyard runner for 01a09631-af3b-7300-bd58-eb2e7d91d684~01a09631-b185-7602-9a6b-a78297b30029 failed: forced pre-start failure
test (windows-latest)	Run cargo test --all-features	2026-09-12T15:17:15.4623867Z test runner::windows::tests::attempt_timeout_covers_postconditions ... ok
test (windows-latest)	Run cargo test --all-features	2026-09-12T15:17:15.5351282Z test runner::windows::tests::clean_prestart_failure_keeps_condition_deadline_precedence ... ok
test (windows-latest)	Run cargo test --all-features	2026-09-12T15:17:16.4842453Z stillyard runner for 01a09631-b6b3-7df0-be42-97eca1535b69~01a09631-b97d-7ad3-abec-36bbd4e05680 failed: The operation completed successfully. (os error 0)
test (windows-latest)	Run cargo test --all-features	2026-09-12T15:17:16.5899160Z test runner::windows::tests::condition_resume_failure_clears_never_started_timestamps ... ok
test (windows-latest)	Run cargo test --all-features	2026-09-12T15:17:16.5901093Z test runner::windows::tests::containment_registry_is_instance_owned_and_transfer_does_not_leak_ownership ... ok
test (windows-latest)	Run cargo test --all-features	2026-09-12T15:17:16.5902006Z test runner::windows::tests::descendant_sleeper ... ignored, launched only as a descendant containment probe
test (windows-latest)	Run cargo test --all-features	2026-09-12T15:17:16.5905417Z test runner::windows::tests::empty_owned_boundary_is_proven_and_notifies_reconciliation ... ok
test (windows-latest)	Run cargo test --all-features	2026-09-12T15:17:16.6912913Z test runner::windows::tests::contained_process_publishes_output_after_success ... ok
test (windows-latest)	Run cargo test --all-features	2026-09-12T15:17:17.3836344Z test runner::windows::tests::environment_block_has_exact_path_and_no_daemon_ambient_user_environment ... ok
test (windows-latest)	Run cargo test --all-features	2026-09-12T15:17:17.9318186Z stillyard runner for 01a09631-be36-7a33-b2a6-6c7013e0d4bd~01a09631-bfaf-7ff2-92cc-d007edbcc256 failed: created image C:\Windows\System32\cmd.exe differs from requested executable C:\Windows\System32\cmd.exe
test (windows-latest)	Run cargo test --all-features	2026-09-12T15:17:17.9887048Z test runner::windows::tests::image_mismatch_with_unproven_cleanup_transfers_boundary_to_reconciler ... ok
test (windows-latest)	Run cargo test --all-features	2026-09-12T15:17:18.5939162Z stillyard runner for 01a09631-bb7d-7af3-8729-45ab0dc7c8b4~01a09631-bde1-7191-91db-f618a2c1728b failed: stopped suspended root did not exit within cleanup bound
test (windows-latest)	Run cargo test --all-features	2026-09-12T15:17:18.7052710Z test runner::windows::tests::first_terminal_cleanup_wait_failure_keeps_condition_deadline_outcome ... ok
test (windows-latest)	Run cargo test --all-features	2026-09-12T15:17:19.0525191Z test runner::windows::tests::plain_cancel_during_postcondition_remains_canceled ... ok
test (windows-latest)	Run cargo test --all-features	2026-09-12T15:17:19.8443233Z stillyard runner for 01a09631-c4b2-7913-b367-bda6ccf30d9e~01a09631-c705-79f2-b57b-5779d1ef42b9 failed: forced pre-start failure
test (windows-latest)	Run cargo test --all-features	2026-09-12T15:17:19.9911638Z test runner::windows::tests::plain_cancel_terminates_a_running_containment_and_suppresses_retry ... ok
test (windows-latest)	Run cargo test --all-features	2026-09-12T15:17:20.0037959Z test runner::windows::tests::post_create_pre_resume_failure_proves_empty_and_is_start_failed ... ok
test (windows-latest)	Run cargo test --all-features	2026-09-12T15:17:20.0038970Z test runner::windows::tests::postcondition_tree_helper ... ignored, launched only as a managed postcondition tree probe
test (windows-latest)	Run cargo test --all-features	2026-09-12T15:18:03.7656648Z test authority::retirement::tests::pairing_budget_reserves_every_admitted_retirement_after_hold_and_session_growth ... ok
test (windows-latest)	Run cargo test --all-features	2026-09-12T15:18:05.7416036Z stillyard runner for 01a09632-73d3-7863-8359-9637550b7e9f~01a09632-7561-71e3-8d49-de3446b09d5c failed: The system cannot find the file specified. (os error 2)
test (windows-latest)	Run cargo test --all-features	2026-09-12T15:18:05.7699633Z test runner::windows::tests::quiet_resume_failure_after_durable_authorization_is_start_failed ... ok
test (windows-latest)	Run cargo test --all-features	2026-09-12T15:18:05.7701757Z test runner::windows::tests::released_user_code_runner_failure_is_interrupted_not_failed ... ok
test (windows-latest)	Run cargo test --all-features	2026-09-12T15:18:05.7703998Z test runner::windows::tests::retired_registration_is_negative_until_durable_state_catches_up ... ok
test (windows-latest)	Run cargo test --all-features	2026-09-12T15:18:05.7705068Z test runner::windows::tests::spawn_descendant_helper ... ignored, launched only as a managed root by timeout_kills_descendant_not_only_root
test (windows-latest)	Run cargo test --all-features	2026-09-12T15:18:07.2324635Z stillyard runner for 01a09632-7b08-78c0-9752-9eb1a02ca4b0~01a09632-7cfa-7073-9938-b5dab1c3987a failed: staged stdin hash changed before launch
test (windows-latest)	Run cargo test --all-features	2026-09-12T15:18:07.2487537Z test authority::tests::saturated_registry_still_journals_large_release_and_detects_missing_blob has been running for over 60 seconds
test (windows-latest)	Run cargo test --all-features	2026-09-12T15:18:07.3030150Z test runner::windows::tests::staged_stdin_changed_after_acceptance_fails_before_user_code ... ok
test (windows-latest)	Run cargo test --all-features	2026-09-12T15:18:08.7609743Z test runner::windows::tests::staged_stdin_handle_reaches_the_contained_process ... ok
test (windows-latest)	Run cargo test --all-features	2026-09-12T15:18:08.7610944Z test runner::windows::tests::stdin_echo_helper ... ignored, launched only as a managed staged-stdin probe
test (windows-latest)	Run cargo test --all-features	2026-09-12T15:18:11.1095991Z test runner::windows::tests::primary_tree_is_empty_before_postcondition_receives_immutable_result ... ok
test (windows-latest)	Run cargo test --all-features	2026-09-12T15:18:12.4349254Z test runner::windows::tests::timeout_kills_containment_and_releases_lease ... ok
test (windows-latest)	Run cargo test --all-features	2026-09-12T15:18:12.4351028Z test runner::windows::tests::windows_quoting_handles_spaces_quotes_and_trailing_slashes ... ok
test (windows-latest)	Run cargo test --all-features	2026-09-12T15:18:12.4761171Z test runtime_metrics::tests::polling_control_is_counted_and_event_notification_is_not_a_timer ... ok
test (windows-latest)	Run cargo test --all-features	2026-09-12T15:18:12.4764352Z test spec::tests::child_policy_unknown_fields_are_rejected_during_decode ... ok
test (windows-latest)	Run cargo test --all-features	2026-09-12T15:18:12.4767119Z test spec::tests::daemon_environment_presets_are_not_accepted ... ok
test (windows-latest)	Run cargo test --all-features	2026-09-12T15:18:12.4770530Z test spec::tests::host_deferral_bound_applies_only_to_jobs_that_request_quiet ... ok
test (windows-latest)	Run cargo test --all-features	2026-09-12T15:18:12.4773223Z test spec::tests::lifecycle_history_has_a_finite_snapshot_bound ... ok
test (windows-latest)	Run cargo test --all-features	2026-09-12T15:18:12.4775034Z test spec::tests::retry_verdicts_must_be_unique ... ok
test (windows-latest)	Run cargo test --all-features	2026-09-12T15:18:12.4902611Z test spec::tests::schema_is_stable_within_one_build ... ok
test (windows-latest)	Run cargo test --all-features	2026-09-12T15:18:12.4905379Z test spec::tests::supported_claim_and_impact_validate ... ok
test (windows-latest)	Run cargo test --all-features	2026-09-12T15:18:12.4907543Z test spec::tests::unknown_job_field_rejects ... ok
test (windows-latest)	Run cargo test --all-features	2026-09-12T15:18:12.4910707Z test spec::tests::version_four_rejects_duplicate_label_keys_and_invalid_policy_shapes ... ok
test (windows-latest)	Run cargo test --all-features	2026-09-12T15:18:12.5400337Z test store::attached::tests::attached_admission_persists_candidates_and_holds_lease_until_release_ack ... ok
test (windows-latest)	Run cargo test --all-features	2026-09-12T15:18:12.5855377Z test store::machine_allocation::inventory_tests::expired_candidate_history_does_not_exhaust_ready_budget_but_armed_still_counts ... ok
test (windows-latest)	Run cargo test --all-features	2026-09-12T15:18:13.0459998Z test store::machine_allocation::inventory_tests::inventory_pages_cover_large_unicode_records_without_exceeding_wire_bytes ... ok
test (windows-latest)	Run cargo test --all-features	2026-09-12T15:18:16.4782310Z test runner::windows::tests::timeout_kills_descendant_not_only_root ... ok
test (windows-latest)	Run cargo test --all-features	2026-09-12T15:18:16.5046426Z test store::observation::command_preview_tests::preview_is_bounded_single_line_and_identifies_the_command ... ok
test (windows-latest)	Run cargo test --all-features	2026-09-12T15:18:16.5056288Z test store::process_records::tests::typed_linux_identity_never_uses_filetime_and_cannot_be_replaced ... ok
test (windows-latest)	Run cargo test --all-features	2026-09-12T15:18:16.8001159Z test store::tests::admission_safety::cancel_that_wins_during_contaminated_cleanup_cannot_replan_or_release_code ... ok
test (windows-latest)	Run cargo test --all-features	2026-09-12T15:18:17.1800258Z test store::tests::admission_safety::clean_deferral_exhaustion_uses_the_job_retry_policy ... ok
test (windows-latest)	Run cargo test --all-features	2026-09-12T15:18:17.4475766Z test store::tests::admission_safety::condition_release_rechecks_observed_evidence_before_resume ... ok
test (windows-latest)	Run cargo test --all-features	2026-09-12T15:18:18.1977498Z test store::tests::admission_safety::condition_scan_time_ages_host_evidence_before_observed_grant ... ok
test (windows-latest)	Run cargo test --all-features	2026-09-12T15:18:18.8080275Z test store::tests::admission_safety::condition_scan_time_ages_host_evidence_before_probe_grant ... ok
test (windows-latest)	Run cargo test --all-features	2026-09-12T15:18:19.1683917Z test store::tests::admission_safety::direct_observed_admission_remains_released_without_a_final_barrier ... ok
test (windows-latest)	Run cargo test --all-features	2026-09-12T15:18:19.4959278Z test store::tests::admission_safety::final_observed_ram_check_excludes_only_its_own_granted_lease ... ok
test (windows-latest)	Run cargo test --all-features	2026-09-12T15:18:19.9013150Z test store::tests::admission_safety::incompatible_impact_consumes_the_admission_wall_clock_and_fails_finitely ... ok
test (windows-latest)	Run cargo test --all-features	2026-09-12T15:18:20.0016221Z test runner::windows::tests::postcondition_retry_runs_a_second_attempt_under_the_same_job has been running for over 60 seconds
test (windows-latest)	Run cargo test --all-features	2026-09-12T15:18:20.3310154Z test store::tests::admission_safety::missing_observation_pauses_quiet_budget_and_rebuilds_stability ... ok
test (windows-latest)	Run cargo test --all-features	2026-09-12T15:18:22.0203197Z test store::tests::admission_safety::observed_condition_runtime_timeout_starts_at_release ... ok
test (windows-latest)	Run cargo test --all-features	2026-09-12T15:18:23.4811148Z test store::tests::admission_safety::quiet_only_deferral_exhaustion_still_uses_the_job_retry_policy ... ok
test (windows-latest)	Run cargo test --all-features	2026-09-12T15:18:23.9809595Z test store::tests::admission_safety::quiet_stability_resets_on_sample_gap_and_observation_generation_change ... ok
test (windows-latest)	Run cargo test --all-features	2026-09-12T15:18:24.7408998Z test store::tests::admission_safety::quiet_wait_holds_no_lease_and_final_recheck_reuses_the_attempt_without_running_code ... ok
test (windows-latest)	Run cargo test --all-features	2026-09-12T15:18:25.3774779Z test store::machine_events::tests::event_retention_bounds_rows_and_bytes_without_touching_grant_history ... ok
test (windows-latest)	Run cargo test --all-features	2026-09-12T15:18:25.5745524Z test store::tests::admission_safety::restart_preserves_admitting_attempt_budget_resets_stability_and_allows_cancel ... ok
test (windows-latest)	Run cargo test --all-features	2026-09-12T15:18:26.1096693Z test store::tests::admission_safety::restart_refuses_gpu_placement_change_for_a_retained_job ... ok
test (windows-latest)	Run cargo test --all-features	2026-09-12T15:18:26.3350653Z test store::tests::admission_safety::restart_refuses_host_policy_that_invalidates_a_retained_job ... ok
test (windows-latest)	Run cargo test --all-features	2026-09-12T15:18:26.9324789Z test store::tests::admission_safety::sidecar_gpu_and_vram_claims_fail_closed_then_preserve_grant_provenance ... ok
test (windows-latest)	Run cargo test --all-features	2026-09-12T15:18:27.0810238Z test store::tests::admission_safety::stale_memory_and_low_commit_headroom_never_create_a_lease_or_invocation ... ok
test (windows-latest)	Run cargo test --all-features	2026-09-12T15:18:27.6847037Z test store::tests::admission_safety::starting_strict_job_keeps_sampler_demand_until_release ... ok
test (windows-latest)	Run cargo test --all-features	2026-09-12T15:18:27.9318978Z test store::tests::admission_safety::static_contention_pauses_quiet_budget_and_rebuilds_stability ... ok
test (windows-latest)	Run cargo test --all-features	2026-09-12T15:18:28.3628565Z test store::tests::admission_safety::uncertain_pre_release_cleanup_is_final_and_retains_the_lease ... ok
test (windows-latest)	Run cargo test --all-features	2026-09-12T15:18:29.1677826Z test store::tests::admission_safety::uncertain_pre_release_cleanup_preserves_explicit_cancellation ... ok
test (windows-latest)	Run cargo test --all-features	2026-09-12T15:18:29.4541671Z test store::tests::admission_safety::uncertain_pre_release_cleanup_preserves_condition_deadline_outcome ... ok
test (windows-latest)	Run cargo test --all-features	2026-09-12T15:18:29.9755671Z test store::tests::attempt_lifecycle::expired_blocked_retry_does_not_spin_and_backoff_cancel_is_terminal ... ok
test (windows-latest)	Run cargo test --all-features	2026-09-12T15:18:30.1096849Z test store::tests::attempt_lifecycle::impact_rules_block_admission_and_ancestor_waits_symmetrically ... ok
test (windows-latest)	Run cargo test --all-features	2026-09-12T15:18:30.9101936Z test store::tests::attempt_lifecycle::plain_cancel_covers_queued_active_and_backoff_without_successors ... ok
test (windows-latest)	Run cargo test --all-features	2026-09-12T15:18:31.1857307Z test store::tests::attempt_lifecycle::postcondition_release_requires_immutable_empty_primary_result_and_granted_lease ... ok
test (windows-latest)	Run cargo test --all-features	2026-09-12T15:18:32.0527546Z test store::tests::attempt_lifecycle::postcondition_retry_keeps_one_job_and_exposes_ordered_attempts ... ok
test (windows-latest)	Run cargo test --all-features	2026-09-12T15:18:32.1988867Z test store::tests::attempt_lifecycle::receipt_preserves_accepting_generation_across_daemon_restart ... ok
test (windows-latest)	Run cargo test --all-features	2026-09-12T15:18:32.1990923Z test store::tests::attempt_lifecycle::snapshot_diagnostic_budget_keeps_newest_utf8_suffixes ... ok
test (windows-latest)	Run cargo test --all-features	2026-09-12T15:18:32.8872560Z test store::tests::attempt_lifecycle::root_exit_is_visible_before_containment_resolution ... ok
test (windows-latest)	Run cargo test --all-features	2026-09-12T15:18:32.9863287Z test runner::windows::tests::postcondition_retry_runs_a_second_attempt_under_the_same_job ... ok
test (windows-latest)	Run cargo test --all-features	2026-09-12T15:18:33.1075957Z test store::tests::attempt_lifecycle::worker_start_failure_preserves_an_active_cancel_and_suppresses_retry ... ok
test (windows-latest)	Run cargo test --all-features	2026-09-12T15:18:33.8887665Z test store::tests::conditions::cancel_waits_for_live_probe_boundary_before_publishing_final ... ok
test (windows-latest)	Run cargo test --all-features	2026-09-12T15:18:33.9792284Z test store::tests::conditions::condition_release_is_publicly_released_while_running_and_after_success ... ok
test (windows-latest)	Run cargo test --all-features	2026-09-12T15:18:34.0532791Z test store::tests::conditions::already_stale_refresh_blocks_once_then_yields_instead_of_replanning ... ok
test (windows-latest)	Run cargo test --all-features	2026-09-12T15:18:34.9596636Z test store::tests::conditions::deadline_is_enforced_before_retry_backoff_and_dependency_filters ... ok
test (windows-latest)	Run cargo test --all-features	2026-09-12T15:18:35.0359233Z test store::tests::conditions::deadline_that_wins_during_a_probe_remains_terminal_after_probe_cleanup ... ok
test (windows-latest)	Run cargo test --all-features	2026-09-12T15:18:35.1767874Z test store::tests::conditions::deadline_crossing_during_scan_wins_over_impossible_dependency ... ok
test (windows-latest)	Run cargo test --all-features	2026-09-12T15:18:35.9211483Z test store::tests::conditions::eta_is_unknown_for_external_predicates_and_lower_bound_for_not_before ... ok
test (windows-latest)	Run cargo test --all-features	2026-09-12T15:18:36.0537672Z test store::tests::conditions::expired_monotonic_evidence_does_not_create_a_zero_delay_retry_spin ... ok
test (windows-latest)	Run cargo test --all-features	2026-09-12T15:18:36.8110228Z test store::tests::conditions::due_deadline_wins_over_cancel_before_and_during_probe_cleanup ... ok
test (windows-latest)	Run cargo test --all-features	2026-09-12T15:18:36.9781651Z test store::tests::conditions::failed_deadline_latch_survives_refresh_until_probe_cleanup ... ok
test (windows-latest)	Run cargo test --all-features	2026-09-12T15:18:37.0774589Z test store::tests::conditions::first_pre_release_deferral_replans_the_same_attempt_and_preserves_budget ... ok
test (windows-latest)	Run cargo test --all-features	2026-09-12T15:18:37.6518603Z test store::tests::conditions::freshness_that_expires_during_a_long_pass_yields_before_rescan ... ok
test (windows-latest)	Run cargo test --all-features	2026-09-12T15:18:37.9812579Z test store::tests::conditions::monotonic_expiry_yields_despite_a_future_wall_deadline ... ok
test (windows-latest)	Run cargo test --all-features	2026-09-12T15:18:38.4578978Z test store::tests::conditions::monotonic_expiry_forces_rescan_despite_a_future_wall_freshness_and_history_is_bounded ... ok
test (windows-latest)	Run cargo test --all-features	2026-09-12T15:18:38.6027786Z test store::tests::conditions::path_absent_waits_for_authoritative_absence ... ok
test (windows-latest)	Run cargo test --all-features	2026-09-12T15:18:38.8823055Z test store::tests::conditions::path_transition_is_anchored_at_acceptance_and_rescanned_before_lease ... ok
test (windows-latest)	Run cargo test --all-features	2026-09-12T15:18:39.6539932Z test store::tests::conditions::post_commit_freshness_expiry_replans_the_never_resumed_attempt ... ok
test (windows-latest)	Run cargo test --all-features	2026-09-12T15:18:39.9930053Z test store::tests::conditions::postcondition_does_not_inherit_primary_conditions_after_release ... ok
test (windows-latest)	Run cargo test --all-features	2026-09-12T15:18:40.6820522Z test store::tests::conditions::postcondition_start_failure_preserves_primary_start_and_ignores_condition_deadline ... ok
test (windows-latest)	Run cargo test --all-features	2026-09-12T15:18:41.2542003Z test store::tests::conditions::post_commit_cancel_and_deadline_are_ordered_before_primary_resume ... ok
test (windows-latest)	Run cargo test --all-features	2026-09-12T15:18:41.5745162Z test store::tests::conditions::pre_release_path_change_replans_same_attempt_then_exhausts_as_readiness_unstable ... ok
test (windows-latest)	Run cargo test --all-features	2026-09-12T15:18:41.5795028Z test authority::tests::saturated_registry_still_journals_large_release_and_detects_missing_blob ... ok
test (windows-latest)	Run cargo test --all-features	2026-09-12T15:18:41.9764434Z test store::tests::conditions::pre_release_cancellation_is_never_projected_as_released ... ok
test (windows-latest)	Run cargo test --all-features	2026-09-12T15:18:42.2737309Z test store::tests::conditions::prepared_probe_start_failure_atomically_releases_its_lease_and_requeues ... ok
test (windows-latest)	Run cargo test --all-features	2026-09-12T15:18:42.7410240Z test store::tests::conditions::probe_uses_its_own_lease_and_releases_it_before_primary_work ... ok
test (windows-latest)	Run cargo test --all-features	2026-09-12T15:18:43.3300780Z test store::tests::conditions::relative_deadline_is_durable_and_does_not_create_an_attempt ... ok
test (windows-latest)	Run cargo test --all-features	2026-09-12T15:18:44.0907921Z test store::tests::conditions::restart_invalidates_generation_local_path_evidence_and_rescans ... ok
test (windows-latest)	Run cargo test --all-features	2026-09-12T15:18:46.0571120Z test store::tests::conditions::restart_repairs_the_legacy_split_probe_settlement_window ... ok
test (windows-latest)	Run cargo test --all-features	2026-09-12T15:18:46.9878298Z test store::tests::conditions::restart_finalizes_cancel_and_deadline_after_probe_becomes_uncertain ... ok
test (windows-latest)	Run cargo test --all-features	2026-09-12T15:18:47.4507022Z test store::tests::conditions::restart_retains_only_the_unresolved_probe_claims_and_blocks_reprobe_until_clearance ... ok
test (windows-latest)	Run cargo test --all-features	2026-09-12T15:18:48.4595928Z test store::tests::conditions::terminal_intent_waits_for_every_live_probe_and_cancel_never_starts_another ... ok
test (windows-latest)	Run cargo test --all-features	2026-09-12T15:18:48.6226603Z test store::tests::conditions::worker_start_failure_keeps_condition_deadline_precedence ... ok
test (windows-latest)	Run cargo test --all-features	2026-09-12T15:18:49.7480095Z test store::tests::containment_safety::attempt_wide_predicate_waits_for_every_containment ... ok
test (windows-latest)	Run cargo test --all-features	2026-09-12T15:18:49.7658111Z test store::tests::containment_safety::clearance_is_idempotent_and_audited_through_status ... ok
test (windows-latest)	Run cargo test --all-features	2026-09-12T15:18:50.9430777Z test store::tests::containment_safety::creating_and_started_records_capture_exact_identity ... ok
test (windows-latest)	Run cargo test --all-features	2026-09-12T15:18:51.2959733Z test store::tests::containment_safety::doctor_default_page_is_bounded_below_protocol_limit ... ok
test (windows-latest)	Run cargo test --all-features	2026-09-12T15:18:52.6688189Z test store::tests::containment_safety::doctor_incidents_are_frozen_across_pages ... ok
test (windows-latest)	Run cargo test --all-features	2026-09-12T15:18:52.9184577Z test store::tests::containment_safety::doctor_rejects_cursor_from_previous_daemon_generation ... ok
test (windows-latest)	Run cargo test --all-features	2026-09-12T15:18:52.9264836Z test store::tests::conditions::restart_preserves_the_durable_pre_resume_terminal_latch ... ok
test (windows-latest)	Run cargo test --all-features	2026-09-12T15:18:53.9253703Z test store::tests::containment_safety::doctor_reports_loaded_config_evidence ... ok
test (windows-latest)	Run cargo test --all-features	2026-09-12T15:18:54.0768793Z test store::tests::containment_safety::doctor_rejects_foreign_unknown_tampered_and_expired_cursors ... ok
test (windows-latest)	Run cargo test --all-features	2026-09-12T15:18:55.3158604Z test store::tests::containment_safety::force_commit_rejects_a_changed_authorization_set ... ok
test (windows-latest)	Run cargo test --all-features	2026-09-12T15:18:56.5555642Z test store::tests::containment_safety::foreign_host_binding_resets_the_whole_store ... ok
test (windows-latest)	Run cargo test --all-features	2026-09-12T15:18:56.5808069Z test store::tests::containment_safety::typed_linux_root_roundtrips_all_containment_views_without_filetime_aliasing ... ok
test (windows-latest)	Run cargo test --all-features	2026-09-12T15:18:56.8146810Z test store::tests::containment_safety::missing_host_capability_blocks_before_lease_grant ... ok
test (windows-latest)	Run cargo test --all-features	2026-09-12T15:18:58.0485372Z test store::tests::conditions::probe_history_is_pruned_after_its_pinning_events_leave_the_ring ... ok
test (windows-latest)	Run cargo test --all-features	2026-09-12T15:18:58.0775765Z test store::tests::containment_safety::unbound_pending_store_binds_without_reset ... ok
test (windows-latest)	Run cargo test --all-features	2026-09-12T15:18:59.1628280Z test store::tests::containment_safety::unbound_store_with_containment_is_replaced ... ok
test (windows-latest)	Run cargo test --all-features	2026-09-12T15:18:59.4877037Z test store::tests::input_submission::child_policy_resolution_failure_is_a_durable_typed_rejection ... ok
test (windows-latest)	Run cargo test --all-features	2026-09-12T15:18:59.6708732Z test store::tests::input_submission::batch_is_atomic_and_dependencies_use_final_outcomes ... ok
test (windows-latest)	Run cargo test --all-features	2026-09-12T15:19:00.9489811Z test store::tests::input_submission::complete_leases_serialize_conflicts_but_allow_orthogonal_work ... ok
test (windows-latest)	Run cargo test --all-features	2026-09-12T15:19:00.9655588Z test store::tests::input_submission::corrupt_staged_input_rejects_before_received ... ok
test (windows-latest)	Run cargo test --all-features	2026-09-12T15:19:01.2557022Z test store::tests::input_submission::daemon_status_reports_exact_durable_reservations ... ok
test (windows-latest)	Run cargo test --all-features	2026-09-12T15:19:02.3477218Z test store::tests::input_submission::dependency_outside_fifo_prefix_is_unknown ... ok
test (windows-latest)	Run cargo test --all-features	2026-09-12T15:19:02.3785548Z test store::tests::input_submission::explicit_environment_is_preserved_at_acceptance ... ok
test (windows-latest)	Run cargo test --all-features	2026-09-12T15:19:02.9472606Z test store::tests::input_submission::missing_path_fence_identity_survives_later_creation ... ok
test (windows-latest)	Run cargo test --all-features	2026-09-12T15:19:03.9403442Z test store::tests::input_submission::partial_batch_input_map_is_atomic ... ok
test (windows-latest)	Run cargo test --all-features	2026-09-12T15:19:04.1914053Z test store::tests::input_submission::receipt_reports_rank_blocker_and_honest_estimate ... ok
test (windows-latest)	Run cargo test --all-features	2026-09-12T15:19:04.8239195Z test store::tests::input_submission::received_batch_revalidates_staged_inputs_before_acceptance ... ok
test (windows-latest)	Run cargo test --all-features	2026-09-12T15:19:06.0032862Z test store::tests::input_submission::restart_collects_partial_upload_without_submission ... ok
test (windows-latest)	Run cargo test --all-features	2026-09-12T15:19:06.2090468Z test store::tests::input_submission::reverse_order_skip_closure_reaches_terminal_state ... ok
test (windows-latest)	Run cargo test --all-features	2026-09-12T15:19:06.5998139Z test store::tests::input_submission::sqlite_failure_rolls_back_every_batch_member ... ok
test (windows-latest)	Run cargo test --all-features	2026-09-12T15:19:08.0347171Z test store::tests::input_submission::staged_stdin_is_pre_received_immutable_and_idempotent ... ok
test (windows-latest)	Run cargo test --all-features	2026-09-12T15:19:08.8366426Z test store::tests::managed_submission::delegated_policy_is_intersected_across_the_full_ancestor_chain ... ok
test (windows-latest)	Run cargo test --all-features	2026-09-12T15:19:09.4966703Z test store::tests::managed_submission::child_policy_negative_axes_are_durable_contextual_and_create_no_work ... ok
test (windows-latest)	Run cargo test --all-features	2026-09-12T15:19:09.6022887Z test store::tests::containment_safety::doctor_snapshot_stress_resists_parallel_incident_turnover ... ok
test (windows-latest)	Run cargo test --all-features	2026-09-12T15:19:10.4548996Z test store::tests::managed_submission::managed_acceptance_rechecks_parent_and_disabled_primary_proves_only_absence ... ok
test (windows-latest)	Run cargo test --all-features	2026-09-12T15:19:10.9981872Z test store::tests::managed_submission::managed_batch_wait_rejects_atomically_when_one_member_conflicts ... ok
test (windows-latest)	Run cargo test --all-features	2026-09-12T15:19:11.2224668Z test store::tests::managed_submission::managed_batch_with_one_forbidden_priority_is_atomically_rejected ... ok
test (windows-latest)	Run cargo test --all-features	2026-09-12T15:19:11.3779177Z test store::tests::managed_submission::managed_combined_wait_rejects_ancestor_scalar_but_detached_submit_survives ... ok
test (windows-latest)	Run cargo test --all-features	2026-09-12T15:19:12.1218265Z test store::tests::managed_submission::managed_exact_replay_is_idempotent_and_commits_parentage ... ok
test (windows-latest)	Run cargo test --all-features	2026-09-12T15:19:12.5772038Z test store::tests::managed_submission::managed_not_received_is_provable_only_for_the_live_current_parent ... ok
test (windows-latest)	Run cargo test --all-features	2026-09-12T15:19:12.8132196Z test store::tests::managed_submission::managed_policy_applies_claim_impact_and_fence_limits_to_probes ... ok
test (windows-latest)	Run cargo test --all-features	2026-09-12T15:19:13.3533547Z test store::tests::managed_submission::managed_wait_allows_orthogonal_child_and_checks_the_full_ancestor_chain ... ok
test (windows-latest)	Run cargo test --all-features	2026-09-12T15:19:13.6373559Z test store::tests::managed_submission::managed_wait_rejects_a_claim_that_exceeds_host_capacity ... ok
test (windows-latest)	Run cargo test --all-features	2026-09-12T15:19:14.3498502Z test store::tests::managed_submission::managed_wait_walks_unfinished_predecessors_and_rejects_self_or_foreign_targets ... ok
test (windows-latest)	Run cargo test --all-features	2026-09-12T15:19:14.5090145Z test store::tests::managed_submission::neutral_only_parent_does_not_inherit_priority_and_rejects_escalation_durably ... ok
test (windows-latest)	Run cargo test --all-features	2026-09-12T15:19:15.2039059Z test store::tests::managed_submission::non_primary_transport_identity_does_not_confer_child_authority ... ok
test (windows-latest)	Run cargo test --all-features	2026-09-12T15:19:15.2365269Z test store::tests::managed_submission::policy_invalid_batch_names_the_member_and_is_atomic ... ok
test (windows-latest)	Run cargo test --all-features	2026-09-12T15:19:16.0351160Z test store::tests::managed_submission::received_wait_intent_survives_resume_and_cannot_accept_an_unsafe_child ... ok
test (windows-latest)	Run cargo test --all-features	2026-09-12T15:19:16.6579703Z test store::tests::managed_submission::restart_rejects_managed_received_work_from_the_previous_daemon_generation ... ok
test (windows-latest)	Run cargo test --all-features	2026-09-12T15:19:16.8251696Z test store::tests::managed_submission::vram_policy_claims_compare_and_persist_in_canonical_form ... ok
test (windows-latest)	Run cargo test --all-features	2026-09-12T15:19:17.4491181Z test store::tests::observation::invocation_event_identity_is_atomic_and_required ... ok
test (windows-latest)	Run cargo test --all-features	2026-09-12T15:19:17.9281503Z test store::tests::observation::event_ring_reports_gap_and_resynchronizes ... ok
test (windows-latest)	Run cargo test --all-features	2026-09-12T15:19:18.1443029Z test store::tests::observation::lifecycle_and_cancellation_transitions_emit_named_events ... ok
test (windows-latest)	Run cargo test --all-features	2026-09-12T15:19:18.4323392Z test store::tests::observation::list_cursor_is_stable_and_store_scoped ... ok
test (windows-latest)	Run cargo test --all-features	2026-09-12T15:19:19.0177473Z test store::tests::observation::list_events_and_cursor_are_one_public_observation_path ... ok
test (windows-latest)	Run cargo test --all-features	2026-09-12T15:19:19.8412441Z test store::tests::priority_reservations::priority_is_bounded_neutral_immutable_and_hashed_per_batch_member ... ok
test (windows-latest)	Run cargo test --all-features	2026-09-12T15:19:21.0728866Z test store::tests::priority_reservations::blocked_and_impossible_high_priority_jobs_do_not_head_of_line_block ... ok
test (windows-latest)	Run cargo test --all-features	2026-09-12T15:19:21.4888015Z test store::tests::priority_reservations::reservation_deadline_survives_restart_expiry_yields_and_cancellation_cleans_up ... ok
test (windows-latest)	Run cargo test --all-features	2026-09-12T15:19:21.5062309Z test store::tests::priority_reservations::reservations_are_full_vector_bounded_observable_and_protect_only_claimed_scalars ... ok
test (windows-latest)	Run cargo test --all-features	2026-09-12T15:19:22.8765323Z test store::tests::priority_reservations::effective_priority_ages_monotonically_and_orders_by_original_acceptance ... ok
test (windows-latest)	Run cargo test --all-features	2026-09-12T15:19:23.3801409Z test store::tests::priority_reservations::retry_and_restart_preserve_acceptance_and_aging_history ... ok
test (windows-latest)	Run cargo test --all-features	2026-09-12T15:19:26.0829621Z test store::tests::priority_reservations::restart_capacity_shrink_keeps_only_the_scheduler_ordered_reservation_prefix ... ok
test (windows-latest)	Run cargo test --all-features	2026-09-12T15:19:26.1994659Z test store::tests::store_recovery::corrupt_or_empty_database_is_replaced_with_current_schema ... ok
test (windows-latest)	Run cargo test --all-features	2026-09-12T15:19:26.5264559Z test store::tests::store_recovery::corruption_discovered_during_recovery_resets_once ... ok
test (windows-latest)	Run cargo test --all-features	2026-09-12T15:19:26.9938576Z test store::tests::priority_reservations::reservations_sum_to_capacity_and_non_scalar_changes_release_them ... ok
test (windows-latest)	Run cargo test --all-features	2026-09-12T15:19:27.1097214Z test store::tests::store_recovery::current_schema_reopens_without_changing_store_identity ... ok
test (windows-latest)	Run cargo test --all-features	2026-09-12T15:19:27.7464678Z test store::tests::store_recovery::diagnostic_tail_io_failure_cannot_block_invocation_resolution ... ok
test (windows-latest)	Run cargo test --all-features	2026-09-12T15:19:28.0075595Z test store::tests::store_recovery::duplicate_key_returns_one_job ... ok
test (windows-latest)	Run cargo test --all-features	2026-09-12T15:19:28.0077964Z test store::tests::store_recovery::only_corruption_errors_authorize_destructive_reset ... ok
test (windows-latest)	Run cargo test --all-features	2026-09-12T15:19:28.8431499Z test store::tests::store_recovery::logs_publish_only_flushed_committed_prefix ... ok
test (windows-latest)	Run cargo test --all-features	2026-09-12T15:19:29.1115678Z test store::tests::store_recovery::recovery_never_creates_work_and_distinguishes_conflict ... ok
test (windows-latest)	Run cargo test --all-features	2026-09-12T15:19:29.1429077Z test store::tests::store_recovery::damaged_schema_and_identity_each_reset_the_whole_database ... ok
test (windows-latest)	Run cargo test --all-features	2026-09-12T15:19:29.2304244Z test store::tests::store_recovery::foreign_store_id_rejects_even_if_entity_uuid_collides ... ok
test (windows-latest)	Run cargo test --all-features	2026-09-12T15:19:29.8301636Z test store::tests::store_recovery::rejected_idempotency_decision_replays_as_rejected ... ok
test (windows-latest)	Run cargo test --all-features	2026-09-12T15:19:30.6489668Z test store::tests::store_recovery::restart_after_empty_proof_before_primary_result_is_fail_closed ... ok
test (windows-latest)	Run cargo test --all-features	2026-09-12T15:19:30.6711623Z test store::tests::store_recovery::restart_before_root_retains_boundary_until_reconciled ... ok
test (windows-latest)	Run cargo test --all-features	2026-09-12T15:19:30.6775566Z test store::tests::store_recovery::restart_after_resolved_postcondition_releases_empty_attempt_lease ... ok
test (windows-latest)	Run cargo test --all-features	2026-09-12T15:19:31.5758332Z test store::tests::store_recovery::restart_during_prepared_postcondition_retains_attempt_lease ... ok
test (windows-latest)	Run cargo test --all-features	2026-09-12T15:19:31.9123138Z test store::tests::store_recovery::same_key_different_payload_conflicts ... ok
test (windows-latest)	Run cargo test --all-features	2026-09-12T15:19:32.2486209Z test store::tests::store_recovery::restart_interrupts_active_job_without_requeueing_it ... ok
test (windows-latest)	Run cargo test --all-features	2026-09-12T15:19:32.2954434Z test store::tests::store_recovery::restart_never_uses_pid_only_root_disappearance_as_proof ... ok
test (windows-latest)	Run cargo test --all-features	2026-09-12T15:19:33.1077625Z test store::tests::store_recovery::startup_resumes_durable_received_submission ... ok
test (windows-latest)	Run cargo test --all-features	2026-09-12T15:19:33.3080406Z test store::tests::store_recovery::uncertain_settlement_retains_lease_and_is_terminal ... ok
test (windows-latest)	Run cargo test --all-features	2026-09-12T15:19:33.7589870Z test store::tests::store_recovery::schema_epoch_mismatch_resets_database_and_preserves_other_files ... ok
test (windows-latest)	Run cargo test --all-features	2026-09-12T15:19:33.8899847Z test store::tests::tree::depth_cut_before_a_connector_keeps_an_inclusive_child_continuation ... ok
test (windows-latest)	Run cargo test --all-features	2026-09-12T15:19:34.8738470Z test store::tests::tree::filtered_tree_retains_only_connecting_ancestors_and_selector_bound_expansion ... ok
test (windows-latest)	Run cargo test --all-features	2026-09-12T15:19:35.7505909Z test store::tests::tree::root_cursor_survives_logs_but_fails_closed_when_attention_order_changes ... ok
test (windows-latest)	Run cargo test --all-features	2026-09-12T15:19:36.1432461Z test store::tests::tree::orphan_is_explicit_and_a_parent_cycle_fails_closed ... ok
test (windows-latest)	Run cargo test --all-features	2026-09-12T15:19:36.5314005Z test store::tests::tree::encoded_budget_truncates_with_a_root_continuation_and_makes_progress ... ok
test (windows-latest)	Run cargo test --all-features	2026-09-12T15:19:36.9630529Z test store::tests::tree::schema_rejects_a_noncanonical_tree_order_trigger ... ok
test (windows-latest)	Run cargo test --all-features	2026-09-12T15:19:38.6908036Z test store::tests::tree::tree_depth_cursor_and_for_job_preserve_the_complete_ancestor_path ... ok
test (windows-latest)	Run cargo test --all-features	2026-09-12T15:19:38.7955150Z test store::tests::tree::row_sixteen_thousand_three_hundred_eighty_five_fails_before_classification ... ok
test (windows-latest)	Run cargo test --all-features	2026-09-12T15:19:39.6265311Z test store::tests::tree::schema_requires_tree_query_indexes ... ok
test (windows-latest)	Run cargo test --all-features	2026-09-12T15:19:39.6412112Z test store::tests::tree::tree_observation_includes_future_descendants_and_wrong_store_gap_snapshot ... ok
test (windows-latest)	Run cargo test --all-features	2026-09-12T15:19:41.0846968Z test store::tests::tree::managed_ancestry_accepts_sixty_four_jobs_and_rejects_the_sixty_fifth ... ok
test (windows-latest)	Run cargo test --all-features	2026-09-12T15:19:41.0847601Z 
test (windows-latest)	Run cargo test --all-features	2026-09-12T15:19:41.0847945Z test result: ok. 299 passed; 0 failed; 5 ignored; 0 measured; 0 filtered out; finished in 154.13s
test (windows-latest)	Run cargo test --all-features	2026-09-12T15:19:41.0848460Z 
test (windows-latest)	Run cargo test --all-features	2026-09-12T15:19:41.0907932Z ^[[1m^[[92m     Running^[[0m unittests src\main.rs (target\debug\deps\stillyard-4227530b64f8472d.exe)
test (windows-latest)	Run cargo test --all-features	2026-09-12T15:19:41.1034129Z 
test (windows-latest)	Run cargo test --all-features	2026-09-12T15:19:41.1034460Z running 35 tests
test (windows-latest)	Run cargo test --all-features	2026-09-12T15:19:41.1078327Z test tests::cli_and_tui_have_no_private_store_read_path ... ok
test (windows-latest)	Run cargo test --all-features	2026-09-12T15:19:41.1078938Z test tests::ensure_requires_an_explicit_endpoint ... ok
test (windows-latest)	Run cargo test --all-features	2026-09-12T15:19:41.1081921Z test tests::managed_execution_exit_namespace_keeps_success_scheduler_owned ... ok
test (windows-latest)	Run cargo test --all-features	2026-09-12T15:19:41.1087145Z test tests::context_cli_is_an_explicit_json_query ... ok
test (windows-latest)	Run cargo test --all-features	2026-09-12T15:19:41.1095428Z test tests::doctor_cli_exposes_json_paging_and_explicit_force ... ok
test (windows-latest)	Run cargo test --all-features	2026-09-12T15:19:41.1099560Z test tests::structured_rejections_have_the_rejection_exit_code ... ok
test (windows-latest)	Run cargo test --all-features	2026-09-12T15:19:41.1103123Z test tui::tests::civil_day_conversion_round_trips ... ok
test (windows-latest)	Run cargo test --all-features	2026-09-12T15:19:41.1104155Z test tests::isolated_instance_coordinates_are_global_and_daemon_store_is_explicit ... ok
test (windows-latest)	Run cargo test --all-features	2026-09-12T15:19:41.1107456Z test tui::tests::clock_renders_local_time_and_elides_todays_date ... ok
test (windows-latest)	Run cargo test --all-features	2026-09-12T15:19:41.1110548Z test tui::tests::claims_render_as_chips ... ok
test (windows-latest)	Run cargo test --all-features	2026-09-12T15:19:41.1112059Z test tui::tests::commands_split_into_executable_and_arguments ... ok
test (windows-latest)	Run cargo test --all-features	2026-09-12T15:19:41.1112725Z test tests::recover_wait_and_wait_passthrough_have_agent_sized_defaults ... ok
test (windows-latest)	Run cargo test --all-features	2026-09-12T15:19:41.1113626Z test tests::observation_cli_keeps_the_public_spellings ... ok
test (windows-latest)	Run cargo test --all-features	2026-09-12T15:19:41.1114422Z test tui::tests::completed_family_scroll_keeps_children_beside_selected_parent ... ok
test (windows-latest)	Run cargo test --all-features	2026-09-12T15:19:41.1116612Z test tui::tests::durations_and_sizes_use_operator_units ... ok
test (windows-latest)	Run cargo test --all-features	2026-09-12T15:19:41.1117220Z test tui::tests::edges_join_on_one_line_and_the_right_edge_yields_when_cramped ... ok
test (windows-latest)	Run cargo test --all-features	2026-09-12T15:19:41.1119616Z test tui::tests::queue_columns_shed_detail_on_narrow_terminals ... ok
test (windows-latest)	Run cargo test --all-features	2026-09-12T15:19:41.1145801Z test tui::tests::queue_groups_running_then_queued_then_finished_newest_first ... ok
test (windows-latest)	Run cargo test --all-features	2026-09-12T15:19:41.1146772Z test tui::tests::project_filter_cycles_through_known_projects_and_keeps_a_visible_selection ... ok
test (windows-latest)	Run cargo test --all-features	2026-09-12T15:19:41.1149203Z test tui::tests::retry_gap_reseats_the_log_window_behind_new_committed_output ... ok
test (windows-latest)	Run cargo test --all-features	2026-09-12T15:19:41.1152113Z test tui::tests::scrolling_clamps_to_content_and_follow_pins_logs_to_the_tail ... ok
test (windows-latest)	Run cargo test --all-features	2026-09-12T15:19:41.1157177Z test tui::tests::selection_walks_the_display_order_and_skips_group_rows ... ok
test (windows-latest)	Run cargo test --all-features	2026-09-12T15:19:41.1160826Z test tui::tests::states_map_to_glyphs_and_semantic_colours ... ok
test (windows-latest)	Run cargo test --all-features	2026-09-12T15:19:41.1164044Z test tui::tests::terminal_rendering_drops_ansi_and_marks_other_controls ... ok
test (windows-latest)	Run cargo test --all-features	2026-09-12T15:19:41.1167588Z test tui::tests::text_fits_columns_with_an_ellipsis ... ok
test (windows-latest)	Run cargo test --all-features	2026-09-12T15:19:41.1176370Z test tui::tests::tree_guides_close_last_siblings_and_carry_ancestor_rails ... ok
test (windows-latest)	Run cargo test --all-features	2026-09-12T15:19:41.1180003Z test tui::tests::wrapping_counts_lines_exactly_and_indents_continuations ... ok
test (windows-latest)	Run cargo test --all-features	2026-09-12T15:19:41.1202239Z test tui::tree::tests::all_branches_stay_expanded_and_explicit_collapse_has_outcome_summary ... ok
test (windows-latest)	Run cargo test --all-features	2026-09-12T15:19:41.1217497Z test tui::tree::tests::continuation_pages_are_linearized_depth_first ... ok
test (windows-latest)	Run cargo test --all-features	2026-09-12T15:19:41.1234183Z test tui::tree::tests::sibling_branch_continuations_keep_left_to_right_depth_first_priority ... ok
test (windows-latest)	Run cargo test --all-features	2026-09-12T15:19:41.1242534Z test tui::tree::tests::stale_root_cursor_discards_partial_tree_and_restarts_at_page_one ... ok
test (windows-latest)	Run cargo test --all-features	2026-09-12T15:19:41.1245764Z test tui::tree::tests::user_expansion_overrides_survive_refresh ... ok
test (windows-latest)	Run cargo test --all-features	2026-09-12T15:19:41.1255601Z test tui::tests::mouse_targets_panes_rows_gutter_and_log_tabs ... ok
test (windows-latest)	Run cargo test --all-features	2026-09-12T15:19:41.1319078Z test tui::tests::expanded_finished_family_is_visibly_a_tree ... ok
test (windows-latest)	Run cargo test --all-features	2026-09-12T15:19:41.1684655Z test tui::tests::screen_renders_groups_selection_detail_and_scrollbars_at_every_size ... ok
test (windows-latest)	Run cargo test --all-features	2026-09-12T15:19:41.1684993Z 
test (windows-latest)	Run cargo test --all-features	2026-09-12T15:19:41.1685185Z test result: ok. 35 passed; 0 failed; 0 ignored; 0 measured; 0 filtered out; finished in 0.07s
test (windows-latest)	Run cargo test --all-features	2026-09-12T15:19:41.1685443Z 
test (windows-latest)	Run cargo test --all-features	2026-09-12T15:19:41.1717191Z ^[[1m^[[92m     Running^[[0m tests\isolated_daemon.rs (target\debug\deps\isolated_daemon-7e1522689ce3df03.exe)
test (windows-latest)	Run cargo test --all-features	2026-09-12T15:19:41.1839154Z 
test (windows-latest)	Run cargo test --all-features	2026-09-12T15:19:41.1839470Z running 27 tests
test (windows-latest)	Run cargo test --all-features	2026-09-12T15:19:41.2036090Z 
test (windows-latest)	Run cargo test --all-features	2026-09-12T15:19:41.2036675Z running 1 test
test (windows-latest)	Run cargo test --all-features	2026-09-12T15:19:41.2046455Z test no_autostart_helper ... ok
test (windows-latest)	Run cargo test --all-features	2026-09-12T15:19:41.2046676Z 
test (windows-latest)	Run cargo test --all-features	2026-09-12T15:19:41.2046922Z test result: ok. 1 passed; 0 failed; 0 ignored; 0 measured; 26 filtered out; finished in 0.00s
test (windows-latest)	Run cargo test --all-features	2026-09-12T15:19:41.2047197Z 
test (windows-latest)	Run cargo test --all-features	2026-09-12T15:19:41.5709205Z 
test (windows-latest)	Run cargo test --all-features	2026-09-12T15:19:41.5709772Z running 1 test
test (windows-latest)	Run cargo test --all-features	2026-09-12T15:19:41.5717396Z test no_autostart_helper ... ok
test (windows-latest)	Run cargo test --all-features	2026-09-12T15:19:41.5718014Z 
test (windows-latest)	Run cargo test --all-features	2026-09-12T15:19:41.5718503Z test result: ok. 1 passed; 0 failed; 0 ignored; 0 measured; 26 filtered out; finished in 0.00s
test (windows-latest)	Run cargo test --all-features	2026-09-12T15:19:41.5719065Z 
test (windows-latest)	Run cargo test --all-features	2026-09-12T15:19:41.5881235Z test absent_custom_endpoints_never_auto_start ... ok
test (windows-latest)	Run cargo test --all-features	2026-09-12T15:19:43.4718860Z test doctor_complete_crosses_transport_pages_and_restart_rejects_old_cursor ... ok
test (windows-latest)	Run cargo test --all-features	2026-09-12T15:19:43.5422453Z test daemon_instance_tuple_accepts_mixed_sources_and_rejects_singletons ... ok
test (windows-latest)	Run cargo test --all-features	2026-09-12T15:19:45.2725962Z test ensure_concurrent_callers_converge_and_conflict_is_typed ... ok
test (windows-latest)	Run cargo test --all-features	2026-09-12T15:19:46.1432391Z test bootstrap_native_controller_rejects_unmanaged_unbounded_and_failed_spawn_before_arm ... ok
test (windows-latest)	Run cargo test --all-features	2026-09-12T15:19:46.1433342Z test isolated_client_helper ... ignored, launched as a scoped managed-environment client helper
test (windows-latest)	Run cargo test --all-features	2026-09-12T15:19:47.0867525Z test authority_hold_rejects_active_work_and_managed_administration ... ok
test (windows-latest)	Run cargo test --all-features	2026-09-12T15:19:49.7471044Z test durable_authority_blocks_release_across_restart_database_reset_and_history_loss ... ok
test (windows-latest)	Run cargo test --all-features	2026-09-12T15:19:52.1987373Z test external_nvml_generation_change_never_releases_the_suspended_child ... ok
test (windows-latest)	Run cargo test --all-features	2026-09-12T15:19:52.1988422Z test machine_cross_os_reset_retains_live_linux_executor_and_guest_history ... ignored, requires native system Job and prebuilt protected Linux executor subject
test (windows-latest)	Run cargo test --all-features	2026-09-12T15:19:53.8775859Z test machine_clearance::pending_pairing_can_be_abandoned_without_inventing_cleanup ... ok
test (windows-latest)	Run cargo test --all-features	2026-09-12T15:19:58.7667666Z test machine_manager::durable_manager_outbox_recovers_lost_arm_and_release_without_a_second_start ... ok
test (windows-latest)	Run cargo test --all-features	2026-09-12T15:20:00.7874487Z test machine_manager::durable_manager_recovers_retired_ticket_reply_and_rotated_coordinator_authority ... ok
test (windows-latest)	Run cargo test --all-features	2026-09-12T15:20:09.5313229Z test machine_clearance::owner_retirement_fences_lost_manager_and_recovers_every_durable_boundary ... ok
test (windows-latest)	Run cargo test --all-features	2026-09-12T15:20:09.5314311Z test no_autostart_helper ... ignored, launched as an absent-custom-endpoint client helper
test (windows-latest)	Run cargo test --all-features	2026-09-12T15:20:11.0287228Z test path_condition_freshness_wakes_scheduler_and_rescans_without_manual_signal ... ok
test (windows-latest)	Run cargo test --all-features	2026-09-12T15:20:11.4453750Z test persistent_machine_bridge_correlates_frames_and_disconnect_preserves_authority ... ok
test (windows-latest)	Run cargo test --all-features	2026-09-12T15:20:14.2027114Z 
test (windows-latest)	Run cargo test --all-features	2026-09-12T15:20:14.2027734Z running 1 test
test (windows-latest)	Run cargo test --all-features	2026-09-12T15:20:14.2202790Z test isolated_client_helper ... ok
test (windows-latest)	Run cargo test --all-features	2026-09-12T15:20:14.2203031Z 
test (windows-latest)	Run cargo test --all-features	2026-09-12T15:20:14.2203294Z test result: ok. 1 passed; 0 failed; 0 ignored; 0 measured; 26 filtered out; finished in 0.02s
test (windows-latest)	Run cargo test --all-features	2026-09-12T15:20:14.2203610Z 
test (windows-latest)	Run cargo test --all-features	2026-09-12T15:20:14.3518420Z test pinned_isolated_daemons_coexist_and_own_both_coordinates ... ok
test (windows-latest)	Run cargo test --all-features	2026-09-12T15:20:15.2434572Z test probe_condition_runs_in_its_own_invocation_before_primary_release ... ok
test (windows-latest)	Run cargo test --all-features	2026-09-12T15:20:17.5189432Z test machine_probe_ticket_cannot_borrow_work_or_postcondition_authority ... ok
test (windows-latest)	Run cargo test --all-features	2026-09-12T15:20:18.0446790Z test timed_out_probe_is_observable_and_condition_deadline_prevents_primary_release ... ok
test (windows-latest)	Run cargo test --all-features	2026-09-12T15:20:18.0448015Z test wsl_bootstrap_installer_refuses_busy_work_and_preserves_queue_and_authority ... ignored, native Windows installer acceptance inside a system Job
test (windows-latest)	Run cargo test --all-features	2026-09-12T15:20:18.0449582Z test wsl_bootstrap_nested_delegation_cannot_escape_the_outer_cleanup ... ignored, requires explicit WSL distribution/user and must be scheduled by the system daemon
test (windows-latest)	Run cargo test --all-features	2026-09-12T15:20:18.0451617Z test wsl_bootstrap_public_path_preserves_outputs_exit_timeout_and_bridge_loss_obligation ... ignored, requires explicit WSL distribution/user and must be scheduled by the system daemon
test (windows-latest)	Run cargo test --all-features	2026-09-12T15:20:18.8508489Z test typed_wait_and_cli_keep_terminal_root_exit_25_distinct_from_pending ... ok
test (windows-latest)	Run cargo test --all-features	2026-09-12T15:20:32.5503518Z test machine_pairing_reconnect_fences_challenge_replay_and_store_reset ... ok
test (windows-latest)	Run cargo test --all-features	2026-09-12T15:20:46.1560371Z test machine_arm_release_crash_boundaries_recover_without_freeing_live_rights has been running for over 60 seconds
test (windows-latest)	Run cargo test --all-features	2026-09-12T15:20:55.8394326Z test machine_arm_release_crash_boundaries_recover_without_freeing_live_rights ... ok
test (windows-latest)	Run cargo test --all-features	2026-09-12T15:20:55.8395168Z 
test (windows-latest)	Run cargo test --all-features	2026-09-12T15:20:55.8395545Z test result: ok. 21 passed; 0 failed; 6 ignored; 0 measured; 0 filtered out; finished in 74.65s
test (windows-latest)	Run cargo test --all-features	2026-09-12T15:20:55.8396038Z 
test (windows-latest)	Run cargo test --all-features	2026-09-12T15:20:55.8429751Z ^[[1m^[[92m     Running^[[0m tests\linux_daemon.rs (target\debug\deps\linux_daemon-565379cc989974f5.exe)
test (windows-latest)	Run cargo test --all-features	2026-09-12T15:20:55.8509635Z 
test (windows-latest)	Run cargo test --all-features	2026-09-12T15:20:55.8509872Z running 0 tests
test (windows-latest)	Run cargo test --all-features	2026-09-12T15:20:55.8510083Z 
test (windows-latest)	Run cargo test --all-features	2026-09-12T15:20:55.8510407Z test result: ok. 0 passed; 0 failed; 0 ignored; 0 measured; 0 filtered out; finished in 0.00s
test (windows-latest)	Run cargo test --all-features	2026-09-12T15:20:55.8510688Z 
test (windows-latest)	Run cargo test --all-features	2026-09-12T15:20:55.8523280Z ^[[1m^[[92m     Running^[[0m tests\public_api.rs (target\debug\deps\public_api-bae2d938c3c8141f.exe)
test (windows-latest)	Run cargo test --all-features	2026-09-12T15:20:55.8633279Z 
test (windows-latest)	Run cargo test --all-features	2026-09-12T15:20:55.8633529Z running 3 tests
test (windows-latest)	Run cargo test --all-features	2026-09-12T15:20:55.8635020Z test default_instance_ambient_helper ... ignored, launched as an ambient-coordinate helper
test (windows-latest)	Run cargo test --all-features	2026-09-12T15:20:55.8749014Z test public_methods_are_callable_from_an_external_crate ... ok
test (windows-latest)	Run cargo test --all-features	2026-09-12T15:20:55.8776495Z test default_instance_ignores_ambient_coordinates ... ok
test (windows-latest)	Run cargo test --all-features	2026-09-12T15:20:55.8776969Z 
test (windows-latest)	Run cargo test --all-features	2026-09-12T15:20:55.8777361Z test result: ok. 2 passed; 0 failed; 1 ignored; 0 measured; 0 filtered out; finished in 0.01s
test (windows-latest)	Run cargo test --all-features	2026-09-12T15:20:55.8777646Z 
test (windows-latest)	Run cargo test --all-features	2026-09-12T15:20:55.8794667Z ^[[1m^[[92m   Doc-tests^[[0m stillyard
test (windows-latest)	Run cargo test --all-features	2026-09-12T15:20:58.1392088Z 
test (windows-latest)	Run cargo test --all-features	2026-09-12T15:20:58.1392642Z running 0 tests
test (windows-latest)	Run cargo test --all-features	2026-09-12T15:20:58.1392804Z 
test (windows-latest)	Run cargo test --all-features	2026-09-12T15:20:58.1394726Z test result: ok. 0 passed; 0 failed; 0 ignored; 0 measured; 0 filtered out; finished in 0.00s
test (windows-latest)	Run cargo test --all-features	2026-09-12T15:20:58.1395060Z 
test (windows-latest)	Post Run actions/checkout@v5	﻿2026-09-12T15:20:58.2633999Z Post job cleanup.
test (windows-latest)	Post Run actions/checkout@v5	2026-09-12T15:20:58.4096595Z [command]"C:\Program Files\Git\bin\git.exe" version
test (windows-latest)	Post Run actions/checkout@v5	2026-09-12T15:20:58.4354695Z git version 2.55.0.windows.5
test (windows-latest)	Post Run actions/checkout@v5	2026-09-12T15:20:58.4408033Z Temporarily overriding HOME='D:\a\_temp\ac21c4d3-6009-469d-a230-0a408801d572' before making global git config changes
test (windows-latest)	Post Run actions/checkout@v5	2026-09-12T15:20:58.4409441Z Adding repository directory to the temporary git global config as a safe directory
test (windows-latest)	Post Run actions/checkout@v5	2026-09-12T15:20:58.4417361Z [command]"C:\Program Files\Git\bin\git.exe" config --global --add safe.directory D:\a\stillyard\stillyard
test (windows-latest)	Post Run actions/checkout@v5	2026-09-12T15:20:58.4669383Z [command]"C:\Program Files\Git\bin\git.exe" config --local --name-only --get-regexp core\.sshCommand
test (windows-latest)	Post Run actions/checkout@v5	2026-09-12T15:20:58.4915019Z [command]"C:\Program Files\Git\bin\git.exe" submodule foreach --recursive "sh -c \"git config --local --name-only --get-regexp 'core\.sshCommand' && git config --local --unset-all 'core.sshCommand' || :\""
test (windows-latest)	Post Run actions/checkout@v5	2026-09-12T15:20:58.9072547Z [command]"C:\Program Files\Git\bin\git.exe" config --local --name-only --get-regexp http\.https\:\/\/github\.com\/\.extraheader
test (windows-latest)	Post Run actions/checkout@v5	2026-09-12T15:20:58.9269662Z http.https://github.com/.extraheader
test (windows-latest)	Post Run actions/checkout@v5	2026-09-12T15:20:58.9301800Z [command]"C:\Program Files\Git\bin\git.exe" config --local --unset-all http.https://github.com/.extraheader
test (windows-latest)	Post Run actions/checkout@v5	2026-09-12T15:20:58.9535763Z [command]"C:\Program Files\Git\bin\git.exe" submodule foreach --recursive "sh -c \"git config --local --name-only --get-regexp 'http\.https\:\/\/github\.com\/\.extraheader' && git config --local --unset-all 'http.https://github.com/.extraheader' || :\""
test (windows-latest)	Post Run actions/checkout@v5	2026-09-12T15:20:59.3821153Z [command]"C:\Program Files\Git\bin\git.exe" config --local --name-only --get-regexp ^includeIf\.gitdir:
test (windows-latest)	Post Run actions/checkout@v5	2026-09-12T15:20:59.4050558Z [command]"C:\Program Files\Git\bin\git.exe" submodule foreach --recursive "git config --local --show-origin --name-only --get-regexp remote.origin.url"
test (windows-latest)	Complete job	﻿2026-09-12T15:20:59.8415103Z Cleaning up orphan processes
test (windows-latest)	Complete job	2026-09-12T15:20:59.8838517Z Terminate orphan process: pid (7292) (vctip)
test (ubuntu-latest)	Set up job	﻿2026-09-12T15:14:45.4125876Z Current runner version: '2.337.0'
test (ubuntu-latest)	Set up job	2026-09-12T15:14:45.4146670Z ##[group]Runner Image Provisioner
test (ubuntu-latest)	Set up job	2026-09-12T15:14:45.4147433Z Hosted Compute Agent
test (ubuntu-latest)	Set up job	2026-09-12T15:14:45.4147961Z Version: 20260828.587
test (ubuntu-latest)	Set up job	2026-09-12T15:14:45.4148499Z Commit: abac92662cab4cc7352de4f9f9d2e2419aad9c29
test (ubuntu-latest)	Set up job	2026-09-12T15:14:45.4149079Z Build Date: 2026-08-28T16:44:25Z
test (ubuntu-latest)	Set up job	2026-09-12T15:14:45.4149659Z Worker ID: {c3040fa0-7701-456e-93c4-00d89d22ded1}
test (ubuntu-latest)	Set up job	2026-09-12T15:14:45.4150246Z Azure Region: centralus
test (ubuntu-latest)	Set up job	2026-09-12T15:14:45.4150786Z ##[endgroup]
test (ubuntu-latest)	Set up job	2026-09-12T15:14:45.4151985Z ##[group]Operating System
test (ubuntu-latest)	Set up job	2026-09-12T15:14:45.4152476Z Ubuntu
test (ubuntu-latest)	Set up job	2026-09-12T15:14:45.4152926Z 24.04.5
test (ubuntu-latest)	Set up job	2026-09-12T15:14:45.4153346Z LTS
test (ubuntu-latest)	Set up job	2026-09-12T15:14:45.4153770Z ##[endgroup]
test (ubuntu-latest)	Set up job	2026-09-12T15:14:45.4154256Z ##[group]Runner Image
test (ubuntu-latest)	Set up job	2026-09-12T15:14:45.4154736Z Image: ubuntu-24.04
test (ubuntu-latest)	Set up job	2026-09-12T15:14:45.4155549Z Version: 20260907.300.1
test (ubuntu-latest)	Set up job	2026-09-12T15:14:45.4156728Z Included Software: https://github.com/actions/runner-images/blob/ubuntu24/20260907.300/images/ubuntu/Ubuntu2404-Readme.md
test (ubuntu-latest)	Set up job	2026-09-12T15:14:45.4158254Z Image Release: https://github.com/actions/runner-images/releases/tag/ubuntu24%2F20260907.300
test (ubuntu-latest)	Set up job	2026-09-12T15:14:45.4159033Z ##[endgroup]
test (ubuntu-latest)	Set up job	2026-09-12T15:14:45.4160261Z ##[group]GITHUB_TOKEN Permissions
test (ubuntu-latest)	Set up job	2026-09-12T15:14:45.4162778Z Contents: read
test (ubuntu-latest)	Set up job	2026-09-12T15:14:45.4163606Z Metadata: read
test (ubuntu-latest)	Set up job	2026-09-12T15:14:45.4164276Z ##[endgroup]
test (ubuntu-latest)	Set up job	2026-09-12T15:14:45.4167819Z Secret source: Actions
test (ubuntu-latest)	Set up job	2026-09-12T15:14:45.4169017Z Cache mode: write
test (ubuntu-latest)	Set up job	2026-09-12T15:14:45.4169871Z Prepare workflow directory
test (ubuntu-latest)	Set up job	2026-09-12T15:14:45.4756239Z Prepare all required actions
test (ubuntu-latest)	Set up job	2026-09-12T15:14:45.4818582Z Getting action download info
test (ubuntu-latest)	Set up job	2026-09-12T15:14:45.7015807Z Download action repository 'actions/checkout@v5' (SHA:fbc6f3992d24b796d5a048ff273f7fcc4a7b6c09)
test (ubuntu-latest)	Set up job	2026-09-12T15:14:46.1179349Z Download action repository 'dtolnay/rust-toolchain@stable' (SHA:6bed0761d98439e5a578e2877258200ad565ba87)
test (ubuntu-latest)	Set up job	2026-09-12T15:14:46.5324633Z Complete job name: test (ubuntu-latest)
test (ubuntu-latest)	Run actions/checkout@v5	﻿2026-09-12T15:14:46.5927555Z ##[group]Run actions/checkout@v5
test (ubuntu-latest)	Run actions/checkout@v5	2026-09-12T15:14:46.5928516Z with:
test (ubuntu-latest)	Run actions/checkout@v5	2026-09-12T15:14:46.5929036Z   repository: pyboosted/stillyard
test (ubuntu-latest)	Run actions/checkout@v5	2026-09-12T15:14:46.5932875Z   token: ***
test (ubuntu-latest)	Run actions/checkout@v5	2026-09-12T15:14:46.5933719Z   ssh-strict: true
test (ubuntu-latest)	Run actions/checkout@v5	2026-09-12T15:14:46.5934263Z   ssh-user: git
test (ubuntu-latest)	Run actions/checkout@v5	2026-09-12T15:14:46.5934750Z   persist-credentials: true
test (ubuntu-latest)	Run actions/checkout@v5	2026-09-12T15:14:46.5935276Z   clean: true
test (ubuntu-latest)	Run actions/checkout@v5	2026-09-12T15:14:46.5935767Z   sparse-checkout-cone-mode: true
test (ubuntu-latest)	Run actions/checkout@v5	2026-09-12T15:14:46.5936489Z   fetch-depth: 1
test (ubuntu-latest)	Run actions/checkout@v5	2026-09-12T15:14:46.5936976Z   fetch-tags: false
test (ubuntu-latest)	Run actions/checkout@v5	2026-09-12T15:14:46.5937460Z   show-progress: true
test (ubuntu-latest)	Run actions/checkout@v5	2026-09-12T15:14:46.5937965Z   lfs: false
test (ubuntu-latest)	Run actions/checkout@v5	2026-09-12T15:14:46.5938440Z   submodules: false
test (ubuntu-latest)	Run actions/checkout@v5	2026-09-12T15:14:46.5938925Z   set-safe-directory: true
test (ubuntu-latest)	Run actions/checkout@v5	2026-09-12T15:14:46.5939533Z   allow-unsafe-pr-checkout: false
test (ubuntu-latest)	Run actions/checkout@v5	2026-09-12T15:14:46.5940289Z ##[endgroup]
test (ubuntu-latest)	Run actions/checkout@v5	2026-09-12T15:14:46.6864340Z Syncing repository: pyboosted/stillyard
test (ubuntu-latest)	Run actions/checkout@v5	2026-09-12T15:14:46.6867312Z ##[group]Getting Git version info
test (ubuntu-latest)	Run actions/checkout@v5	2026-09-12T15:14:46.6868623Z Working directory is '/home/runner/work/stillyard/stillyard'
test (ubuntu-latest)	Run actions/checkout@v5	2026-09-12T15:14:46.6870561Z [command]/usr/bin/git version
test (ubuntu-latest)	Run actions/checkout@v5	2026-09-12T15:14:46.6893717Z git version 2.55.0
test (ubuntu-latest)	Run actions/checkout@v5	2026-09-12T15:14:46.6909208Z ##[endgroup]
test (ubuntu-latest)	Run actions/checkout@v5	2026-09-12T15:14:46.6922143Z Temporarily overriding HOME='/home/runner/work/_temp/f8beda4d-7960-4aef-a75e-0286ff523e80' before making global git config changes
test (ubuntu-latest)	Run actions/checkout@v5	2026-09-12T15:14:46.6924355Z Adding repository directory to the temporary git global config as a safe directory
test (ubuntu-latest)	Run actions/checkout@v5	2026-09-12T15:14:46.6926328Z [command]/usr/bin/git config --global --add safe.directory /home/runner/work/stillyard/stillyard
test (ubuntu-latest)	Run actions/checkout@v5	2026-09-12T15:14:46.7012065Z Deleting the contents of '/home/runner/work/stillyard/stillyard'
test (ubuntu-latest)	Run actions/checkout@v5	2026-09-12T15:14:46.7016698Z ##[group]Initializing the repository
test (ubuntu-latest)	Run actions/checkout@v5	2026-09-12T15:14:46.7019599Z [command]/usr/bin/git init /home/runner/work/stillyard/stillyard
test (ubuntu-latest)	Run actions/checkout@v5	2026-09-12T15:14:46.7295879Z hint: Using 'master' as the name for the initial branch. This default branch name
test (ubuntu-latest)	Run actions/checkout@v5	2026-09-12T15:14:46.7297668Z hint: will change to "main" in Git 3.0. To configure the initial branch name
test (ubuntu-latest)	Run actions/checkout@v5	2026-09-12T15:14:46.7299476Z hint: to use in all of your new repositories, which will suppress this warning,
test (ubuntu-latest)	Run actions/checkout@v5	2026-09-12T15:14:46.7300728Z hint: call:
test (ubuntu-latest)	Run actions/checkout@v5	2026-09-12T15:14:46.7301491Z hint:
test (ubuntu-latest)	Run actions/checkout@v5	2026-09-12T15:14:46.7302333Z hint: 	git config --global init.defaultBranch <name>
test (ubuntu-latest)	Run actions/checkout@v5	2026-09-12T15:14:46.7303302Z hint:
test (ubuntu-latest)	Run actions/checkout@v5	2026-09-12T15:14:46.7304334Z hint: Names commonly chosen instead of 'master' are 'main', 'trunk' and
test (ubuntu-latest)	Run actions/checkout@v5	2026-09-12T15:14:46.7305759Z hint: 'development'. The just-created branch can be renamed via this command:
test (ubuntu-latest)	Run actions/checkout@v5	2026-09-12T15:14:46.7307183Z hint:
test (ubuntu-latest)	Run actions/checkout@v5	2026-09-12T15:14:46.7307951Z hint: 	git branch -m <name>
test (ubuntu-latest)	Run actions/checkout@v5	2026-09-12T15:14:46.7308737Z hint:
test (ubuntu-latest)	Run actions/checkout@v5	2026-09-12T15:14:46.7310105Z hint: Disable this message with "git config set advice.defaultBranchName false"
test (ubuntu-latest)	Run actions/checkout@v5	2026-09-12T15:14:46.7311738Z Initialized empty Git repository in /home/runner/work/stillyard/stillyard/.git/
test (ubuntu-latest)	Run actions/checkout@v5	2026-09-12T15:14:46.7315381Z [command]/usr/bin/git remote add origin https://github.com/pyboosted/stillyard
test (ubuntu-latest)	Run actions/checkout@v5	2026-09-12T15:14:46.7402350Z ##[endgroup]
test (ubuntu-latest)	Run actions/checkout@v5	2026-09-12T15:14:46.7403682Z ##[group]Disabling automatic garbage collection
test (ubuntu-latest)	Run actions/checkout@v5	2026-09-12T15:14:46.7404683Z [command]/usr/bin/git config --local gc.auto 0
test (ubuntu-latest)	Run actions/checkout@v5	2026-09-12T15:14:46.7554389Z ##[endgroup]
test (ubuntu-latest)	Run actions/checkout@v5	2026-09-12T15:14:46.7555834Z ##[group]Setting up auth
test (ubuntu-latest)	Run actions/checkout@v5	2026-09-12T15:14:46.7561574Z [command]/usr/bin/git config --local --name-only --get-regexp core\.sshCommand
test (ubuntu-latest)	Run actions/checkout@v5	2026-09-12T15:14:46.7589861Z [command]/usr/bin/git submodule foreach --recursive sh -c "git config --local --name-only --get-regexp 'core\.sshCommand' && git config --local --unset-all 'core.sshCommand' || :"
test (ubuntu-latest)	Run actions/checkout@v5	2026-09-12T15:14:46.7842487Z [command]/usr/bin/git config --local --name-only --get-regexp http\.https\:\/\/github\.com\/\.extraheader
test (ubuntu-latest)	Run actions/checkout@v5	2026-09-12T15:14:46.7869459Z [command]/usr/bin/git submodule foreach --recursive sh -c "git config --local --name-only --get-regexp 'http\.https\:\/\/github\.com\/\.extraheader' && git config --local --unset-all 'http.https://github.com/.extraheader' || :"
test (ubuntu-latest)	Run actions/checkout@v5	2026-09-12T15:14:46.8027884Z [command]/usr/bin/git config --local --name-only --get-regexp ^includeIf\.gitdir:
test (ubuntu-latest)	Run actions/checkout@v5	2026-09-12T15:14:46.8053810Z [command]/usr/bin/git submodule foreach --recursive git config --local --show-origin --name-only --get-regexp remote.origin.url
test (ubuntu-latest)	Run actions/checkout@v5	2026-09-12T15:14:46.8213418Z [command]/usr/bin/git config --local http.https://github.com/.extraheader AUTHORIZATION: basic ***
test (ubuntu-latest)	Run actions/checkout@v5	2026-09-12T15:14:46.8438353Z ##[endgroup]
test (ubuntu-latest)	Run actions/checkout@v5	2026-09-12T15:14:46.8439618Z ##[group]Fetching the repository
test (ubuntu-latest)	Run actions/checkout@v5	2026-09-12T15:14:46.8447790Z [command]/usr/bin/git -c protocol.version=2 fetch --no-tags --prune --no-recurse-submodules --depth=1 origin +e27bf173b84b757d6a9ad82582285d3b80554299:refs/remotes/origin/fix/attached-fixture-owner
test (ubuntu-latest)	Run actions/checkout@v5	2026-09-12T15:14:48.0798331Z From https://github.com/pyboosted/stillyard
test (ubuntu-latest)	Run actions/checkout@v5	2026-09-12T15:14:48.0800642Z  * [new ref]         e27bf173b84b757d6a9ad82582285d3b80554299 -> origin/fix/attached-fixture-owner
test (ubuntu-latest)	Run actions/checkout@v5	2026-09-12T15:14:48.0805532Z ##[endgroup]
test (ubuntu-latest)	Run actions/checkout@v5	2026-09-12T15:14:48.0807550Z ##[group]Determining the checkout info
test (ubuntu-latest)	Run actions/checkout@v5	2026-09-12T15:14:48.0809393Z ##[endgroup]
test (ubuntu-latest)	Run actions/checkout@v5	2026-09-12T15:14:48.0813206Z [command]/usr/bin/git sparse-checkout disable
test (ubuntu-latest)	Run actions/checkout@v5	2026-09-12T15:14:48.0854419Z [command]/usr/bin/git config --local --unset-all extensions.worktreeConfig
test (ubuntu-latest)	Run actions/checkout@v5	2026-09-12T15:14:48.0880612Z ##[group]Checking out the ref
test (ubuntu-latest)	Run actions/checkout@v5	2026-09-12T15:14:48.0885583Z [command]/usr/bin/git checkout --progress --force -B fix/attached-fixture-owner refs/remotes/origin/fix/attached-fixture-owner
test (ubuntu-latest)	Run actions/checkout@v5	2026-09-12T15:14:48.3554881Z Switched to a new branch 'fix/attached-fixture-owner'
test (ubuntu-latest)	Run actions/checkout@v5	2026-09-12T15:14:48.3558981Z branch 'fix/attached-fixture-owner' set up to track 'origin/fix/attached-fixture-owner'.
test (ubuntu-latest)	Run actions/checkout@v5	2026-09-12T15:14:48.3577888Z ##[endgroup]
test (ubuntu-latest)	Run actions/checkout@v5	2026-09-12T15:14:48.3617579Z [command]/usr/bin/git log -1 --format=%H
test (ubuntu-latest)	Run actions/checkout@v5	2026-09-12T15:14:48.3639838Z e27bf173b84b757d6a9ad82582285d3b80554299
test (ubuntu-latest)	Run dtolnay/rust-toolchain@stable	﻿2026-09-12T15:14:48.3993062Z ##[group]Run dtolnay/rust-toolchain@stable
test (ubuntu-latest)	Run dtolnay/rust-toolchain@stable	2026-09-12T15:14:48.3993993Z with:
test (ubuntu-latest)	Run dtolnay/rust-toolchain@stable	2026-09-12T15:14:48.3994833Z   components: rustfmt, clippy
test (ubuntu-latest)	Run dtolnay/rust-toolchain@stable	2026-09-12T15:14:48.3995699Z   toolchain: stable
test (ubuntu-latest)	Run dtolnay/rust-toolchain@stable	2026-09-12T15:14:48.3996602Z ##[endgroup]
test (ubuntu-latest)	Run dtolnay/rust-toolchain@stable	2026-09-12T15:14:48.4078376Z ##[start-action display=Parse toolchain version;id=__dtolnay_rust-toolchain.parse]
test (ubuntu-latest)	Run dtolnay/rust-toolchain@stable	2026-09-12T15:14:48.4141278Z ##[group]Run if [[ -z $toolchain ]]; then
test (ubuntu-latest)	Run dtolnay/rust-toolchain@stable	2026-09-12T15:14:48.4142303Z ^[[36;1mif [[ -z $toolchain ]]; then^[[0m
test (ubuntu-latest)	Run dtolnay/rust-toolchain@stable	2026-09-12T15:14:48.4143404Z ^[[36;1m  # GitHub does not enforce `required: true` inputs itself. https://github.com/actions/runner/issues/1070^[[0m
test (ubuntu-latest)	Run dtolnay/rust-toolchain@stable	2026-09-12T15:14:48.4144482Z ^[[36;1m  echo "'toolchain' is a required input" >&2^[[0m
test (ubuntu-latest)	Run dtolnay/rust-toolchain@stable	2026-09-12T15:14:48.4145362Z ^[[36;1m  exit 1^[[0m
test (ubuntu-latest)	Run dtolnay/rust-toolchain@stable	2026-09-12T15:14:48.4146492Z ^[[36;1melif [[ $toolchain =~ ^stable' '[0-9]+' '(year|month|week|day)s?' 'ago$ ]]; then^[[0m
test (ubuntu-latest)	Run dtolnay/rust-toolchain@stable	2026-09-12T15:14:48.4147587Z ^[[36;1m  if [[ Linux == macOS ]]; then^[[0m
test (ubuntu-latest)	Run dtolnay/rust-toolchain@stable	2026-09-12T15:14:48.4148664Z ^[[36;1m    echo "toolchain=1.$((($(date -v-$(sed 's/stable \([0-9]*\) \(.\).*/\1\2/' <<< $toolchain) +%s)/60/60/24-16569)/7/6))" >> $GITHUB_OUTPUT^[[0m
test (ubuntu-latest)	Run dtolnay/rust-toolchain@stable	2026-09-12T15:14:48.4149783Z ^[[36;1m  else^[[0m
test (ubuntu-latest)	Run dtolnay/rust-toolchain@stable	2026-09-12T15:14:48.4150783Z ^[[36;1m    echo "toolchain=1.$((($(date --date "${toolchain#stable }" +%s)/60/60/24-16569)/7/6))" >> $GITHUB_OUTPUT^[[0m
test (ubuntu-latest)	Run dtolnay/rust-toolchain@stable	2026-09-12T15:14:48.4151779Z ^[[36;1m  fi^[[0m
test (ubuntu-latest)	Run dtolnay/rust-toolchain@stable	2026-09-12T15:14:48.4152621Z ^[[36;1melif [[ $toolchain =~ ^stable' 'minus' '[0-9]+' 'releases?$ ]]; then^[[0m
test (ubuntu-latest)	Run dtolnay/rust-toolchain@stable	2026-09-12T15:14:48.4153688Z ^[[36;1m  echo "toolchain=1.$((($(date +%s)/60/60/24-16569)/7/6-${toolchain//[^0-9]/}))" >> $GITHUB_OUTPUT^[[0m
test (ubuntu-latest)	Run dtolnay/rust-toolchain@stable	2026-09-12T15:14:48.4154697Z ^[[36;1melif [[ $toolchain =~ ^1\.[0-9]+$ ]]; then^[[0m
test (ubuntu-latest)	Run dtolnay/rust-toolchain@stable	2026-09-12T15:14:48.4155750Z ^[[36;1m  echo "toolchain=1.$((i=${toolchain#1.}, c=($(date +%s)/60/60/24-16569)/7/6, i+9*i*(10*i<=c)+90*i*(100*i<=c)))" >> $GITHUB_OUTPUT^[[0m
test (ubuntu-latest)	Run dtolnay/rust-toolchain@stable	2026-09-12T15:14:48.4156967Z ^[[36;1melse^[[0m
test (ubuntu-latest)	Run dtolnay/rust-toolchain@stable	2026-09-12T15:14:48.4157749Z ^[[36;1m  echo "toolchain=$toolchain" >> $GITHUB_OUTPUT^[[0m
test (ubuntu-latest)	Run dtolnay/rust-toolchain@stable	2026-09-12T15:14:48.4158600Z ^[[36;1mfi^[[0m
test (ubuntu-latest)	Run dtolnay/rust-toolchain@stable	2026-09-12T15:14:48.4188479Z shell: /usr/bin/bash --noprofile --norc -e -o pipefail {0}
test (ubuntu-latest)	Run dtolnay/rust-toolchain@stable	2026-09-12T15:14:48.4189492Z env:
test (ubuntu-latest)	Run dtolnay/rust-toolchain@stable	2026-09-12T15:14:48.4190204Z   toolchain: stable
test (ubuntu-latest)	Run dtolnay/rust-toolchain@stable	2026-09-12T15:14:48.4190963Z ##[endgroup]
test (ubuntu-latest)	Run dtolnay/rust-toolchain@stable	2026-09-12T15:14:48.4292336Z ##[end-action id=__dtolnay_rust-toolchain.parse;outcome=success;conclusion=success;duration_ms=21]
test (ubuntu-latest)	Run dtolnay/rust-toolchain@stable	2026-09-12T15:14:48.4306580Z ##[start-action display=Construct rustup command line;id=__dtolnay_rust-toolchain.flags]
test (ubuntu-latest)	Run dtolnay/rust-toolchain@stable	2026-09-12T15:14:48.4345795Z ##[group]Run echo "targets=$(for t in ${targets//,/ }; do echo -n ' --target' $t; done)" >> $GITHUB_OUTPUT
test (ubuntu-latest)	Run dtolnay/rust-toolchain@stable	2026-09-12T15:14:48.4347264Z ^[[36;1mecho "targets=$(for t in ${targets//,/ }; do echo -n ' --target' $t; done)" >> $GITHUB_OUTPUT^[[0m
test (ubuntu-latest)	Run dtolnay/rust-toolchain@stable	2026-09-12T15:14:48.4348492Z ^[[36;1mecho "components=$(for c in ${components//,/ }; do echo -n ' --component' $c; done)" >> $GITHUB_OUTPUT^[[0m
test (ubuntu-latest)	Run dtolnay/rust-toolchain@stable	2026-09-12T15:14:48.4349562Z ^[[36;1mecho "downgrade=" >> $GITHUB_OUTPUT^[[0m
test (ubuntu-latest)	Run dtolnay/rust-toolchain@stable	2026-09-12T15:14:48.4373181Z shell: /usr/bin/bash --noprofile --norc -e -o pipefail {0}
test (ubuntu-latest)	Run dtolnay/rust-toolchain@stable	2026-09-12T15:14:48.4374178Z env:
test (ubuntu-latest)	Run dtolnay/rust-toolchain@stable	2026-09-12T15:14:48.4374890Z   targets: 
test (ubuntu-latest)	Run dtolnay/rust-toolchain@stable	2026-09-12T15:14:48.4375626Z   components: rustfmt, clippy
test (ubuntu-latest)	Run dtolnay/rust-toolchain@stable	2026-09-12T15:14:48.4376632Z ##[endgroup]
test (ubuntu-latest)	Run dtolnay/rust-toolchain@stable	2026-09-12T15:14:48.4438711Z ##[end-action id=__dtolnay_rust-toolchain.flags;outcome=success;conclusion=success;duration_ms=13]
test (ubuntu-latest)	Run dtolnay/rust-toolchain@stable	2026-09-12T15:14:48.4443298Z ##[start-action display=Set $CARGO_HOME;id=__dtolnay_rust-toolchain.__run]
test (ubuntu-latest)	Run dtolnay/rust-toolchain@stable	2026-09-12T15:14:48.4474312Z ##[group]Run echo CARGO_HOME=${CARGO_HOME:-"$HOME/.cargo"} >> $GITHUB_ENV
test (ubuntu-latest)	Run dtolnay/rust-toolchain@stable	2026-09-12T15:14:48.4475353Z ^[[36;1mecho CARGO_HOME=${CARGO_HOME:-"$HOME/.cargo"} >> $GITHUB_ENV^[[0m
test (ubuntu-latest)	Run dtolnay/rust-toolchain@stable	2026-09-12T15:14:48.4496534Z shell: /usr/bin/bash --noprofile --norc -e -o pipefail {0}
test (ubuntu-latest)	Run dtolnay/rust-toolchain@stable	2026-09-12T15:14:48.4497452Z ##[endgroup]
test (ubuntu-latest)	Run dtolnay/rust-toolchain@stable	2026-09-12T15:14:48.4552505Z ##[end-action id=__dtolnay_rust-toolchain.__run;outcome=success;conclusion=success;duration_ms=10]
test (ubuntu-latest)	Run dtolnay/rust-toolchain@stable	2026-09-12T15:14:48.4557395Z ##[start-action display=Install rustup if needed;id=__dtolnay_rust-toolchain.__run_2]
test (ubuntu-latest)	Run dtolnay/rust-toolchain@stable	2026-09-12T15:14:48.4596804Z ##[group]Run if ! command -v rustup &>/dev/null; then
test (ubuntu-latest)	Run dtolnay/rust-toolchain@stable	2026-09-12T15:14:48.4597726Z ^[[36;1mif ! command -v rustup &>/dev/null; then^[[0m
test (ubuntu-latest)	Run dtolnay/rust-toolchain@stable	2026-09-12T15:14:48.4598987Z ^[[36;1m  curl --proto '=https' --tlsv1.2 --retry 10 --retry-connrefused --location --silent --show-error --fail https://sh.rustup.rs | sh -s -- --default-toolchain none -y^[[0m
test (ubuntu-latest)	Run dtolnay/rust-toolchain@stable	2026-09-12T15:14:48.4600337Z ^[[36;1m  echo "$CARGO_HOME/bin" >> $GITHUB_PATH^[[0m
test (ubuntu-latest)	Run dtolnay/rust-toolchain@stable	2026-09-12T15:14:48.4601164Z ^[[36;1mfi^[[0m
test (ubuntu-latest)	Run dtolnay/rust-toolchain@stable	2026-09-12T15:14:48.4622647Z shell: /usr/bin/bash --noprofile --norc -e -o pipefail {0}
test (ubuntu-latest)	Run dtolnay/rust-toolchain@stable	2026-09-12T15:14:48.4623514Z env:
test (ubuntu-latest)	Run dtolnay/rust-toolchain@stable	2026-09-12T15:14:48.4624256Z   CARGO_HOME: /home/runner/.cargo
test (ubuntu-latest)	Run dtolnay/rust-toolchain@stable	2026-09-12T15:14:48.4625054Z ##[endgroup]
test (ubuntu-latest)	Run dtolnay/rust-toolchain@stable	2026-09-12T15:14:48.4677065Z ##[end-action id=__dtolnay_rust-toolchain.__run_2;outcome=success;conclusion=success;duration_ms=11]
test (ubuntu-latest)	Run dtolnay/rust-toolchain@stable	2026-09-12T15:14:48.4681527Z ##[start-action display=Install rustup if needed on windows;id=__dtolnay_rust-toolchain.__run_3]
test (ubuntu-latest)	Run dtolnay/rust-toolchain@stable	2026-09-12T15:14:48.4693189Z ##[end-action id=__dtolnay_rust-toolchain.__run_3;outcome=skipped;conclusion=skipped;duration_ms=0]
test (ubuntu-latest)	Run dtolnay/rust-toolchain@stable	2026-09-12T15:14:48.4705249Z ##[start-action display=rustup toolchain install stable;id=__dtolnay_rust-toolchain.__run_4]
test (ubuntu-latest)	Run dtolnay/rust-toolchain@stable	2026-09-12T15:14:48.4735848Z ##[group]Run rustup toolchain install stable --component rustfmt --component clippy --profile minimal --no-self-update
test (ubuntu-latest)	Run dtolnay/rust-toolchain@stable	2026-09-12T15:14:48.4737412Z ^[[36;1mrustup toolchain install stable --component rustfmt --component clippy --profile minimal --no-self-update^[[0m
test (ubuntu-latest)	Run dtolnay/rust-toolchain@stable	2026-09-12T15:14:48.4759581Z shell: /usr/bin/bash --noprofile --norc -e -o pipefail {0}
test (ubuntu-latest)	Run dtolnay/rust-toolchain@stable	2026-09-12T15:14:48.4760453Z env:
test (ubuntu-latest)	Run dtolnay/rust-toolchain@stable	2026-09-12T15:14:48.4761149Z   CARGO_HOME: /home/runner/.cargo
test (ubuntu-latest)	Run dtolnay/rust-toolchain@stable	2026-09-12T15:14:48.4761884Z   RUSTUP_PERMIT_COPY_RENAME: 1
test (ubuntu-latest)	Run dtolnay/rust-toolchain@stable	2026-09-12T15:14:48.4762652Z ##[endgroup]
test (ubuntu-latest)	Run dtolnay/rust-toolchain@stable	2026-09-12T15:14:48.5968120Z info: syncing channel updates for stable-x86_64-unknown-linux-gnu
test (ubuntu-latest)	Run dtolnay/rust-toolchain@stable	2026-09-12T15:14:48.8832788Z info: latest update on 2026-09-03 for version 1.98.1 (48a229cea 2026-09-01)
test (ubuntu-latest)	Run dtolnay/rust-toolchain@stable	2026-09-12T15:14:48.9005580Z info: component clippy is up to date
test (ubuntu-latest)	Run dtolnay/rust-toolchain@stable	2026-09-12T15:14:48.9006760Z info: component rustfmt is up to date
test (ubuntu-latest)	Run dtolnay/rust-toolchain@stable	2026-09-12T15:14:48.9018828Z 
test (ubuntu-latest)	Run dtolnay/rust-toolchain@stable	2026-09-12T15:14:48.9092803Z   stable-x86_64-unknown-linux-gnu unchanged - rustc 1.98.1 (48a229cea 2026-09-01)
test (ubuntu-latest)	Run dtolnay/rust-toolchain@stable	2026-09-12T15:14:48.9093370Z 
test (ubuntu-latest)	Run dtolnay/rust-toolchain@stable	2026-09-12T15:14:48.9113872Z ##[end-action id=__dtolnay_rust-toolchain.__run_4;outcome=success;conclusion=success;duration_ms=440]
test (ubuntu-latest)	Run dtolnay/rust-toolchain@stable	2026-09-12T15:14:48.9119144Z ##[start-action display=rustup default stable;id=__dtolnay_rust-toolchain.__run_5]
test (ubuntu-latest)	Run dtolnay/rust-toolchain@stable	2026-09-12T15:14:48.9139146Z ##[group]Run rustup default stable
test (ubuntu-latest)	Run dtolnay/rust-toolchain@stable	2026-09-12T15:14:48.9139549Z ^[[36;1mrustup default stable^[[0m
test (ubuntu-latest)	Run dtolnay/rust-toolchain@stable	2026-09-12T15:14:48.9164117Z shell: /usr/bin/bash --noprofile --norc -e -o pipefail {0}
test (ubuntu-latest)	Run dtolnay/rust-toolchain@stable	2026-09-12T15:14:48.9164538Z env:
test (ubuntu-latest)	Run dtolnay/rust-toolchain@stable	2026-09-12T15:14:48.9164869Z   CARGO_HOME: /home/runner/.cargo
test (ubuntu-latest)	Run dtolnay/rust-toolchain@stable	2026-09-12T15:14:48.9165206Z ##[endgroup]
test (ubuntu-latest)	Run dtolnay/rust-toolchain@stable	2026-09-12T15:14:48.9243315Z info: using existing install for stable-x86_64-unknown-linux-gnu
test (ubuntu-latest)	Run dtolnay/rust-toolchain@stable	2026-09-12T15:14:48.9253621Z info: default toolchain set to stable-x86_64-unknown-linux-gnu
test (ubuntu-latest)	Run dtolnay/rust-toolchain@stable	2026-09-12T15:14:48.9253988Z 
test (ubuntu-latest)	Run dtolnay/rust-toolchain@stable	2026-09-12T15:14:48.9323988Z   stable-x86_64-unknown-linux-gnu unchanged - rustc 1.98.1 (48a229cea 2026-09-01)
test (ubuntu-latest)	Run dtolnay/rust-toolchain@stable	2026-09-12T15:14:48.9324377Z 
test (ubuntu-latest)	Run dtolnay/rust-toolchain@stable	2026-09-12T15:14:48.9335726Z ##[end-action id=__dtolnay_rust-toolchain.__run_5;outcome=success;conclusion=success;duration_ms=21]
test (ubuntu-latest)	Run dtolnay/rust-toolchain@stable	2026-09-12T15:14:48.9338675Z ##[start-action display=Create cachekey;id=__dtolnay_rust-toolchain.rustc-version]
test (ubuntu-latest)	Run dtolnay/rust-toolchain@stable	2026-09-12T15:14:48.9358698Z ##[group]Run DATE=$(rustc +stable --version --verbose | sed -ne 's/^commit-date: \(20[0-9][0-9]\)-\([01][0-9]\)-\([0-3][0-9]\)$/\1\2\3/p')
test (ubuntu-latest)	Run dtolnay/rust-toolchain@stable	2026-09-12T15:14:48.9359482Z ^[[36;1mDATE=$(rustc +stable --version --verbose | sed -ne 's/^commit-date: \(20[0-9][0-9]\)-\([01][0-9]\)-\([0-3][0-9]\)$/\1\2\3/p')^[[0m
test (ubuntu-latest)	Run dtolnay/rust-toolchain@stable	2026-09-12T15:14:48.9360130Z ^[[36;1mHASH=$(rustc +stable --version --verbose | sed -ne 's/^commit-hash: //p')^[[0m
test (ubuntu-latest)	Run dtolnay/rust-toolchain@stable	2026-09-12T15:14:48.9360671Z ^[[36;1mecho "cachekey=$(echo $DATE$HASH | head -c12)" >> $GITHUB_OUTPUT^[[0m
test (ubuntu-latest)	Run dtolnay/rust-toolchain@stable	2026-09-12T15:14:48.9382009Z shell: /usr/bin/bash --noprofile --norc -e -o pipefail {0}
test (ubuntu-latest)	Run dtolnay/rust-toolchain@stable	2026-09-12T15:14:48.9382672Z env:
test (ubuntu-latest)	Run dtolnay/rust-toolchain@stable	2026-09-12T15:14:48.9382989Z   CARGO_HOME: /home/runner/.cargo
test (ubuntu-latest)	Run dtolnay/rust-toolchain@stable	2026-09-12T15:14:48.9383345Z ##[endgroup]
test (ubuntu-latest)	Run dtolnay/rust-toolchain@stable	2026-09-12T15:14:48.9681551Z ##[end-action id=__dtolnay_rust-toolchain.rustc-version;outcome=success;conclusion=success;duration_ms=34]
test (ubuntu-latest)	Run dtolnay/rust-toolchain@stable	2026-09-12T15:14:48.9684436Z ##[start-action display=Disable incremental compilation;id=__dtolnay_rust-toolchain.__run_6]
test (ubuntu-latest)	Run dtolnay/rust-toolchain@stable	2026-09-12T15:14:48.9702861Z ##[group]Run if [ -z "${CARGO_INCREMENTAL+set}" ]; then
test (ubuntu-latest)	Run dtolnay/rust-toolchain@stable	2026-09-12T15:14:48.9703388Z ^[[36;1mif [ -z "${CARGO_INCREMENTAL+set}" ]; then^[[0m
test (ubuntu-latest)	Run dtolnay/rust-toolchain@stable	2026-09-12T15:14:48.9703788Z ^[[36;1m  echo CARGO_INCREMENTAL=0 >> $GITHUB_ENV^[[0m
test (ubuntu-latest)	Run dtolnay/rust-toolchain@stable	2026-09-12T15:14:48.9704133Z ^[[36;1mfi^[[0m
test (ubuntu-latest)	Run dtolnay/rust-toolchain@stable	2026-09-12T15:14:48.9725130Z shell: /usr/bin/bash --noprofile --norc -e -o pipefail {0}
test (ubuntu-latest)	Run dtolnay/rust-toolchain@stable	2026-09-12T15:14:48.9725589Z env:
test (ubuntu-latest)	Run dtolnay/rust-toolchain@stable	2026-09-12T15:14:48.9725896Z   CARGO_HOME: /home/runner/.cargo
test (ubuntu-latest)	Run dtolnay/rust-toolchain@stable	2026-09-12T15:14:48.9726437Z ##[endgroup]
test (ubuntu-latest)	Run dtolnay/rust-toolchain@stable	2026-09-12T15:14:48.9769861Z ##[end-action id=__dtolnay_rust-toolchain.__run_6;outcome=success;conclusion=success;duration_ms=8]
test (ubuntu-latest)	Run dtolnay/rust-toolchain@stable	2026-09-12T15:14:48.9772441Z ##[start-action display=Enable colors in Cargo output;id=__dtolnay_rust-toolchain.__run_7]
test (ubuntu-latest)	Run dtolnay/rust-toolchain@stable	2026-09-12T15:14:48.9790726Z ##[group]Run if [ -z "${CARGO_TERM_COLOR+set}" ]; then
test (ubuntu-latest)	Run dtolnay/rust-toolchain@stable	2026-09-12T15:14:48.9791202Z ^[[36;1mif [ -z "${CARGO_TERM_COLOR+set}" ]; then^[[0m
test (ubuntu-latest)	Run dtolnay/rust-toolchain@stable	2026-09-12T15:14:48.9791614Z ^[[36;1m  echo CARGO_TERM_COLOR=always >> $GITHUB_ENV^[[0m
test (ubuntu-latest)	Run dtolnay/rust-toolchain@stable	2026-09-12T15:14:48.9792036Z ^[[36;1mfi^[[0m
test (ubuntu-latest)	Run dtolnay/rust-toolchain@stable	2026-09-12T15:14:48.9811515Z shell: /usr/bin/bash --noprofile --norc -e -o pipefail {0}
test (ubuntu-latest)	Run dtolnay/rust-toolchain@stable	2026-09-12T15:14:48.9812003Z env:
test (ubuntu-latest)	Run dtolnay/rust-toolchain@stable	2026-09-12T15:14:48.9812316Z   CARGO_HOME: /home/runner/.cargo
test (ubuntu-latest)	Run dtolnay/rust-toolchain@stable	2026-09-12T15:14:48.9812696Z   CARGO_INCREMENTAL: 0
test (ubuntu-latest)	Run dtolnay/rust-toolchain@stable	2026-09-12T15:14:48.9813011Z ##[endgroup]
test (ubuntu-latest)	Run dtolnay/rust-toolchain@stable	2026-09-12T15:14:48.9855344Z ##[end-action id=__dtolnay_rust-toolchain.__run_7;outcome=success;conclusion=success;duration_ms=8]
test (ubuntu-latest)	Run dtolnay/rust-toolchain@stable	2026-09-12T15:14:48.9858221Z ##[start-action display=Enable Cargo sparse registry;id=__dtolnay_rust-toolchain.__run_8]
test (ubuntu-latest)	Run dtolnay/rust-toolchain@stable	2026-09-12T15:14:48.9877899Z ##[group]Run # implemented in 1.66, stabilized in 1.68, made default in 1.70
test (ubuntu-latest)	Run dtolnay/rust-toolchain@stable	2026-09-12T15:14:48.9878510Z ^[[36;1m# implemented in 1.66, stabilized in 1.68, made default in 1.70^[[0m
test (ubuntu-latest)	Run dtolnay/rust-toolchain@stable	2026-09-12T15:14:48.9879212Z ^[[36;1mif [ -z "${CARGO_REGISTRIES_CRATES_IO_PROTOCOL+set}" -o -f "/home/runner/work/_temp"/.implicit_cargo_registries_crates_io_protocol ]; then^[[0m
test (ubuntu-latest)	Run dtolnay/rust-toolchain@stable	2026-09-12T15:14:48.9879915Z ^[[36;1m  if rustc +stable --version --verbose | grep -q '^release: 1\.6[89]\.'; then^[[0m
test (ubuntu-latest)	Run dtolnay/rust-toolchain@stable	2026-09-12T15:14:48.9880490Z ^[[36;1m    touch "/home/runner/work/_temp"/.implicit_cargo_registries_crates_io_protocol || true^[[0m
test (ubuntu-latest)	Run dtolnay/rust-toolchain@stable	2026-09-12T15:14:48.9881056Z ^[[36;1m    echo CARGO_REGISTRIES_CRATES_IO_PROTOCOL=sparse >> $GITHUB_ENV^[[0m
test (ubuntu-latest)	Run dtolnay/rust-toolchain@stable	2026-09-12T15:14:48.9881615Z ^[[36;1m  elif rustc +stable --version --verbose | grep -q '^release: 1\.6[67]\.'; then^[[0m
test (ubuntu-latest)	Run dtolnay/rust-toolchain@stable	2026-09-12T15:14:48.9882211Z ^[[36;1m    touch "/home/runner/work/_temp"/.implicit_cargo_registries_crates_io_protocol || true^[[0m
test (ubuntu-latest)	Run dtolnay/rust-toolchain@stable	2026-09-12T15:14:48.9882739Z ^[[36;1m    echo CARGO_REGISTRIES_CRATES_IO_PROTOCOL=git >> $GITHUB_ENV^[[0m
test (ubuntu-latest)	Run dtolnay/rust-toolchain@stable	2026-09-12T15:14:48.9883144Z ^[[36;1m  fi^[[0m
test (ubuntu-latest)	Run dtolnay/rust-toolchain@stable	2026-09-12T15:14:48.9883477Z ^[[36;1mfi^[[0m
test (ubuntu-latest)	Run dtolnay/rust-toolchain@stable	2026-09-12T15:14:48.9902637Z shell: /usr/bin/bash --noprofile --norc -e -o pipefail {0}
test (ubuntu-latest)	Run dtolnay/rust-toolchain@stable	2026-09-12T15:14:48.9903046Z env:
test (ubuntu-latest)	Run dtolnay/rust-toolchain@stable	2026-09-12T15:14:48.9903387Z   CARGO_HOME: /home/runner/.cargo
test (ubuntu-latest)	Run dtolnay/rust-toolchain@stable	2026-09-12T15:14:48.9903759Z   CARGO_INCREMENTAL: 0
test (ubuntu-latest)	Run dtolnay/rust-toolchain@stable	2026-09-12T15:14:48.9904079Z   CARGO_TERM_COLOR: always
test (ubuntu-latest)	Run dtolnay/rust-toolchain@stable	2026-09-12T15:14:48.9904437Z ##[endgroup]
test (ubuntu-latest)	Run dtolnay/rust-toolchain@stable	2026-09-12T15:14:49.0154659Z ##[end-action id=__dtolnay_rust-toolchain.__run_8;outcome=success;conclusion=success;duration_ms=29]
test (ubuntu-latest)	Run dtolnay/rust-toolchain@stable	2026-09-12T15:14:49.0157543Z ##[start-action display=Work around spurious network errors in curl 8.0;id=__dtolnay_rust-toolchain.__run_9]
test (ubuntu-latest)	Run dtolnay/rust-toolchain@stable	2026-09-12T15:14:49.0176504Z ##[group]Run # https://rust-lang.zulipchat.com/#narrow/stream/246057-t-cargo/topic/timeout.20investigation
test (ubuntu-latest)	Run dtolnay/rust-toolchain@stable	2026-09-12T15:14:49.0177292Z ^[[36;1m# https://rust-lang.zulipchat.com/#narrow/stream/246057-t-cargo/topic/timeout.20investigation^[[0m
test (ubuntu-latest)	Run dtolnay/rust-toolchain@stable	2026-09-12T15:14:49.0178014Z ^[[36;1mif rustc +stable --version --verbose | grep -q '^release: 1\.7[01]\.'; then^[[0m
test (ubuntu-latest)	Run dtolnay/rust-toolchain@stable	2026-09-12T15:14:49.0178556Z ^[[36;1m  echo CARGO_HTTP_MULTIPLEXING=false >> $GITHUB_ENV^[[0m
test (ubuntu-latest)	Run dtolnay/rust-toolchain@stable	2026-09-12T15:14:49.0178935Z ^[[36;1mfi^[[0m
test (ubuntu-latest)	Run dtolnay/rust-toolchain@stable	2026-09-12T15:14:49.0198626Z shell: /usr/bin/bash --noprofile --norc -e -o pipefail {0}
test (ubuntu-latest)	Run dtolnay/rust-toolchain@stable	2026-09-12T15:14:49.0199122Z env:
test (ubuntu-latest)	Run dtolnay/rust-toolchain@stable	2026-09-12T15:14:49.0199490Z   CARGO_HOME: /home/runner/.cargo
test (ubuntu-latest)	Run dtolnay/rust-toolchain@stable	2026-09-12T15:14:49.0199829Z   CARGO_INCREMENTAL: 0
test (ubuntu-latest)	Run dtolnay/rust-toolchain@stable	2026-09-12T15:14:49.0200155Z   CARGO_TERM_COLOR: always
test (ubuntu-latest)	Run dtolnay/rust-toolchain@stable	2026-09-12T15:14:49.0200555Z ##[endgroup]
test (ubuntu-latest)	Run dtolnay/rust-toolchain@stable	2026-09-12T15:14:49.0347289Z ##[end-action id=__dtolnay_rust-toolchain.__run_9;outcome=success;conclusion=success;duration_ms=18]
test (ubuntu-latest)	Run dtolnay/rust-toolchain@stable	2026-09-12T15:14:49.0351042Z ##[start-action display=rustc +stable --version --verbose;id=__dtolnay_rust-toolchain.__run_10]
test (ubuntu-latest)	Run dtolnay/rust-toolchain@stable	2026-09-12T15:14:49.0368817Z ##[group]Run rustc +stable --version --verbose
test (ubuntu-latest)	Run dtolnay/rust-toolchain@stable	2026-09-12T15:14:49.0369246Z ^[[36;1mrustc +stable --version --verbose^[[0m
test (ubuntu-latest)	Run dtolnay/rust-toolchain@stable	2026-09-12T15:14:49.0388311Z shell: /usr/bin/bash --noprofile --norc -e -o pipefail {0}
test (ubuntu-latest)	Run dtolnay/rust-toolchain@stable	2026-09-12T15:14:49.0388775Z env:
test (ubuntu-latest)	Run dtolnay/rust-toolchain@stable	2026-09-12T15:14:49.0389083Z   CARGO_HOME: /home/runner/.cargo
test (ubuntu-latest)	Run dtolnay/rust-toolchain@stable	2026-09-12T15:14:49.0389429Z   CARGO_INCREMENTAL: 0
test (ubuntu-latest)	Run dtolnay/rust-toolchain@stable	2026-09-12T15:14:49.0389775Z   CARGO_TERM_COLOR: always
test (ubuntu-latest)	Run dtolnay/rust-toolchain@stable	2026-09-12T15:14:49.0390093Z ##[endgroup]
test (ubuntu-latest)	Run dtolnay/rust-toolchain@stable	2026-09-12T15:14:49.0517433Z rustc 1.98.1 (48a229cea 2026-09-01)
test (ubuntu-latest)	Run dtolnay/rust-toolchain@stable	2026-09-12T15:14:49.0518357Z binary: rustc
test (ubuntu-latest)	Run dtolnay/rust-toolchain@stable	2026-09-12T15:14:49.0519068Z commit-hash: 48a229ceaefd4985c50990b14116b6d856af0985
test (ubuntu-latest)	Run dtolnay/rust-toolchain@stable	2026-09-12T15:14:49.0519872Z commit-date: 2026-09-01
test (ubuntu-latest)	Run dtolnay/rust-toolchain@stable	2026-09-12T15:14:49.0520495Z host: x86_64-unknown-linux-gnu
test (ubuntu-latest)	Run dtolnay/rust-toolchain@stable	2026-09-12T15:14:49.0521057Z release: 1.98.1
test (ubuntu-latest)	Run dtolnay/rust-toolchain@stable	2026-09-12T15:14:49.0521635Z LLVM version: 22.1.8
test (ubuntu-latest)	Run dtolnay/rust-toolchain@stable	2026-09-12T15:14:49.0533118Z ##[end-action id=__dtolnay_rust-toolchain.__run_10;outcome=success;conclusion=success;duration_ms=18]
test (ubuntu-latest)	Run cargo fmt --check	﻿2026-09-12T15:14:49.0595338Z ##[group]Run cargo fmt --check
test (ubuntu-latest)	Run cargo fmt --check	2026-09-12T15:14:49.0595709Z ^[[36;1mcargo fmt --check^[[0m
test (ubuntu-latest)	Run cargo fmt --check	2026-09-12T15:14:49.0615189Z shell: /usr/bin/bash -e {0}
test (ubuntu-latest)	Run cargo fmt --check	2026-09-12T15:14:49.0615613Z env:
test (ubuntu-latest)	Run cargo fmt --check	2026-09-12T15:14:49.0615922Z   CARGO_HOME: /home/runner/.cargo
test (ubuntu-latest)	Run cargo fmt --check	2026-09-12T15:14:49.0616341Z   CARGO_INCREMENTAL: 0
test (ubuntu-latest)	Run cargo fmt --check	2026-09-12T15:14:49.0616706Z   CARGO_TERM_COLOR: always
test (ubuntu-latest)	Run cargo fmt --check	2026-09-12T15:14:49.0617029Z ##[endgroup]
test (ubuntu-latest)	Run cargo clippy --all-targets --all-features -- -D warnings	﻿2026-09-12T15:14:50.3021738Z ##[group]Run cargo clippy --all-targets --all-features -- -D warnings
test (ubuntu-latest)	Run cargo clippy --all-targets --all-features -- -D warnings	2026-09-12T15:14:50.3022639Z ^[[36;1mcargo clippy --all-targets --all-features -- -D warnings^[[0m
test (ubuntu-latest)	Run cargo clippy --all-targets --all-features -- -D warnings	2026-09-12T15:14:50.3045688Z shell: /usr/bin/bash -e {0}
test (ubuntu-latest)	Run cargo clippy --all-targets --all-features -- -D warnings	2026-09-12T15:14:50.3046016Z env:
test (ubuntu-latest)	Run cargo clippy --all-targets --all-features -- -D warnings	2026-09-12T15:14:50.3046450Z   CARGO_HOME: /home/runner/.cargo
test (ubuntu-latest)	Run cargo clippy --all-targets --all-features -- -D warnings	2026-09-12T15:14:50.3046767Z   CARGO_INCREMENTAL: 0
test (ubuntu-latest)	Run cargo clippy --all-targets --all-features -- -D warnings	2026-09-12T15:14:50.3047051Z   CARGO_TERM_COLOR: always
test (ubuntu-latest)	Run cargo clippy --all-targets --all-features -- -D warnings	2026-09-12T15:14:50.3047361Z ##[endgroup]
test (ubuntu-latest)	Run cargo clippy --all-targets --all-features -- -D warnings	2026-09-12T15:14:50.5850751Z ^[[1m^[[92m    Updating^[[0m crates.io index
test (ubuntu-latest)	Run cargo clippy --all-targets --all-features -- -D warnings	2026-09-12T15:14:50.9354828Z ^[[1m^[[92m Downloading^[[0m crates ...
test (ubuntu-latest)	Run cargo clippy --all-targets --all-features -- -D warnings	2026-09-12T15:14:51.0199624Z ^[[1m^[[92m  Downloaded^[[0m anstyle-parse v1.0.0
test (ubuntu-latest)	Run cargo clippy --all-targets --all-features -- -D warnings	2026-09-12T15:14:51.0237324Z ^[[1m^[[92m  Downloaded^[[0m anstyle-query v1.1.5
test (ubuntu-latest)	Run cargo clippy --all-targets --all-features -- -D warnings	2026-09-12T15:14:51.0244580Z ^[[1m^[[92m  Downloaded^[[0m anstyle v1.0.14
test (ubuntu-latest)	Run cargo clippy --all-targets --all-features -- -D warnings	2026-09-12T15:14:51.0253088Z ^[[1m^[[92m  Downloaded^[[0m allocator-api2 v0.2.21
test (ubuntu-latest)	Run cargo clippy --all-targets --all-features -- -D warnings	2026-09-12T15:14:51.0317952Z ^[[1m^[[92m  Downloaded^[[0m cfg-if v1.0.4
test (ubuntu-latest)	Run cargo clippy --all-targets --all-features -- -D warnings	2026-09-12T15:14:51.0379902Z ^[[1m^[[92m  Downloaded^[[0m clap_lex v1.1.0
test (ubuntu-latest)	Run cargo clippy --all-targets --all-features -- -D warnings	2026-09-12T15:14:51.0388409Z ^[[1m^[[92m  Downloaded^[[0m colorchoice v1.0.5
test (ubuntu-latest)	Run cargo clippy --all-targets --all-features -- -D warnings	2026-09-12T15:14:51.0395009Z ^[[1m^[[92m  Downloaded^[[0m anstream v1.0.0
test (ubuntu-latest)	Run cargo clippy --all-targets --all-features -- -D warnings	2026-09-12T15:14:51.0407077Z ^[[1m^[[92m  Downloaded^[[0m base64ct v1.8.3
test (ubuntu-latest)	Run cargo clippy --all-targets --all-features -- -D warnings	2026-09-12T15:14:51.0461655Z ^[[1m^[[92m  Downloaded^[[0m compact_str v0.8.2
test (ubuntu-latest)	Run cargo clippy --all-targets --all-features -- -D warnings	2026-09-12T15:14:51.0521068Z ^[[1m^[[92m  Downloaded^[[0m spki v0.7.3
test (ubuntu-latest)	Run cargo clippy --all-targets --all-features -- -D warnings	2026-09-12T15:14:51.0530760Z ^[[1m^[[92m  Downloaded^[[0m strsim v0.11.1
test (ubuntu-latest)	Run cargo clippy --all-targets --all-features -- -D warnings	2026-09-12T15:14:51.0537426Z ^[[1m^[[92m  Downloaded^[[0m static_assertions v1.1.0
test (ubuntu-latest)	Run cargo clippy --all-targets --all-features -- -D warnings	2026-09-12T15:14:51.0572897Z ^[[1m^[[92m  Downloaded^[[0m smallvec v1.15.2
test (ubuntu-latest)	Run cargo clippy --all-targets --all-features -- -D warnings	2026-09-12T15:14:51.0582386Z ^[[1m^[[92m  Downloaded^[[0m darling_macro v0.20.11
test (ubuntu-latest)	Run cargo clippy --all-targets --all-features -- -D warnings	2026-09-12T15:14:51.0586344Z ^[[1m^[[92m  Downloaded^[[0m heck v0.5.0
test (ubuntu-latest)	Run cargo clippy --all-targets --all-features -- -D warnings	2026-09-12T15:14:51.0592875Z ^[[1m^[[92m  Downloaded^[[0m cpufeatures v0.2.17
test (ubuntu-latest)	Run cargo clippy --all-targets --all-features -- -D warnings	2026-09-12T15:14:51.0601507Z ^[[1m^[[92m  Downloaded^[[0m strum v0.26.3
test (ubuntu-latest)	Run cargo clippy --all-targets --all-features -- -D warnings	2026-09-12T15:14:51.0605993Z ^[[1m^[[92m  Downloaded^[[0m curve25519-dalek-derive v0.1.1
test (ubuntu-latest)	Run cargo clippy --all-targets --all-features -- -D warnings	2026-09-12T15:14:51.0611908Z ^[[1m^[[92m  Downloaded^[[0m ed25519 v2.2.3
test (ubuntu-latest)	Run cargo clippy --all-targets --all-features -- -D warnings	2026-09-12T15:14:51.0620988Z ^[[1m^[[92m  Downloaded^[[0m digest v0.10.7
test (ubuntu-latest)	Run cargo clippy --all-targets --all-features -- -D warnings	2026-09-12T15:14:51.0630663Z ^[[1m^[[92m  Downloaded^[[0m const-oid v0.9.6
test (ubuntu-latest)	Run cargo clippy --all-targets --all-features -- -D warnings	2026-09-12T15:14:51.0676936Z ^[[1m^[[92m  Downloaded^[[0m unicode-truncate v1.1.0
test (ubuntu-latest)	Run cargo clippy --all-targets --all-features -- -D warnings	2026-09-12T15:14:51.0711943Z ^[[1m^[[92m  Downloaded^[[0m errno v0.3.14
test (ubuntu-latest)	Run cargo clippy --all-targets --all-features -- -D warnings	2026-09-12T15:14:51.0720356Z ^[[1m^[[92m  Downloaded^[[0m itoa v1.0.18
test (ubuntu-latest)	Run cargo clippy --all-targets --all-features -- -D warnings	2026-09-12T15:14:51.0728969Z ^[[1m^[[92m  Downloaded^[[0m crypto-common v0.1.7
test (ubuntu-latest)	Run cargo clippy --all-targets --all-features -- -D warnings	2026-09-12T15:14:51.0734753Z ^[[1m^[[92m  Downloaded^[[0m ref-cast v1.0.27
test (ubuntu-latest)	Run cargo clippy --all-targets --all-features -- -D warnings	2026-09-12T15:14:51.0748150Z ^[[1m^[[92m  Downloaded^[[0m fnv v1.0.7
test (ubuntu-latest)	Run cargo clippy --all-targets --all-features -- -D warnings	2026-09-12T15:14:51.0753158Z ^[[1m^[[92m  Downloaded^[[0m dyn-clone v1.0.20
test (ubuntu-latest)	Run cargo clippy --all-targets --all-features -- -D warnings	2026-09-12T15:14:51.0761416Z ^[[1m^[[92m  Downloaded^[[0m fs2 v0.4.3
test (ubuntu-latest)	Run cargo clippy --all-targets --all-features -- -D warnings	2026-09-12T15:14:51.0767741Z ^[[1m^[[92m  Downloaded^[[0m lru v0.12.5
test (ubuntu-latest)	Run cargo clippy --all-targets --all-features -- -D warnings	2026-09-12T15:14:51.0777211Z ^[[1m^[[92m  Downloaded^[[0m ident_case v1.0.1
test (ubuntu-latest)	Run cargo clippy --all-targets --all-features -- -D warnings	2026-09-12T15:14:51.0849874Z ^[[1m^[[92m  Downloaded^[[0m equivalent v1.0.2
test (ubuntu-latest)	Run cargo clippy --all-targets --all-features -- -D warnings	2026-09-12T15:14:51.0856449Z ^[[1m^[[92m  Downloaded^[[0m signal-hook-mio v0.2.5
test (ubuntu-latest)	Run cargo clippy --all-targets --all-features -- -D warnings	2026-09-12T15:14:51.0864415Z ^[[1m^[[92m  Downloaded^[[0m signature v2.2.0
test (ubuntu-latest)	Run cargo clippy --all-targets --all-features -- -D warnings	2026-09-12T15:14:51.0872507Z ^[[1m^[[92m  Downloaded^[[0m fallible-streaming-iterator v0.1.9
test (ubuntu-latest)	Run cargo clippy --all-targets --all-features -- -D warnings	2026-09-12T15:14:51.0877515Z ^[[1m^[[92m  Downloaded^[[0m generic-array v0.14.7
test (ubuntu-latest)	Run cargo clippy --all-targets --all-features -- -D warnings	2026-09-12T15:14:51.0884936Z ^[[1m^[[92m  Downloaded^[[0m hashlink v0.10.0
test (ubuntu-latest)	Run cargo clippy --all-targets --all-features -- -D warnings	2026-09-12T15:14:51.0894978Z ^[[1m^[[92m  Downloaded^[[0m fallible-iterator v0.3.0
test (ubuntu-latest)	Run cargo clippy --all-targets --all-features -- -D warnings	2026-09-12T15:14:51.0902200Z ^[[1m^[[92m  Downloaded^[[0m rustc_version v0.4.1
test (ubuntu-latest)	Run cargo clippy --all-targets --all-features -- -D warnings	2026-09-12T15:14:51.0922454Z ^[[1m^[[92m  Downloaded^[[0m block-buffer v0.10.4
test (ubuntu-latest)	Run cargo clippy --all-targets --all-features -- -D warnings	2026-09-12T15:14:51.0928714Z ^[[1m^[[92m  Downloaded^[[0m scopeguard v1.2.0
test (ubuntu-latest)	Run cargo clippy --all-targets --all-features -- -D warnings	2026-09-12T15:14:51.0939686Z ^[[1m^[[92m  Downloaded^[[0m version_check v0.9.5
test (ubuntu-latest)	Run cargo clippy --all-targets --all-features -- -D warnings	2026-09-12T15:14:51.0954376Z ^[[1m^[[92m  Downloaded^[[0m subtle v2.6.1
test (ubuntu-latest)	Run cargo clippy --all-targets --all-features -- -D warnings	2026-09-12T15:14:51.0960939Z ^[[1m^[[92m  Downloaded^[[0m option-ext v0.2.0
test (ubuntu-latest)	Run cargo clippy --all-targets --all-features -- -D warnings	2026-09-12T15:14:51.0971733Z ^[[1m^[[92m  Downloaded^[[0m ref-cast-impl v1.0.27
test (ubuntu-latest)	Run cargo clippy --all-targets --all-features -- -D warnings	2026-09-12T15:14:51.0984872Z ^[[1m^[[92m  Downloaded^[[0m dirs-sys v0.5.0
test (ubuntu-latest)	Run cargo clippy --all-targets --all-features -- -D warnings	2026-09-12T15:14:51.0991775Z ^[[1m^[[92m  Downloaded^[[0m lock_api v0.4.14
test (ubuntu-latest)	Run cargo clippy --all-targets --all-features -- -D warnings	2026-09-12T15:14:51.1000482Z ^[[1m^[[92m  Downloaded^[[0m castaway v0.2.4
test (ubuntu-latest)	Run cargo clippy --all-targets --all-features -- -D warnings	2026-09-12T15:14:51.1011139Z ^[[1m^[[92m  Downloaded^[[0m directories v6.0.0
test (ubuntu-latest)	Run cargo clippy --all-targets --all-features -- -D warnings	2026-09-12T15:14:51.1019604Z ^[[1m^[[92m  Downloaded^[[0m indoc v2.0.7
test (ubuntu-latest)	Run cargo clippy --all-targets --all-features -- -D warnings	2026-09-12T15:14:51.1033107Z ^[[1m^[[92m  Downloaded^[[0m shlex v2.0.1
test (ubuntu-latest)	Run cargo clippy --all-targets --all-features -- -D warnings	2026-09-12T15:14:51.1040620Z ^[[1m^[[92m  Downloaded^[[0m find-msvc-tools v0.1.11
test (ubuntu-latest)	Run cargo clippy --all-targets --all-features -- -D warnings	2026-09-12T15:14:51.1059175Z ^[[1m^[[92m  Downloaded^[[0m darling v0.20.11
test (ubuntu-latest)	Run cargo clippy --all-targets --all-features -- -D warnings	2026-09-12T15:14:51.1083063Z ^[[1m^[[92m  Downloaded^[[0m getrandom v0.2.17
test (ubuntu-latest)	Run cargo clippy --all-targets --all-features -- -D warnings	2026-09-12T15:14:51.1099844Z ^[[1m^[[92m  Downloaded^[[0m parking_lot_core v0.9.12
test (ubuntu-latest)	Run cargo clippy --all-targets --all-features -- -D warnings	2026-09-12T15:14:51.1112435Z ^[[1m^[[92m  Downloaded^[[0m utf8parse v0.2.2
test (ubuntu-latest)	Run cargo clippy --all-targets --all-features -- -D warnings	2026-09-12T15:14:51.1118877Z ^[[1m^[[92m  Downloaded^[[0m thiserror v2.0.20
test (ubuntu-latest)	Run cargo clippy --all-targets --all-features -- -D warnings	2026-09-12T15:14:51.1148185Z ^[[1m^[[92m  Downloaded^[[0m instability v0.3.10
test (ubuntu-latest)	Run cargo clippy --all-targets --all-features -- -D warnings	2026-09-12T15:14:51.1156957Z ^[[1m^[[92m  Downloaded^[[0m zeroize v1.9.0
test (ubuntu-latest)	Run cargo clippy --all-targets --all-features -- -D warnings	2026-09-12T15:14:51.1166355Z ^[[1m^[[92m  Downloaded^[[0m rand_core v0.6.4
test (ubuntu-latest)	Run cargo clippy --all-targets --all-features -- -D warnings	2026-09-12T15:14:51.1173930Z ^[[1m^[[92m  Downloaded^[[0m sha2 v0.10.9
test (ubuntu-latest)	Run cargo clippy --all-targets --all-features -- -D warnings	2026-09-12T15:14:51.1186733Z ^[[1m^[[92m  Downloaded^[[0m either v1.18.0
test (ubuntu-latest)	Run cargo clippy --all-targets --all-features -- -D warnings	2026-09-12T15:14:51.1195794Z ^[[1m^[[92m  Downloaded^[[0m pkcs8 v0.10.2
test (ubuntu-latest)	Run cargo clippy --all-targets --all-features -- -D warnings	2026-09-12T15:14:51.1210614Z ^[[1m^[[92m  Downloaded^[[0m pkg-config v0.3.34
test (ubuntu-latest)	Run cargo clippy --all-targets --all-features -- -D warnings	2026-09-12T15:14:51.1219660Z ^[[1m^[[92m  Downloaded^[[0m paste v1.0.15
test (ubuntu-latest)	Run cargo clippy --all-targets --all-features -- -D warnings	2026-09-12T15:14:51.1235176Z ^[[1m^[[92m  Downloaded^[[0m strum_macros v0.26.4
test (ubuntu-latest)	Run cargo clippy --all-targets --all-features -- -D warnings	2026-09-12T15:14:51.1247831Z ^[[1m^[[92m  Downloaded^[[0m fastrand v2.5.0
test (ubuntu-latest)	Run cargo clippy --all-targets --all-features -- -D warnings	2026-09-12T15:14:51.1257760Z ^[[1m^[[92m  Downloaded^[[0m foldhash v0.1.5
test (ubuntu-latest)	Run cargo clippy --all-targets --all-features -- -D warnings	2026-09-12T15:14:51.1265334Z ^[[1m^[[92m  Downloaded^[[0m quote v1.0.47
test (ubuntu-latest)	Run cargo clippy --all-targets --all-features -- -D warnings	2026-09-12T15:14:51.1280990Z ^[[1m^[[92m  Downloaded^[[0m rustversion v1.0.23
test (ubuntu-latest)	Run cargo clippy --all-targets --all-features -- -D warnings	2026-09-12T15:14:51.1294446Z ^[[1m^[[92m  Downloaded^[[0m signal-hook-registry v1.4.8
test (ubuntu-latest)	Run cargo clippy --all-targets --all-features -- -D warnings	2026-09-12T15:14:51.1302000Z ^[[1m^[[92m  Downloaded^[[0m cassowary v0.3.0
test (ubuntu-latest)	Run cargo clippy --all-targets --all-features -- -D warnings	2026-09-12T15:14:51.1309744Z ^[[1m^[[92m  Downloaded^[[0m is_terminal_polyfill v1.70.2
test (ubuntu-latest)	Run cargo clippy --all-targets --all-features -- -D warnings	2026-09-12T15:14:51.1315508Z ^[[1m^[[92m  Downloaded^[[0m semver v1.0.28
test (ubuntu-latest)	Run cargo clippy --all-targets --all-features -- -D warnings	2026-09-12T15:14:51.1328556Z ^[[1m^[[92m  Downloaded^[[0m serde_derive_internals v0.30.0
test (ubuntu-latest)	Run cargo clippy --all-targets --all-features -- -D warnings	2026-09-12T15:14:51.1338248Z ^[[1m^[[92m  Downloaded^[[0m parking_lot v0.12.5
test (ubuntu-latest)	Run cargo clippy --all-targets --all-features -- -D warnings	2026-09-12T15:14:51.1352934Z ^[[1m^[[92m  Downloaded^[[0m schemars_derive v1.2.2
test (ubuntu-latest)	Run cargo clippy --all-targets --all-features -- -D warnings	2026-09-12T15:14:51.1365184Z ^[[1m^[[92m  Downloaded^[[0m signal-hook v0.3.18
test (ubuntu-latest)	Run cargo clippy --all-targets --all-features -- -D warnings	2026-09-12T15:14:51.1383779Z ^[[1m^[[92m  Downloaded^[[0m unicode-ident v1.0.24
test (ubuntu-latest)	Run cargo clippy --all-targets --all-features -- -D warnings	2026-09-12T15:14:51.1402434Z ^[[1m^[[92m  Downloaded^[[0m thiserror-impl v2.0.20
test (ubuntu-latest)	Run cargo clippy --all-targets --all-features -- -D warnings	2026-09-12T15:14:51.1411537Z ^[[1m^[[92m  Downloaded^[[0m zmij v1.0.23
test (ubuntu-latest)	Run cargo clippy --all-targets --all-features -- -D warnings	2026-09-12T15:14:51.1421944Z ^[[1m^[[92m  Downloaded^[[0m tempfile v3.27.0
test (ubuntu-latest)	Run cargo clippy --all-targets --all-features -- -D warnings	2026-09-12T15:14:51.1436186Z ^[[1m^[[92m  Downloaded^[[0m once_cell v1.21.4
test (ubuntu-latest)	Run cargo clippy --all-targets --all-features -- -D warnings	2026-09-12T15:14:51.1449161Z ^[[1m^[[92m  Downloaded^[[0m uuid v1.26.0
test (ubuntu-latest)	Run cargo clippy --all-targets --all-features -- -D warnings	2026-09-12T15:14:51.1468497Z ^[[1m^[[92m  Downloaded^[[0m log v0.4.34
test (ubuntu-latest)	Run cargo clippy --all-targets --all-features -- -D warnings	2026-09-12T15:14:51.1486982Z ^[[1m^[[92m  Downloaded^[[0m clap_derive v4.6.4
test (ubuntu-latest)	Run cargo clippy --all-targets --all-features -- -D warnings	2026-09-12T15:14:51.1502431Z ^[[1m^[[92m  Downloaded^[[0m bitflags v2.13.1
test (ubuntu-latest)	Run cargo clippy --all-targets --all-features -- -D warnings	2026-09-12T15:14:51.1533534Z ^[[1m^[[92m  Downloaded^[[0m getrandom v0.4.3
test (ubuntu-latest)	Run cargo clippy --all-targets --all-features -- -D warnings	2026-09-12T15:14:51.1554446Z ^[[1m^[[92m  Downloaded^[[0m serde_core v1.0.229
test (ubuntu-latest)	Run cargo clippy --all-targets --all-features -- -D warnings	2026-09-12T15:14:51.1570960Z ^[[1m^[[92m  Downloaded^[[0m darling_core v0.20.11
test (ubuntu-latest)	Run cargo clippy --all-targets --all-features -- -D warnings	2026-09-12T15:14:51.1595703Z ^[[1m^[[92m  Downloaded^[[0m hmac v0.12.1
test (ubuntu-latest)	Run cargo clippy --all-targets --all-features -- -D warnings	2026-09-12T15:14:51.1608125Z ^[[1m^[[92m  Downloaded^[[0m proc-macro2 v1.0.107
test (ubuntu-latest)	Run cargo clippy --all-targets --all-features -- -D warnings	2026-09-12T15:14:51.1625805Z ^[[1m^[[92m  Downloaded^[[0m ryu v1.0.23
test (ubuntu-latest)	Run cargo clippy --all-targets --all-features -- -D warnings	2026-09-12T15:14:51.1642283Z ^[[1m^[[92m  Downloaded^[[0m serde_derive v1.0.229
test (ubuntu-latest)	Run cargo clippy --all-targets --all-features -- -D warnings	2026-09-12T15:14:51.1660349Z ^[[1m^[[92m  Downloaded^[[0m clap v4.6.6
test (ubuntu-latest)	Run cargo clippy --all-targets --all-features -- -D warnings	2026-09-12T15:14:51.1712089Z ^[[1m^[[92m  Downloaded^[[0m der v0.7.10
test (ubuntu-latest)	Run cargo clippy --all-targets --all-features -- -D warnings	2026-09-12T15:14:51.1739654Z ^[[1m^[[92m  Downloaded^[[0m schemars v1.2.2
test (ubuntu-latest)	Run cargo clippy --all-targets --all-features -- -D warnings	2026-09-12T15:14:51.1817668Z ^[[1m^[[92m  Downloaded^[[0m mio v1.2.2
test (ubuntu-latest)	Run cargo clippy --all-targets --all-features -- -D warnings	2026-09-12T15:14:51.1849843Z ^[[1m^[[92m  Downloaded^[[0m memchr v2.8.3
test (ubuntu-latest)	Run cargo clippy --all-targets --all-features -- -D warnings	2026-09-12T15:14:51.1887175Z ^[[1m^[[92m  Downloaded^[[0m ed25519-dalek v2.2.0
test (ubuntu-latest)	Run cargo clippy --all-targets --all-features -- -D warnings	2026-09-12T15:14:51.1897573Z ^[[1m^[[92m  Downloaded^[[0m serde v1.0.229
test (ubuntu-latest)	Run cargo clippy --all-targets --all-features -- -D warnings	2026-09-12T15:14:51.1915759Z ^[[1m^[[92m  Downloaded^[[0m typenum v1.20.1
test (ubuntu-latest)	Run cargo clippy --all-targets --all-features -- -D warnings	2026-09-12T15:14:51.1936870Z ^[[1m^[[92m  Downloaded^[[0m cc v1.4.4
test (ubuntu-latest)	Run cargo clippy --all-targets --all-features -- -D warnings	2026-09-12T15:14:51.1956060Z ^[[1m^[[92m  Downloaded^[[0m unicode-segmentation v1.13.3
test (ubuntu-latest)	Run cargo clippy --all-targets --all-features -- -D warnings	2026-09-12T15:14:51.1974767Z ^[[1m^[[92m  Downloaded^[[0m crossterm v0.28.1
test (ubuntu-latest)	Run cargo clippy --all-targets --all-features -- -D warnings	2026-09-12T15:14:51.2009111Z ^[[1m^[[92m  Downloaded^[[0m itertools v0.13.0
test (ubuntu-latest)	Run cargo clippy --all-targets --all-features -- -D warnings	2026-09-12T15:14:51.2044399Z ^[[1m^[[92m  Downloaded^[[0m hashbrown v0.15.5
test (ubuntu-latest)	Run cargo clippy --all-targets --all-features -- -D warnings	2026-09-12T15:14:51.2072727Z ^[[1m^[[92m  Downloaded^[[0m serde_json v1.0.151
test (ubuntu-latest)	Run cargo clippy --all-targets --all-features -- -D warnings	2026-09-12T15:14:51.2110484Z ^[[1m^[[92m  Downloaded^[[0m rusqlite v0.37.0
test (ubuntu-latest)	Run cargo clippy --all-targets --all-features -- -D warnings	2026-09-12T15:14:51.2147093Z ^[[1m^[[92m  Downloaded^[[0m clap_builder v4.6.6
test (ubuntu-latest)	Run cargo clippy --all-targets --all-features -- -D warnings	2026-09-12T15:14:51.2182874Z ^[[1m^[[92m  Downloaded^[[0m curve25519-dalek v4.1.3
test (ubuntu-latest)	Run cargo clippy --all-targets --all-features -- -D warnings	2026-09-12T15:14:51.2233102Z ^[[1m^[[92m  Downloaded^[[0m rustix v0.38.44
test (ubuntu-latest)	Run cargo clippy --all-targets --all-features -- -D warnings	2026-09-12T15:14:51.2349980Z ^[[1m^[[92m  Downloaded^[[0m rustix v1.1.4
test (ubuntu-latest)	Run cargo clippy --all-targets --all-features -- -D warnings	2026-09-12T15:14:51.2472269Z ^[[1m^[[92m  Downloaded^[[0m vcpkg v0.2.15
test (ubuntu-latest)	Run cargo clippy --all-targets --all-features -- -D warnings	2026-09-12T15:14:51.2680694Z ^[[1m^[[92m  Downloaded^[[0m ratatui v0.29.0
test (ubuntu-latest)	Run cargo clippy --all-targets --all-features -- -D warnings	2026-09-12T15:14:51.2787306Z ^[[1m^[[92m  Downloaded^[[0m libc v0.2.189
test (ubuntu-latest)	Run cargo clippy --all-targets --all-features -- -D warnings	2026-09-12T15:14:51.2989654Z ^[[1m^[[92m  Downloaded^[[0m syn v3.0.4
test (ubuntu-latest)	Run cargo clippy --all-targets --all-features -- -D warnings	2026-09-12T15:14:51.3048254Z ^[[1m^[[92m  Downloaded^[[0m unicode-width v0.2.0
test (ubuntu-latest)	Run cargo clippy --all-targets --all-features -- -D warnings	2026-09-12T15:14:51.3086377Z ^[[1m^[[92m  Downloaded^[[0m syn v2.0.119
test (ubuntu-latest)	Run cargo clippy --all-targets --all-features -- -D warnings	2026-09-12T15:14:51.3151478Z ^[[1m^[[92m  Downloaded^[[0m unicode-width v0.1.14
test (ubuntu-latest)	Run cargo clippy --all-targets --all-features -- -D warnings	2026-09-12T15:14:51.3190521Z ^[[1m^[[92m  Downloaded^[[0m linux-raw-sys v0.4.15
test (ubuntu-latest)	Run cargo clippy --all-targets --all-features -- -D warnings	2026-09-12T15:14:51.3477347Z ^[[1m^[[92m  Downloaded^[[0m linux-raw-sys v0.12.1
test (ubuntu-latest)	Run cargo clippy --all-targets --all-features -- -D warnings	2026-09-12T15:14:51.3878729Z ^[[1m^[[92m  Downloaded^[[0m libsqlite3-sys v0.35.0
test (ubuntu-latest)	Run cargo clippy --all-targets --all-features -- -D warnings	2026-09-12T15:14:51.5240017Z ^[[1m^[[92m   Compiling^[[0m proc-macro2 v1.0.107
test (ubuntu-latest)	Run cargo clippy --all-targets --all-features -- -D warnings	2026-09-12T15:14:51.5240983Z ^[[1m^[[92m   Compiling^[[0m unicode-ident v1.0.24
test (ubuntu-latest)	Run cargo clippy --all-targets --all-features -- -D warnings	2026-09-12T15:14:51.5241712Z ^[[1m^[[92m   Compiling^[[0m quote v1.0.47
test (ubuntu-latest)	Run cargo clippy --all-targets --all-features -- -D warnings	2026-09-12T15:14:51.5242428Z ^[[1m^[[92m   Compiling^[[0m libc v0.2.189
test (ubuntu-latest)	Run cargo clippy --all-targets --all-features -- -D warnings	2026-09-12T15:14:51.7124147Z ^[[1m^[[92m    Checking^[[0m cfg-if v1.0.4
test (ubuntu-latest)	Run cargo clippy --all-targets --all-features -- -D warnings	2026-09-12T15:14:51.7393276Z ^[[1m^[[92m   Compiling^[[0m version_check v0.9.5
test (ubuntu-latest)	Run cargo clippy --all-targets --all-features -- -D warnings	2026-09-12T15:14:51.8998868Z ^[[1m^[[92m   Compiling^[[0m generic-array v0.14.7
test (ubuntu-latest)	Run cargo clippy --all-targets --all-features -- -D warnings	2026-09-12T15:14:52.0019755Z ^[[1m^[[92m    Checking^[[0m typenum v1.20.1
test (ubuntu-latest)	Run cargo clippy --all-targets --all-features -- -D warnings	2026-09-12T15:14:52.0020717Z ^[[1m^[[92m   Compiling^[[0m rustversion v1.0.23
test (ubuntu-latest)	Run cargo clippy --all-targets --all-features -- -D warnings	2026-09-12T15:14:52.1947540Z ^[[1m^[[92m   Compiling^[[0m serde_core v1.0.229
test (ubuntu-latest)	Run cargo clippy --all-targets --all-features -- -D warnings	2026-09-12T15:14:52.3407674Z ^[[1m^[[92m    Checking^[[0m bitflags v2.13.1
test (ubuntu-latest)	Run cargo clippy --all-targets --all-features -- -D warnings	2026-09-12T15:14:52.5860080Z ^[[1m^[[92m   Compiling^[[0m syn v3.0.4
test (ubuntu-latest)	Run cargo clippy --all-targets --all-features -- -D warnings	2026-09-12T15:14:52.5899346Z ^[[1m^[[92m   Compiling^[[0m syn v2.0.119
test (ubuntu-latest)	Run cargo clippy --all-targets --all-features -- -D warnings	2026-09-12T15:14:52.7324511Z ^[[1m^[[92m    Checking^[[0m errno v0.3.14
test (ubuntu-latest)	Run cargo clippy --all-targets --all-features -- -D warnings	2026-09-12T15:14:52.9148088Z ^[[1m^[[92m    Checking^[[0m crypto-common v0.1.7
test (ubuntu-latest)	Run cargo clippy --all-targets --all-features -- -D warnings	2026-09-12T15:14:52.9601505Z ^[[1m^[[92m    Checking^[[0m block-buffer v0.10.4
test (ubuntu-latest)	Run cargo clippy --all-targets --all-features -- -D warnings	2026-09-12T15:14:53.0255455Z ^[[1m^[[92m   Compiling^[[0m heck v0.5.0
test (ubuntu-latest)	Run cargo clippy --all-targets --all-features -- -D warnings	2026-09-12T15:14:53.1451886Z ^[[1m^[[92m   Compiling^[[0m semver v1.0.28
test (ubuntu-latest)	Run cargo clippy --all-targets --all-features -- -D warnings	2026-09-12T15:14:53.1670432Z ^[[1m^[[92m   Compiling^[[0m signal-hook v0.3.18
test (ubuntu-latest)	Run cargo clippy --all-targets --all-features -- -D warnings	2026-09-12T15:14:53.2477766Z ^[[1m^[[92m   Compiling^[[0m ident_case v1.0.1
test (ubuntu-latest)	Run cargo clippy --all-targets --all-features -- -D warnings	2026-09-12T15:14:53.3238449Z ^[[1m^[[92m   Compiling^[[0m find-msvc-tools v0.1.11
test (ubuntu-latest)	Run cargo clippy --all-targets --all-features -- -D warnings	2026-09-12T15:14:53.3562644Z ^[[1m^[[92m   Compiling^[[0m fnv v1.0.7
test (ubuntu-latest)	Run cargo clippy --all-targets --all-features -- -D warnings	2026-09-12T15:14:53.3937684Z ^[[1m^[[92m   Compiling^[[0m getrandom v0.4.3
test (ubuntu-latest)	Run cargo clippy --all-targets --all-features -- -D warnings	2026-09-12T15:14:53.4783674Z ^[[1m^[[92m    Checking^[[0m smallvec v1.15.2
test (ubuntu-latest)	Run cargo clippy --all-targets --all-features -- -D warnings	2026-09-12T15:14:53.5047622Z ^[[1m^[[92m   Compiling^[[0m strsim v0.11.1
test (ubuntu-latest)	Run cargo clippy --all-targets --all-features -- -D warnings	2026-09-12T15:14:53.5987873Z ^[[1m^[[92m   Compiling^[[0m parking_lot_core v0.9.12
test (ubuntu-latest)	Run cargo clippy --all-targets --all-features -- -D warnings	2026-09-12T15:14:53.6987828Z ^[[1m^[[92m    Checking^[[0m subtle v2.6.1
test (ubuntu-latest)	Run cargo clippy --all-targets --all-features -- -D warnings	2026-09-12T15:14:53.7287531Z ^[[1m^[[92m    Checking^[[0m equivalent v1.0.2
test (ubuntu-latest)	Run cargo clippy --all-targets --all-features -- -D warnings	2026-09-12T15:14:53.7518569Z ^[[1m^[[92m    Checking^[[0m foldhash v0.1.5
test (ubuntu-latest)	Run cargo clippy --all-targets --all-features -- -D warnings	2026-09-12T15:14:53.7624964Z ^[[1m^[[92m    Checking^[[0m allocator-api2 v0.2.21
test (ubuntu-latest)	Run cargo clippy --all-targets --all-features -- -D warnings	2026-09-12T15:14:53.9137783Z ^[[1m^[[92m   Compiling^[[0m shlex v2.0.1
test (ubuntu-latest)	Run cargo clippy --all-targets --all-features -- -D warnings	2026-09-12T15:14:54.0328224Z ^[[1m^[[92m   Compiling^[[0m cc v1.4.4
test (ubuntu-latest)	Run cargo clippy --all-targets --all-features -- -D warnings	2026-09-12T15:14:54.1007693Z ^[[1m^[[92m    Checking^[[0m hashbrown v0.15.5
test (ubuntu-latest)	Run cargo clippy --all-targets --all-features -- -D warnings	2026-09-12T15:14:54.4827741Z ^[[1m^[[92m    Checking^[[0m digest v0.10.7
test (ubuntu-latest)	Run cargo clippy --all-targets --all-features -- -D warnings	2026-09-12T15:14:54.6048075Z ^[[1m^[[92m   Compiling^[[0m rustc_version v0.4.1
test (ubuntu-latest)	Run cargo clippy --all-targets --all-features -- -D warnings	2026-09-12T15:14:55.2187652Z ^[[1m^[[92m   Compiling^[[0m darling_core v0.20.11
test (ubuntu-latest)	Run cargo clippy --all-targets --all-features -- -D warnings	2026-09-12T15:14:55.6269310Z ^[[1m^[[92m    Checking^[[0m signal-hook-registry v1.4.8
test (ubuntu-latest)	Run cargo clippy --all-targets --all-features -- -D warnings	2026-09-12T15:14:55.7210016Z ^[[1m^[[92m   Compiling^[[0m pkg-config v0.3.34
test (ubuntu-latest)	Run cargo clippy --all-targets --all-features -- -D warnings	2026-09-12T15:14:56.0958453Z ^[[1m^[[92m   Compiling^[[0m zmij v1.0.23
test (ubuntu-latest)	Run cargo clippy --all-targets --all-features -- -D warnings	2026-09-12T15:14:56.1907592Z ^[[1m^[[92m    Checking^[[0m utf8parse v0.2.2
test (ubuntu-latest)	Run cargo clippy --all-targets --all-features -- -D warnings	2026-09-12T15:14:56.2267664Z ^[[1m^[[92m   Compiling^[[0m vcpkg v0.2.15
test (ubuntu-latest)	Run cargo clippy --all-targets --all-features -- -D warnings	2026-09-12T15:14:56.2297351Z ^[[1m^[[92m    Checking^[[0m scopeguard v1.2.0
test (ubuntu-latest)	Run cargo clippy --all-targets --all-features -- -D warnings	2026-09-12T15:14:56.2507601Z ^[[1m^[[92m   Compiling^[[0m rustix v0.38.44
test (ubuntu-latest)	Run cargo clippy --all-targets --all-features -- -D warnings	2026-09-12T15:14:56.2618664Z ^[[1m^[[92m    Checking^[[0m log v0.4.34
test (ubuntu-latest)	Run cargo clippy --all-targets --all-features -- -D warnings	2026-09-12T15:14:56.3387812Z ^[[1m^[[92m    Checking^[[0m itoa v1.0.18
test (ubuntu-latest)	Run cargo clippy --all-targets --all-features -- -D warnings	2026-09-12T15:14:56.4107247Z ^[[1m^[[92m    Checking^[[0m mio v1.2.2
test (ubuntu-latest)	Run cargo clippy --all-targets --all-features -- -D warnings	2026-09-12T15:14:56.4523465Z ^[[1m^[[92m    Checking^[[0m lock_api v0.4.14
test (ubuntu-latest)	Run cargo clippy --all-targets --all-features -- -D warnings	2026-09-12T15:14:56.5787899Z ^[[1m^[[92m    Checking^[[0m anstyle-parse v1.0.0
test (ubuntu-latest)	Run cargo clippy --all-targets --all-features -- -D warnings	2026-09-12T15:14:56.6628138Z ^[[1m^[[92m   Compiling^[[0m curve25519-dalek v4.1.3
test (ubuntu-latest)	Run cargo clippy --all-targets --all-features -- -D warnings	2026-09-12T15:14:56.7317869Z ^[[1m^[[92m   Compiling^[[0m libsqlite3-sys v0.35.0
test (ubuntu-latest)	Run cargo clippy --all-targets --all-features -- -D warnings	2026-09-12T15:14:56.8237749Z ^[[1m^[[92m   Compiling^[[0m serde_json v1.0.151
test (ubuntu-latest)	Run cargo clippy --all-targets --all-features -- -D warnings	2026-09-12T15:14:56.8799202Z ^[[1m^[[92m   Compiling^[[0m ref-cast v1.0.27
test (ubuntu-latest)	Run cargo clippy --all-targets --all-features -- -D warnings	2026-09-12T15:14:56.9078302Z ^[[1m^[[92m    Checking^[[0m cpufeatures v0.2.17
test (ubuntu-latest)	Run cargo clippy --all-targets --all-features -- -D warnings	2026-09-12T15:14:56.9347640Z ^[[1m^[[92m    Checking^[[0m anstyle v1.0.14
test (ubuntu-latest)	Run cargo clippy --all-targets --all-features -- -D warnings	2026-09-12T15:14:56.9377485Z ^[[1m^[[92m    Checking^[[0m colorchoice v1.0.5
test (ubuntu-latest)	Run cargo clippy --all-targets --all-features -- -D warnings	2026-09-12T15:14:56.9697664Z ^[[1m^[[92m   Compiling^[[0m instability v0.3.10
test (ubuntu-latest)	Run cargo clippy --all-targets --all-features -- -D warnings	2026-09-12T15:14:57.0087655Z ^[[1m^[[92m    Checking^[[0m anstyle-query v1.1.5
test (ubuntu-latest)	Run cargo clippy --all-targets --all-features -- -D warnings	2026-09-12T15:14:57.0347829Z ^[[1m^[[92m    Checking^[[0m either v1.18.0
test (ubuntu-latest)	Run cargo clippy --all-targets --all-features -- -D warnings	2026-09-12T15:14:57.0417580Z ^[[1m^[[92m   Compiling^[[0m serde v1.0.229
test (ubuntu-latest)	Run cargo clippy --all-targets --all-features -- -D warnings	2026-09-12T15:14:57.0418508Z ^[[1m^[[92m    Checking^[[0m is_terminal_polyfill v1.70.2
test (ubuntu-latest)	Run cargo clippy --all-targets --all-features -- -D warnings	2026-09-12T15:14:57.0722353Z ^[[1m^[[92m    Checking^[[0m linux-raw-sys v0.4.15
test (ubuntu-latest)	Run cargo clippy --all-targets --all-features -- -D warnings	2026-09-12T15:14:57.1578276Z ^[[1m^[[92m   Compiling^[[0m paste v1.0.15
test (ubuntu-latest)	Run cargo clippy --all-targets --all-features -- -D warnings	2026-09-12T15:14:57.2035697Z ^[[1m^[[92m    Checking^[[0m itertools v0.13.0
test (ubuntu-latest)	Run cargo clippy --all-targets --all-features -- -D warnings	2026-09-12T15:14:57.2945300Z ^[[1m^[[92m   Compiling^[[0m darling_macro v0.20.11
test (ubuntu-latest)	Run cargo clippy --all-targets --all-features -- -D warnings	2026-09-12T15:14:57.2977851Z ^[[1m^[[92m    Checking^[[0m anstream v1.0.0
test (ubuntu-latest)	Run cargo clippy --all-targets --all-features -- -D warnings	2026-09-12T15:14:57.4496500Z ^[[1m^[[92m   Compiling^[[0m darling v0.20.11
test (ubuntu-latest)	Run cargo clippy --all-targets --all-features -- -D warnings	2026-09-12T15:14:57.4977313Z ^[[1m^[[92m    Checking^[[0m parking_lot v0.12.5
test (ubuntu-latest)	Run cargo clippy --all-targets --all-features -- -D warnings	2026-09-12T15:14:57.6347831Z ^[[1m^[[92m    Checking^[[0m signal-hook-mio v0.2.5
test (ubuntu-latest)	Run cargo clippy --all-targets --all-features -- -D warnings	2026-09-12T15:14:57.7657898Z ^[[1m^[[92m   Compiling^[[0m strum_macros v0.26.4
test (ubuntu-latest)	Run cargo clippy --all-targets --all-features -- -D warnings	2026-09-12T15:14:57.8527882Z ^[[1m^[[92m   Compiling^[[0m curve25519-dalek-derive v0.1.1
test (ubuntu-latest)	Run cargo clippy --all-targets --all-features -- -D warnings	2026-09-12T15:14:58.1587683Z ^[[1m^[[92m   Compiling^[[0m serde_derive v1.0.229
test (ubuntu-latest)	Run cargo clippy --all-targets --all-features -- -D warnings	2026-09-12T15:14:58.1957866Z ^[[1m^[[92m   Compiling^[[0m ref-cast-impl v1.0.27
test (ubuntu-latest)	Run cargo clippy --all-targets --all-features -- -D warnings	2026-09-12T15:14:58.4768064Z ^[[1m^[[92m   Compiling^[[0m serde_derive_internals v0.30.0
test (ubuntu-latest)	Run cargo clippy --all-targets --all-features -- -D warnings	2026-09-12T15:14:59.1436596Z ^[[1m^[[92m    Checking^[[0m castaway v0.2.4
test (ubuntu-latest)	Run cargo clippy --all-targets --all-features -- -D warnings	2026-09-12T15:14:59.1867600Z ^[[1m^[[92m    Checking^[[0m memchr v2.8.3
test (ubuntu-latest)	Run cargo clippy --all-targets --all-features -- -D warnings	2026-09-12T15:14:59.2037621Z ^[[1m^[[92m    Checking^[[0m signature v2.2.0
test (ubuntu-latest)	Run cargo clippy --all-targets --all-features -- -D warnings	2026-09-12T15:14:59.2497388Z ^[[1m^[[92m    Checking^[[0m unicode-width v0.1.14
test (ubuntu-latest)	Run cargo clippy --all-targets --all-features -- -D warnings	2026-09-12T15:14:59.3656592Z ^[[1m^[[92m    Checking^[[0m static_assertions v1.1.0
test (ubuntu-latest)	Run cargo clippy --all-targets --all-features -- -D warnings	2026-09-12T15:14:59.3957743Z ^[[1m^[[92m    Checking^[[0m ryu v1.0.23
test (ubuntu-latest)	Run cargo clippy --all-targets --all-features -- -D warnings	2026-09-12T15:14:59.4627779Z ^[[1m^[[92m    Checking^[[0m zeroize v1.9.0
test (ubuntu-latest)	Run cargo clippy --all-targets --all-features -- -D warnings	2026-09-12T15:14:59.4987788Z ^[[1m^[[92m   Compiling^[[0m thiserror v2.0.20
test (ubuntu-latest)	Run cargo clippy --all-targets --all-features -- -D warnings	2026-09-12T15:14:59.5397692Z ^[[1m^[[92m    Checking^[[0m unicode-segmentation v1.13.3
test (ubuntu-latest)	Run cargo clippy --all-targets --all-features -- -D warnings	2026-09-12T15:14:59.6658392Z ^[[1m^[[92m    Checking^[[0m option-ext v0.2.0
test (ubuntu-latest)	Run cargo clippy --all-targets --all-features -- -D warnings	2026-09-12T15:14:59.6947692Z ^[[1m^[[92m    Checking^[[0m clap_lex v1.1.0
test (ubuntu-latest)	Run cargo clippy --all-targets --all-features -- -D warnings	2026-09-12T15:14:59.7839382Z ^[[1m^[[92m   Compiling^[[0m indoc v2.0.7
test (ubuntu-latest)	Run cargo clippy --all-targets --all-features -- -D warnings	2026-09-12T15:14:59.8778188Z ^[[1m^[[92m    Checking^[[0m clap_builder v4.6.6
test (ubuntu-latest)	Run cargo clippy --all-targets --all-features -- -D warnings	2026-09-12T15:15:00.3717791Z ^[[1m^[[92m    Checking^[[0m unicode-truncate v1.1.0
test (ubuntu-latest)	Run cargo clippy --all-targets --all-features -- -D warnings	2026-09-12T15:15:00.4406832Z ^[[1m^[[92m    Checking^[[0m dirs-sys v0.5.0
test (ubuntu-latest)	Run cargo clippy --all-targets --all-features -- -D warnings	2026-09-12T15:15:01.1077046Z ^[[1m^[[92m    Checking^[[0m compact_str v0.8.2
test (ubuntu-latest)	Run cargo clippy --all-targets --all-features -- -D warnings	2026-09-12T15:15:01.2250917Z ^[[1m^[[92m    Checking^[[0m ed25519 v2.2.3
test (ubuntu-latest)	Run cargo clippy --all-targets --all-features -- -D warnings	2026-09-12T15:15:01.2828104Z ^[[1m^[[92m   Compiling^[[0m schemars_derive v1.2.2
test (ubuntu-latest)	Run cargo clippy --all-targets --all-features -- -D warnings	2026-09-12T15:15:01.3919559Z ^[[1m^[[92m    Checking^[[0m strum v0.26.3
test (ubuntu-latest)	Run cargo clippy --all-targets --all-features -- -D warnings	2026-09-12T15:15:01.4347815Z ^[[1m^[[92m    Checking^[[0m crossterm v0.28.1
test (ubuntu-latest)	Run cargo clippy --all-targets --all-features -- -D warnings	2026-09-12T15:15:01.7458297Z ^[[1m^[[92m    Checking^[[0m sha2 v0.10.9
test (ubuntu-latest)	Run cargo clippy --all-targets --all-features -- -D warnings	2026-09-12T15:15:01.8554493Z ^[[1m^[[92m    Checking^[[0m uuid v1.26.0
test (ubuntu-latest)	Run cargo clippy --all-targets --all-features -- -D warnings	2026-09-12T15:15:01.9427734Z ^[[1m^[[92m   Compiling^[[0m clap_derive v4.6.4
test (ubuntu-latest)	Run cargo clippy --all-targets --all-features -- -D warnings	2026-09-12T15:15:02.0787805Z ^[[1m^[[92m   Compiling^[[0m thiserror-impl v2.0.20
test (ubuntu-latest)	Run cargo clippy --all-targets --all-features -- -D warnings	2026-09-12T15:15:02.4608520Z ^[[1m^[[92m    Checking^[[0m hashlink v0.10.0
test (ubuntu-latest)	Run cargo clippy --all-targets --all-features -- -D warnings	2026-09-12T15:15:02.6477732Z ^[[1m^[[92m    Checking^[[0m lru v0.12.5
test (ubuntu-latest)	Run cargo clippy --all-targets --all-features -- -D warnings	2026-09-12T15:15:02.7294333Z ^[[1m^[[92m    Checking^[[0m dyn-clone v1.0.20
test (ubuntu-latest)	Run cargo clippy --all-targets --all-features -- -D warnings	2026-09-12T15:15:02.7652981Z ^[[1m^[[92m    Checking^[[0m cassowary v0.3.0
test (ubuntu-latest)	Run cargo clippy --all-targets --all-features -- -D warnings	2026-09-12T15:15:02.8916661Z ^[[1m^[[92m   Compiling^[[0m rustix v1.1.4
test (ubuntu-latest)	Run cargo clippy --all-targets --all-features -- -D warnings	2026-09-12T15:15:03.0088661Z ^[[1m^[[92m    Checking^[[0m unicode-width v0.2.0
test (ubuntu-latest)	Run cargo clippy --all-targets --all-features -- -D warnings	2026-09-12T15:15:03.1667909Z ^[[1m^[[92m    Checking^[[0m fallible-iterator v0.3.0
test (ubuntu-latest)	Run cargo clippy --all-targets --all-features -- -D warnings	2026-09-12T15:15:03.1687661Z ^[[1m^[[92m    Checking^[[0m fallible-streaming-iterator v0.1.9
test (ubuntu-latest)	Run cargo clippy --all-targets --all-features -- -D warnings	2026-09-12T15:15:03.2998203Z ^[[1m^[[92m    Checking^[[0m ratatui v0.29.0
test (ubuntu-latest)	Run cargo clippy --all-targets --all-features -- -D warnings	2026-09-12T15:15:03.3487807Z ^[[1m^[[92m    Checking^[[0m clap v4.6.6
test (ubuntu-latest)	Run cargo clippy --all-targets --all-features -- -D warnings	2026-09-12T15:15:03.4208269Z ^[[1m^[[92m    Checking^[[0m schemars v1.2.2
test (ubuntu-latest)	Run cargo clippy --all-targets --all-features -- -D warnings	2026-09-12T15:15:03.4748044Z ^[[1m^[[92m    Checking^[[0m ed25519-dalek v2.2.0
test (ubuntu-latest)	Run cargo clippy --all-targets --all-features -- -D warnings	2026-09-12T15:15:03.6108456Z ^[[1m^[[92m    Checking^[[0m directories v6.0.0
test (ubuntu-latest)	Run cargo clippy --all-targets --all-features -- -D warnings	2026-09-12T15:15:03.7107666Z ^[[1m^[[92m    Checking^[[0m hmac v0.12.1
test (ubuntu-latest)	Run cargo clippy --all-targets --all-features -- -D warnings	2026-09-12T15:15:03.8447510Z ^[[1m^[[92m    Checking^[[0m fs2 v0.4.3
test (ubuntu-latest)	Run cargo clippy --all-targets --all-features -- -D warnings	2026-09-12T15:15:03.9397610Z ^[[1m^[[92m    Checking^[[0m linux-raw-sys v0.12.1
test (ubuntu-latest)	Run cargo clippy --all-targets --all-features -- -D warnings	2026-09-12T15:15:04.0207661Z ^[[1m^[[92m    Checking^[[0m fastrand v2.5.0
test (ubuntu-latest)	Run cargo clippy --all-targets --all-features -- -D warnings	2026-09-12T15:15:04.1917541Z ^[[1m^[[92m    Checking^[[0m once_cell v1.21.4
test (ubuntu-latest)	Run cargo clippy --all-targets --all-features -- -D warnings	2026-09-12T15:15:05.1084916Z ^[[1m^[[92m    Checking^[[0m tempfile v3.27.0
test (ubuntu-latest)	Run cargo clippy --all-targets --all-features -- -D warnings	2026-09-12T15:15:05.9007586Z ^[[1m^[[92m    Checking^[[0m rusqlite v0.37.0
test (ubuntu-latest)	Run cargo clippy --all-targets --all-features -- -D warnings	2026-09-12T15:15:06.2975830Z ^[[1m^[[92m    Checking^[[0m stillyard v0.1.0-alpha.20 (/home/runner/work/stillyard/stillyard)
test (ubuntu-latest)	Run cargo clippy --all-targets --all-features -- -D warnings	2026-09-12T15:15:14.9387604Z ^[[1m^[[92m    Finished^[[0m `dev` profile [unoptimized + debuginfo] target(s) in 24.56s
test (ubuntu-latest)	Run cargo test --all-features	﻿2026-09-12T15:15:14.9824144Z ##[group]Run cargo test --all-features
test (ubuntu-latest)	Run cargo test --all-features	2026-09-12T15:15:14.9824707Z ^[[36;1mcargo test --all-features^[[0m
test (ubuntu-latest)	Run cargo test --all-features	2026-09-12T15:15:14.9845357Z shell: /usr/bin/bash -e {0}
test (ubuntu-latest)	Run cargo test --all-features	2026-09-12T15:15:14.9845732Z env:
test (ubuntu-latest)	Run cargo test --all-features	2026-09-12T15:15:14.9846004Z   CARGO_HOME: /home/runner/.cargo
test (ubuntu-latest)	Run cargo test --all-features	2026-09-12T15:15:14.9846499Z   CARGO_INCREMENTAL: 0
test (ubuntu-latest)	Run cargo test --all-features	2026-09-12T15:15:14.9846873Z   CARGO_TERM_COLOR: always
test (ubuntu-latest)	Run cargo test --all-features	2026-09-12T15:15:14.9847208Z ##[endgroup]
test (ubuntu-latest)	Run cargo test --all-features	2026-09-12T15:15:15.0900211Z ^[[1m^[[92m   Compiling^[[0m cfg-if v1.0.4
test (ubuntu-latest)	Run cargo test --all-features	2026-09-12T15:15:15.0901497Z ^[[1m^[[92m   Compiling^[[0m libc v0.2.189
test (ubuntu-latest)	Run cargo test --all-features	2026-09-12T15:15:15.0915066Z ^[[1m^[[92m   Compiling^[[0m typenum v1.20.1
test (ubuntu-latest)	Run cargo test --all-features	2026-09-12T15:15:15.0932188Z ^[[1m^[[92m   Compiling^[[0m strsim v0.11.1
test (ubuntu-latest)	Run cargo test --all-features	2026-09-12T15:15:15.1361851Z ^[[1m^[[92m   Compiling^[[0m bitflags v2.13.1
test (ubuntu-latest)	Run cargo test --all-features	2026-09-12T15:15:15.3127797Z ^[[1m^[[92m   Compiling^[[0m smallvec v1.15.2
test (ubuntu-latest)	Run cargo test --all-features	2026-09-12T15:15:15.4277652Z ^[[1m^[[92m   Compiling^[[0m allocator-api2 v0.2.21
test (ubuntu-latest)	Run cargo test --all-features	2026-09-12T15:15:15.4647525Z ^[[1m^[[92m   Compiling^[[0m subtle v2.6.1
test (ubuntu-latest)	Run cargo test --all-features	2026-09-12T15:15:15.5408231Z ^[[1m^[[92m   Compiling^[[0m equivalent v1.0.2
test (ubuntu-latest)	Run cargo test --all-features	2026-09-12T15:15:15.5718101Z ^[[1m^[[92m   Compiling^[[0m foldhash v0.1.5
test (ubuntu-latest)	Run cargo test --all-features	2026-09-12T15:15:15.6327780Z ^[[1m^[[92m   Compiling^[[0m generic-array v0.14.7
test (ubuntu-latest)	Run cargo test --all-features	2026-09-12T15:15:15.6737793Z ^[[1m^[[92m   Compiling^[[0m darling_core v0.20.11
test (ubuntu-latest)	Run cargo test --all-features	2026-09-12T15:15:15.7058535Z ^[[1m^[[92m   Compiling^[[0m hashbrown v0.15.5
test (ubuntu-latest)	Run cargo test --all-features	2026-09-12T15:15:15.9019969Z ^[[1m^[[92m   Compiling^[[0m errno v0.3.14
test (ubuntu-latest)	Run cargo test --all-features	2026-09-12T15:15:15.9968121Z ^[[1m^[[92m   Compiling^[[0m signal-hook-registry v1.4.8
test (ubuntu-latest)	Run cargo test --all-features	2026-09-12T15:15:16.1247789Z ^[[1m^[[92m   Compiling^[[0m block-buffer v0.10.4
test (ubuntu-latest)	Run cargo test --all-features	2026-09-12T15:15:16.1740974Z ^[[1m^[[92m   Compiling^[[0m crypto-common v0.1.7
test (ubuntu-latest)	Run cargo test --all-features	2026-09-12T15:15:16.1907607Z ^[[1m^[[92m   Compiling^[[0m serde_core v1.0.229
test (ubuntu-latest)	Run cargo test --all-features	2026-09-12T15:15:16.2017347Z ^[[1m^[[92m   Compiling^[[0m itoa v1.0.18
test (ubuntu-latest)	Run cargo test --all-features	2026-09-12T15:15:16.2314793Z ^[[1m^[[92m   Compiling^[[0m digest v0.10.7
test (ubuntu-latest)	Run cargo test --all-features	2026-09-12T15:15:16.3217609Z ^[[1m^[[92m   Compiling^[[0m log v0.4.34
test (ubuntu-latest)	Run cargo test --all-features	2026-09-12T15:15:16.3627895Z ^[[1m^[[92m   Compiling^[[0m scopeguard v1.2.0
test (ubuntu-latest)	Run cargo test --all-features	2026-09-12T15:15:16.3970398Z ^[[1m^[[92m   Compiling^[[0m utf8parse v0.2.2
test (ubuntu-latest)	Run cargo test --all-features	2026-09-12T15:15:16.4317772Z ^[[1m^[[92m   Compiling^[[0m anstyle-parse v1.0.0
test (ubuntu-latest)	Run cargo test --all-features	2026-09-12T15:15:16.4432420Z ^[[1m^[[92m   Compiling^[[0m mio v1.2.2
test (ubuntu-latest)	Run cargo test --all-features	2026-09-12T15:15:16.5347630Z ^[[1m^[[92m   Compiling^[[0m lock_api v0.4.14
test (ubuntu-latest)	Run cargo test --all-features	2026-09-12T15:15:16.6828568Z ^[[1m^[[92m   Compiling^[[0m signal-hook v0.3.18
test (ubuntu-latest)	Run cargo test --all-features	2026-09-12T15:15:16.8557481Z ^[[1m^[[92m   Compiling^[[0m getrandom v0.4.3
test (ubuntu-latest)	Run cargo test --all-features	2026-09-12T15:15:16.9153795Z ^[[1m^[[92m   Compiling^[[0m parking_lot_core v0.9.12
test (ubuntu-latest)	Run cargo test --all-features	2026-09-12T15:15:16.9647775Z ^[[1m^[[92m   Compiling^[[0m either v1.18.0
test (ubuntu-latest)	Run cargo test --all-features	2026-09-12T15:15:17.0939418Z ^[[1m^[[92m   Compiling^[[0m is_terminal_polyfill v1.70.2
test (ubuntu-latest)	Run cargo test --all-features	2026-09-12T15:15:17.0993858Z ^[[1m^[[92m   Compiling^[[0m linux-raw-sys v0.4.15
test (ubuntu-latest)	Run cargo test --all-features	2026-09-12T15:15:17.1311745Z ^[[1m^[[92m   Compiling^[[0m anstyle v1.0.14
test (ubuntu-latest)	Run cargo test --all-features	2026-09-12T15:15:17.2670113Z ^[[1m^[[92m   Compiling^[[0m colorchoice v1.0.5
test (ubuntu-latest)	Run cargo test --all-features	2026-09-12T15:15:17.3123228Z ^[[1m^[[92m   Compiling^[[0m anstyle-query v1.1.5
test (ubuntu-latest)	Run cargo test --all-features	2026-09-12T15:15:17.3337574Z ^[[1m^[[92m   Compiling^[[0m cpufeatures v0.2.17
test (ubuntu-latest)	Run cargo test --all-features	2026-09-12T15:15:17.3547853Z ^[[1m^[[92m   Compiling^[[0m anstream v1.0.0
test (ubuntu-latest)	Run cargo test --all-features	2026-09-12T15:15:17.3611853Z ^[[1m^[[92m   Compiling^[[0m rustix v0.38.44
test (ubuntu-latest)	Run cargo test --all-features	2026-09-12T15:15:17.5707573Z ^[[1m^[[92m   Compiling^[[0m itertools v0.13.0
test (ubuntu-latest)	Run cargo test --all-features	2026-09-12T15:15:17.7548240Z ^[[1m^[[92m   Compiling^[[0m darling_macro v0.20.11
test (ubuntu-latest)	Run cargo test --all-features	2026-09-12T15:15:17.9300142Z ^[[1m^[[92m   Compiling^[[0m darling v0.20.11
test (ubuntu-latest)	Run cargo test --all-features	2026-09-12T15:15:17.9627754Z ^[[1m^[[92m   Compiling^[[0m parking_lot v0.12.5
test (ubuntu-latest)	Run cargo test --all-features	2026-09-12T15:15:18.0263913Z ^[[1m^[[92m   Compiling^[[0m signal-hook-mio v0.2.5
test (ubuntu-latest)	Run cargo test --all-features	2026-09-12T15:15:18.0609419Z ^[[1m^[[92m   Compiling^[[0m zmij v1.0.23
test (ubuntu-latest)	Run cargo test --all-features	2026-09-12T15:15:18.0775411Z ^[[1m^[[92m   Compiling^[[0m castaway v0.2.4
test (ubuntu-latest)	Run cargo test --all-features	2026-09-12T15:15:18.1248208Z ^[[1m^[[92m   Compiling^[[0m zeroize v1.9.0
test (ubuntu-latest)	Run cargo test --all-features	2026-09-12T15:15:18.2287881Z ^[[1m^[[92m   Compiling^[[0m static_assertions v1.1.0
test (ubuntu-latest)	Run cargo test --all-features	2026-09-12T15:15:18.2565040Z ^[[1m^[[92m   Compiling^[[0m option-ext v0.2.0
test (ubuntu-latest)	Run cargo test --all-features	2026-09-12T15:15:18.2876055Z ^[[1m^[[92m   Compiling^[[0m clap_lex v1.1.0
test (ubuntu-latest)	Run cargo test --all-features	2026-09-12T15:15:18.2987310Z ^[[1m^[[92m   Compiling^[[0m memchr v2.8.3
test (ubuntu-latest)	Run cargo test --all-features	2026-09-12T15:15:18.3079422Z ^[[1m^[[92m   Compiling^[[0m ryu v1.0.23
test (ubuntu-latest)	Run cargo test --all-features	2026-09-12T15:15:18.4177990Z ^[[1m^[[92m   Compiling^[[0m unicode-segmentation v1.13.3
test (ubuntu-latest)	Run cargo test --all-features	2026-09-12T15:15:18.4377717Z ^[[1m^[[92m   Compiling^[[0m signature v2.2.0
test (ubuntu-latest)	Run cargo test --all-features	2026-09-12T15:15:18.4977684Z ^[[1m^[[92m   Compiling^[[0m unicode-width v0.1.14
test (ubuntu-latest)	Run cargo test --all-features	2026-09-12T15:15:18.6437677Z ^[[1m^[[92m   Compiling^[[0m ed25519 v2.2.3
test (ubuntu-latest)	Run cargo test --all-features	2026-09-12T15:15:18.7294664Z ^[[1m^[[92m   Compiling^[[0m unicode-truncate v1.1.0
test (ubuntu-latest)	Run cargo test --all-features	2026-09-12T15:15:18.7483778Z ^[[1m^[[92m   Compiling^[[0m serde_json v1.0.151
test (ubuntu-latest)	Run cargo test --all-features	2026-09-12T15:15:18.7787334Z ^[[1m^[[92m   Compiling^[[0m instability v0.3.10
test (ubuntu-latest)	Run cargo test --all-features	2026-09-12T15:15:18.8128271Z ^[[1m^[[92m   Compiling^[[0m compact_str v0.8.2
test (ubuntu-latest)	Run cargo test --all-features	2026-09-12T15:15:18.9127690Z ^[[1m^[[92m   Compiling^[[0m clap_builder v4.6.6
test (ubuntu-latest)	Run cargo test --all-features	2026-09-12T15:15:19.1274176Z ^[[1m^[[92m   Compiling^[[0m dirs-sys v0.5.0
test (ubuntu-latest)	Run cargo test --all-features	2026-09-12T15:15:19.3207738Z ^[[1m^[[92m   Compiling^[[0m curve25519-dalek v4.1.3
test (ubuntu-latest)	Run cargo test --all-features	2026-09-12T15:15:19.3402982Z ^[[1m^[[92m   Compiling^[[0m ref-cast v1.0.27
test (ubuntu-latest)	Run cargo test --all-features	2026-09-12T15:15:19.3777057Z ^[[1m^[[92m   Compiling^[[0m serde v1.0.229
test (ubuntu-latest)	Run cargo test --all-features	2026-09-12T15:15:19.8097686Z ^[[1m^[[92m   Compiling^[[0m crossterm v0.28.1
test (ubuntu-latest)	Run cargo test --all-features	2026-09-12T15:15:19.8258843Z ^[[1m^[[92m   Compiling^[[0m strum v0.26.3
test (ubuntu-latest)	Run cargo test --all-features	2026-09-12T15:15:19.8777754Z ^[[1m^[[92m   Compiling^[[0m libsqlite3-sys v0.35.0
test (ubuntu-latest)	Run cargo test --all-features	2026-09-12T15:15:20.0210421Z ^[[1m^[[92m   Compiling^[[0m uuid v1.26.0
test (ubuntu-latest)	Run cargo test --all-features	2026-09-12T15:15:20.4247868Z ^[[1m^[[92m   Compiling^[[0m sha2 v0.10.9
test (ubuntu-latest)	Run cargo test --all-features	2026-09-12T15:15:20.4375986Z ^[[1m^[[92m   Compiling^[[0m hashlink v0.10.0
test (ubuntu-latest)	Run cargo test --all-features	2026-09-12T15:15:20.6317783Z ^[[1m^[[92m   Compiling^[[0m lru v0.12.5
test (ubuntu-latest)	Run cargo test --all-features	2026-09-12T15:15:20.7338551Z ^[[1m^[[92m   Compiling^[[0m fallible-streaming-iterator v0.1.9
test (ubuntu-latest)	Run cargo test --all-features	2026-09-12T15:15:20.7397701Z ^[[1m^[[92m   Compiling^[[0m cassowary v0.3.0
test (ubuntu-latest)	Run cargo test --all-features	2026-09-12T15:15:20.7707728Z ^[[1m^[[92m   Compiling^[[0m fallible-iterator v0.3.0
test (ubuntu-latest)	Run cargo test --all-features	2026-09-12T15:15:20.8130888Z ^[[1m^[[92m   Compiling^[[0m dyn-clone v1.0.20
test (ubuntu-latest)	Run cargo test --all-features	2026-09-12T15:15:20.8807652Z ^[[1m^[[92m   Compiling^[[0m unicode-width v0.2.0
test (ubuntu-latest)	Run cargo test --all-features	2026-09-12T15:15:21.0266464Z ^[[1m^[[92m   Compiling^[[0m rusqlite v0.37.0
test (ubuntu-latest)	Run cargo test --all-features	2026-09-12T15:15:21.0297844Z ^[[1m^[[92m   Compiling^[[0m ratatui v0.29.0
test (ubuntu-latest)	Run cargo test --all-features	2026-09-12T15:15:21.2377847Z ^[[1m^[[92m   Compiling^[[0m schemars v1.2.2
test (ubuntu-latest)	Run cargo test --all-features	2026-09-12T15:15:22.3077691Z ^[[1m^[[92m   Compiling^[[0m thiserror v2.0.20
test (ubuntu-latest)	Run cargo test --all-features	2026-09-12T15:15:22.3467997Z ^[[1m^[[92m   Compiling^[[0m clap v4.6.6
test (ubuntu-latest)	Run cargo test --all-features	2026-09-12T15:15:22.3737642Z ^[[1m^[[92m   Compiling^[[0m ed25519-dalek v2.2.0
test (ubuntu-latest)	Run cargo test --all-features	2026-09-12T15:15:22.4917862Z ^[[1m^[[92m   Compiling^[[0m directories v6.0.0
test (ubuntu-latest)	Run cargo test --all-features	2026-09-12T15:15:22.5720668Z ^[[1m^[[92m   Compiling^[[0m hmac v0.12.1
test (ubuntu-latest)	Run cargo test --all-features	2026-09-12T15:15:22.5999543Z ^[[1m^[[92m   Compiling^[[0m fs2 v0.4.3
test (ubuntu-latest)	Run cargo test --all-features	2026-09-12T15:15:22.6427848Z ^[[1m^[[92m   Compiling^[[0m linux-raw-sys v0.12.1
test (ubuntu-latest)	Run cargo test --all-features	2026-09-12T15:15:22.6977794Z ^[[1m^[[92m   Compiling^[[0m fastrand v2.5.0
test (ubuntu-latest)	Run cargo test --all-features	2026-09-12T15:15:22.8167717Z ^[[1m^[[92m   Compiling^[[0m once_cell v1.21.4
test (ubuntu-latest)	Run cargo test --all-features	2026-09-12T15:15:22.8519216Z ^[[1m^[[92m   Compiling^[[0m stillyard v0.1.0-alpha.20 (/home/runner/work/stillyard/stillyard)
test (ubuntu-latest)	Run cargo test --all-features	2026-09-12T15:15:22.9107739Z ^[[1m^[[92m   Compiling^[[0m rustix v1.1.4
test (ubuntu-latest)	Run cargo test --all-features	2026-09-12T15:15:23.9282278Z ^[[1m^[[92m   Compiling^[[0m tempfile v3.27.0
test (ubuntu-latest)	Run cargo test --all-features	2026-09-12T15:15:48.6348522Z ^[[1m^[[92m    Finished^[[0m `test` profile [unoptimized + debuginfo] target(s) in 33.64s
test (ubuntu-latest)	Run cargo test --all-features	2026-09-12T15:15:48.6421135Z ^[[1m^[[92m     Running^[[0m unittests src/lib.rs (target/debug/deps/stillyard-823c9f1fb6178f0b)
test (ubuntu-latest)	Run cargo test --all-features	2026-09-12T15:15:48.6434780Z 
test (ubuntu-latest)	Run cargo test --all-features	2026-09-12T15:15:48.6435251Z running 287 tests
test (ubuntu-latest)	Run cargo test --all-features	2026-09-12T15:15:48.6447852Z test admission::scoped::tests::missing_budget_is_not_zero_and_cycles_never_expand ... ok
test (ubuntu-latest)	Run cargo test --all-features	2026-09-12T15:15:48.6448866Z test admission::scoped::tests::aliases_share_physical_capacity_but_fences_are_domain_local ... ok
test (ubuntu-latest)	Run cargo test --all-features	2026-09-12T15:15:48.6449782Z test admission::scoped::tests::hierarchy_counts_each_constraint_once_and_rejects_full_vector ... ok
test (ubuntu-latest)	Run cargo test --all-features	2026-09-12T15:15:48.6450718Z test admission::scoped::tests::scoped_reservations_convert_whole_vectors_and_accounting_rejects_overflow ... ok
test (ubuntu-latest)	Run cargo test --all-features	2026-09-12T15:15:48.6451550Z test api::tests::cursors_have_stable_cli_round_trips ... ok
test (ubuntu-latest)	Run cargo test --all-features	2026-09-12T15:15:48.6452209Z test api::tests::incident_cursor_is_store_scoped_and_stable ... ok
test (ubuntu-latest)	Run cargo test --all-features	2026-09-12T15:15:48.6453347Z test api::tests::linux_process_identity_is_typed_and_requires_complete_kernel_evidence ... ok
test (ubuntu-latest)	Run cargo test --all-features	2026-09-12T15:15:48.6466578Z test api::tests::managed_execution_value_constructors_use_safe_defaults ... ok
test (ubuntu-latest)	Run cargo test --all-features	2026-09-12T15:15:48.6467034Z test api::tests::scheduler_events_accept_additive_wire_evolution ... ok
test (ubuntu-latest)	Run cargo test --all-features	2026-09-12T15:15:48.6467544Z test api::tests::unknown_safety_values_round_trip_without_authority ... ok
test (ubuntu-latest)	Run cargo test --all-features	2026-09-12T15:15:48.6533733Z test authority::tests::exact_replay_never_rearms_a_retired_hold_and_conflict_rejects ... ok
test (ubuntu-latest)	Run cargo test --all-features	2026-09-12T15:15:48.6570105Z test authority::tests::legacy_hold_inventory_reports_missing_cleanup_reservation_before_release ... ok
test (ubuntu-latest)	Run cargo test --all-features	2026-09-12T15:15:48.6580186Z test authority::tests::missing_and_lost_history_never_implies_free_capacity ... ok
test (ubuntu-latest)	Run cargo test --all-features	2026-09-12T15:15:48.6827176Z test authority::retirement::tests::missing_or_changed_pending_retirement_audit_keeps_authority_closed ... ok
test (ubuntu-latest)	Run cargo test --all-features	2026-09-12T15:15:48.6842682Z test authority::tests::syntactically_valid_corruption_and_failed_publication_close_admission ... ok
test (ubuntu-latest)	Run cargo test --all-features	2026-09-12T15:15:48.6883453Z test authority::topology_tests::continuous_legacy_registry_gets_stable_domains_without_releasing_obligations ... ok
test (ubuntu-latest)	Run cargo test --all-features	2026-09-12T15:15:48.6899221Z test authority::topology_tests::missing_database_uuid_cannot_rebind_continuous_authority_as_empty ... ok
test (ubuntu-latest)	Run cargo test --all-features	2026-09-12T15:15:48.6957535Z test authority::topology_tests::reset_gate_survives_both_crash_sides_and_preserves_predecessor_identity ... ok
test (ubuntu-latest)	Run cargo test --all-features	2026-09-12T15:15:48.6962344Z test client::linux::tests::socket_mode_and_foreign_image_are_rejected ... ok
test (ubuntu-latest)	Run cargo test --all-features	2026-09-12T15:15:48.7034569Z test client::tests::accepted_batch_refresh_pins_the_complete_member_identity ... ok
test (ubuntu-latest)	Run cargo test --all-features	2026-09-12T15:15:48.7062059Z test client::tests::accepted_refresh_uses_stable_identity_and_keeps_the_durable_receipt ... ok
test (ubuntu-latest)	Run cargo test --all-features	2026-09-12T15:15:48.7063291Z test client::tests::doctor_complete_distinguishes_deadline_and_cancellation_before_connecting ... ok
test (ubuntu-latest)	Run cargo test --all-features	2026-09-12T15:15:48.7087261Z test client::tests::ensure_result_file_claim_is_atomic_and_reports_payload_conflict_without_overwrite ... ok
test (ubuntu-latest)	Run cargo test --all-features	2026-09-12T15:15:48.7100653Z 
test (ubuntu-latest)	Run cargo test --all-features	2026-09-12T15:15:48.7101039Z running 1 test
test (ubuntu-latest)	Run cargo test --all-features	2026-09-12T15:15:48.7397327Z test client::tests::ensure_result_file_lock_obeys_the_client_deadline ... ok
test (ubuntu-latest)	Run cargo test --all-features	2026-09-12T15:15:48.7400148Z test client::tests::ensure_unknown_is_a_typed_fail_closed_outcome_without_transport_replay ... ok
test (ubuntu-latest)	Run cargo test --all-features	2026-09-12T15:15:48.7401658Z test client::tests::every_result_file_identity_discriminant_blocks_replay ... ok
test (ubuntu-latest)	Run cargo test --all-features	2026-09-12T15:15:48.7402760Z test client::tests::explicit_and_inherited_client_endpoints_are_connect_only ... ok
test (ubuntu-latest)	Run cargo test --all-features	2026-09-12T15:15:48.7403644Z test client::tests::incomplete_managed_environment_fails_even_for_another_endpoint ... ok
test (ubuntu-latest)	Run cargo test --all-features	2026-09-12T15:15:48.7404674Z test client::tests::interrupted_passthrough_stops_at_a_quiescent_unclaimed_prefix ... ok
test (ubuntu-latest)	Run cargo test --all-features	2026-09-12T15:15:48.7405683Z test client::tests::managed_coordinates_are_scoped_to_the_inherited_endpoint ... ok
test (ubuntu-latest)	Run cargo test --all-features	2026-09-12T15:15:48.7615086Z test client::tests::only_exact_managed_not_received_receipt_authorizes_result_file_reuse ... ok
test (ubuntu-latest)	Run cargo test --all-features	2026-09-12T15:15:48.7616257Z test client::tests::recover_missing_result_file_does_not_create_it ... ok
test (ubuntu-latest)	Run cargo test --all-features	2026-09-12T15:15:48.7650712Z test client::tests::recovery_rejects_a_foreign_endpoint_without_touching_the_receipt ... ok
test (ubuntu-latest)	Run cargo test --all-features	2026-09-12T15:15:48.7651808Z test client::tests::response_errors_preserve_known_wire_rejections ... ok
test (ubuntu-latest)	Run cargo test --all-features	2026-09-12T15:15:48.7687959Z test client::tests::result_file_fresh_create_is_atomic_and_never_overwrites ... ok
test (ubuntu-latest)	Run cargo test --all-features	2026-09-12T15:15:48.7689161Z test client::tests::result_file_lock_holder_helper ... ignored, launched as a cross-process result-file lock holder
test (ubuntu-latest)	Run cargo test --all-features	2026-09-12T15:15:48.7732246Z test client::tests::stale_recovery_cannot_overwrite_a_concurrent_accepted_receipt ... ok
test (ubuntu-latest)	Run cargo test --all-features	2026-09-12T15:15:48.7749065Z test client::tests::unknown_recovery_preserves_the_last_durable_receipt ... ok
test (ubuntu-latest)	Run cargo test --all-features	2026-09-12T15:15:48.7749991Z test client::tests::unmanaged_client_selects_the_public_default_endpoint ... ok
test (ubuntu-latest)	Run cargo test --all-features	2026-09-12T15:15:48.7750888Z test client::tests::wait_aggregate_uses_the_worst_terminal_outcome ... ok
test (ubuntu-latest)	Run cargo test --all-features	2026-09-12T15:15:48.8218115Z test daemon::installation_tests::explicit_wsl_setup_preserves_store_and_obeys_daemon_lock ... ok
test (ubuntu-latest)	Run cargo test --all-features	2026-09-12T15:15:48.8219379Z test filesystem::tests::only_fixed_ntfs_is_accepted ... ok
test (ubuntu-latest)	Run cargo test --all-features	2026-09-12T15:15:48.8220498Z test host_observation::linux_cpu::tests::linux_cpu_avoids_guest_double_count_and_fences_regressions_and_hotplug ... ok
test (ubuntu-latest)	Run cargo test --all-features	2026-09-12T15:15:48.8221819Z test host_observation::linux_disk::tests::linux_disk_detects_inflight_pressure_reuse_and_counter_regression ... ok
test (ubuntu-latest)	Run cargo test --all-features	2026-09-12T15:15:48.8222976Z test host_observation::linux_memory::tests::linux_memory_does_not_fabricate_windows_commit_headroom ... ok
test (ubuntu-latest)	Run cargo test --all-features	2026-09-12T15:15:48.8224101Z test host_observation::policy::tests::debrix_process_patterns_are_case_insensitive_and_wildcard_aware ... ok
test (ubuntu-latest)	Run cargo test --all-features	2026-09-12T15:15:48.8225111Z test host_observation::policy::tests::stale_memory_and_blocked_process_fail_closed ... ok
test (ubuntu-latest)	Run cargo test --all-features	2026-09-12T15:15:48.8226256Z test host_observation::policy::tests::standalone_observed_thresholds_block_without_creating_quiet_policy ... ok
test (ubuntu-latest)	Run cargo test --all-features	2026-09-12T15:15:48.8227547Z test host_observation::policy::tests::strict_admission_uses_commit_vram_margins_and_ignores_shell_processes ... ok
test (ubuntu-latest)	Run cargo test --all-features	2026-09-12T15:15:48.8228674Z test host_observation::policy::tests::unavailable_quiet_detector_is_not_treated_as_a_clean_sample ... ok
test (ubuntu-latest)	Run cargo test --all-features	2026-09-12T15:15:48.8229797Z test host_observation::policy::tests::unresolved_nvml_compute_process_fails_closed_but_shell_processes_do_not ... ok
test (ubuntu-latest)	Run cargo test --all-features	2026-09-12T15:15:48.8230988Z test host_observation::service::tests::cadence_and_suspend_discontinuities_change_generation ... ok
test (ubuntu-latest)	Run cargo test --all-features	2026-09-12T15:15:48.8233229Z test host_observation::service::tests::doctor_coverage_names_every_strict_provider_with_fresh_provenance ... ok
test (ubuntu-latest)	Run cargo test --all-features	2026-09-12T15:15:48.8234378Z test host_observation::service::tests::doctor_fails_closed_only_when_unavailable_coverage_is_required ... ok
test (ubuntu-latest)	Run cargo test --all-features	2026-09-12T15:15:48.8235535Z test host_observation::service::tests::doctor_gpu_coverage_requires_the_exact_configured_device ... ok
test (ubuntu-latest)	Run cargo test --all-features	2026-09-12T15:15:48.9410243Z test client::linux::tests::socket_exchange_checks_owner_image_and_deadline ... ok
test (ubuntu-latest)	Run cargo test --all-features	2026-09-12T15:15:48.9416564Z test identity::linux::tests::comm_delimiters_do_not_change_the_kernel_start_field ... ok
test (ubuntu-latest)	Run cargo test --all-features	2026-09-12T15:15:48.9421600Z test identity::linux::tests::socket_peer_is_kernel_pinned_and_image_checked ... ok
test (ubuntu-latest)	Run cargo test --all-features	2026-09-12T15:15:49.0247583Z test machine::bridge::linux::tests::linux_bridge_deadline_covers_partial_frame_and_writes ... ok
test (ubuntu-latest)	Run cargo test --all-features	2026-09-12T15:15:49.0275511Z test machine::bridge::tests::bridge_preserves_multiple_correlations_and_eof_never_calls_cleanup ... ok
test (ubuntu-latest)	Run cargo test --all-features	2026-09-12T15:15:49.0277040Z test machine::bridge::tests::bridge_rejects_versions_truncation_and_oversize_before_dispatch ... ok
test (ubuntu-latest)	Run cargo test --all-features	2026-09-12T15:15:49.0282649Z test machine::manager::release::tests::delay_in_final_local_check_is_rechecked_before_os_release ... ok
test (ubuntu-latest)	Run cargo test --all-features	2026-09-12T15:15:49.0284278Z test machine::manager::release::tests::local_send_age_detects_delay_suspend_and_clock_discontinuity ... ok
test (ubuntu-latest)	Run cargo test --all-features	2026-09-12T15:15:49.0285764Z test machine::manager::release::tests::loss_of_readiness_after_commit_proves_no_release_without_replaying_consumption ... ok
test (ubuntu-latest)	Run cargo test --all-features	2026-09-12T15:15:49.0287647Z test machine::manager::release::tests::retry_cannot_rejuvenate_a_delayed_ticket_and_cancel_fences_release ... ok
test (ubuntu-latest)	Run cargo test --all-features	2026-09-12T15:15:49.0289259Z test machine::manager::release::tests::unused_after_commit_keeps_consumption_and_requires_exact_cleanup_before_sealing ... ok
test (ubuntu-latest)	Run cargo test --all-features	2026-09-12T15:15:49.0522752Z test machine::manager::tests::local_outbox_and_start_intent_survive_commit_gaps_without_relaunch ... ok
test (ubuntu-latest)	Run cargo test --all-features	2026-09-12T15:15:49.0977893Z test machine::manager::tests::lost_ticket_then_coordinator_reset_and_epoch_rotation_recover_without_launch ... ok
test (ubuntu-latest)	Run cargo test --all-features	2026-09-12T15:15:50.5037859Z test machine::manager::tests::outbox_counts_utf8_bytes_and_reserves_room_for_acknowledgement ... ok
test (ubuntu-latest)	Run cargo test --all-features	2026-09-12T15:15:50.5387419Z test machine::tests::framing_rejects_oversize_before_reading_body_and_strictly_decodes ... ok
test (ubuntu-latest)	Run cargo test --all-features	2026-09-12T15:15:50.5416659Z test machine::tests::operation_authentication_binds_session_sequence_identity_and_payload ... ok
test (ubuntu-latest)	Run cargo test --all-features	2026-09-12T15:15:50.5418206Z test machine::tests::pairing_tag_binds_both_nonces_session_role_owner_and_versions ... ok
test (ubuntu-latest)	Run cargo test --all-features	2026-09-12T15:15:50.5427044Z test machine::tests::request_rejects_version_hash_sequence_and_unknown_identity ... ok
test (ubuntu-latest)	Run cargo test --all-features	2026-09-12T15:15:50.5428040Z test model::tests::durable_id_round_trip_carries_store_identity ... ok
test (ubuntu-latest)	Run cargo test --all-features	2026-09-12T15:15:50.5428819Z test model::tests::unscoped_uuid_is_not_a_public_durable_id ... ok
test (ubuntu-latest)	Run cargo test --all-features	2026-09-12T15:15:50.5430459Z test protocol::tests::daemon_resource_accounting_is_additive_with_an_explicit_legacy_absence ... ok
test (ubuntu-latest)	Run cargo test --all-features	2026-09-12T15:15:50.5431492Z test protocol::tests::frame_round_trip ... ok
test (ubuntu-latest)	Run cargo test --all-features	2026-09-12T15:15:50.5432215Z test protocol::tests::responses_are_additive_but_requests_remain_strict ... ok
test (ubuntu-latest)	Run cargo test --all-features	2026-09-12T15:15:50.5433045Z test resources::tests::child_policy_vram_claim_names_are_canonicalized ... ok
test (ubuntu-latest)	Run cargo test --all-features	2026-09-12T15:15:50.5433819Z test resources::tests::complete_scalar_lease_never_partially_fits ... ok
test (ubuntu-latest)	Run cargo test --all-features	2026-09-12T15:15:50.5434647Z test resources::tests::different_missing_children_under_one_ancestor_do_not_alias ... ok
test (ubuntu-latest)	Run cargo test --all-features	2026-09-12T15:15:50.5435656Z test resources::tests::existing_policy_root_replacement_does_not_inherit_object_authority ... ok
test (ubuntu-latest)	Run cargo test --all-features	2026-09-12T15:15:50.5436746Z test resources::tests::granted_debit_overflow_blocks_instead_of_wrapping_capacity ... ok
test (ubuntu-latest)	Run cargo test --all-features	2026-09-12T15:15:50.5437735Z test resources::tests::impact_rules_are_symmetric_self_compatibility_is_explicit_and_ancestors_block ... ok
test (ubuntu-latest)	Run cargo test --all-features	2026-09-12T15:15:50.5438927Z test resources::tests::linux_fences_track_objects_and_reject_policy_symlink_escape ... ok
test (ubuntu-latest)	Run cargo test --all-features	2026-09-12T15:15:50.5446602Z test resources::tests::managed_wait_checks_only_components_retained_by_ancestors ... ok
test (ubuntu-latest)	Run cargo test --all-features	2026-09-12T15:15:50.5468758Z test resources::tests::missing_policy_root_retains_component_authority_after_creation ... ok
test (ubuntu-latest)	Run cargo test --all-features	2026-09-12T15:15:50.5504359Z test resources::tests::observed_headroom_is_checked_and_excludes_only_the_supplied_debit ... ok
test (ubuntu-latest)	Run cargo test --all-features	2026-09-12T15:15:50.5524846Z test resources::tests::shared_fences_overlap_but_exclusive_conflicts ... ok
test (ubuntu-latest)	Run cargo test --all-features	2026-09-12T15:15:50.5526470Z test runner::linux::cgroup::tests::linux_cgroup_real_identity_empty_seal_and_missing_path_negative ... ignored, requires nested delegation under the protected system bootstrap Job
test (ubuntu-latest)	Run cargo test --all-features	2026-09-12T15:15:50.5528027Z test runner::linux::cgroup::tests::linux_cgroup_rejects_an_ordinary_directory_as_boundary_evidence ... ok
test (ubuntu-latest)	Run cargo test --all-features	2026-09-12T15:15:50.5529483Z test runner::linux::cgroup::tests::linux_cgroup_root_exit_keeps_descendant_debit_until_recursive_kill ... ignored, requires nested delegation under the protected system bootstrap Job
test (ubuntu-latest)	Run cargo test --all-features	2026-09-12T15:15:50.5531072Z test runner::linux::journal::cross_os::linux_executor_cross_os_reset_subject ... ignored, native system Job supplies mailbox and protected Linux delegation
test (ubuntu-latest)	Run cargo test --all-features	2026-09-12T15:15:50.5532641Z test runner::linux::journal::tests::linux_executor_journal_absence_after_seal_gap_retains_uncertainty ... ignored, requires delegated cgroup under a protected system bootstrap Job
test (ubuntu-latest)	Run cargo test --all-features	2026-09-12T15:15:50.5534053Z test runner::linux::journal::tests::linux_executor_journal_never_reinitializes_missing_or_corrupt_history ... ok
test (ubuntu-latest)	Run cargo test --all-features	2026-09-12T15:15:50.5535474Z test runner::linux::journal::tests::linux_executor_journal_recovers_live_boundary_and_seals_once ... ignored, requires delegated cgroup under a protected system bootstrap Job
test (ubuntu-latest)	Run cargo test --all-features	2026-09-12T15:15:50.5537148Z test runner::linux::launch::tests::linux_attestation_client_fixture ... ignored, invoked only as the user program in the nested namespace control
test (ubuntu-latest)	Run cargo test --all-features	2026-09-12T15:15:50.5538701Z test runner::linux::launch::tests::linux_exec_barrier_bad_image_and_abandoned_release_never_run_user_code ... ignored, requires delegated cgroup under a protected system bootstrap Job
test (ubuntu-latest)	Run cargo test --all-features	2026-09-12T15:15:50.5540327Z test runner::linux::launch::tests::linux_exec_barrier_prevents_user_code_and_pins_script_bytes ... ignored, requires delegated cgroup under a protected system bootstrap Job
test (ubuntu-latest)	Run cargo test --all-features	2026-09-12T15:15:50.5541556Z test runner::linux::launch::tests::linux_exec_permission_binds_private_key_and_fresh_ready_challenge ... ok
test (ubuntu-latest)	Run cargo test --all-features	2026-09-12T15:15:50.5543170Z test runner::linux::launch::tests::linux_namespace_attestation_uses_real_peer_and_rejects_outside_proxy ... ignored, requires delegated cgroup under a protected system bootstrap Job
test (ubuntu-latest)	Run cargo test --all-features	2026-09-12T15:15:50.5544415Z test runner::linux::registry::tests::linux_registry_membership_waits_for_cleanup_and_retains_negative_proof ... ignored, requires delegated cgroup under a protected system bootstrap Job
test (ubuntu-latest)	Run cargo test --all-features	2026-09-12T15:15:50.5545935Z test runner::linux::registry::tests::linux_registry_requires_durable_seal_and_matches_reconciliation_identity ... ignored, requires delegated cgroup under a protected system bootstrap Job
test (ubuntu-latest)	Run cargo test --all-features	2026-09-12T15:15:50.5547613Z test runtime_metrics::tests::attached_wait_polling_mutant_exceeds_idle_budget ... ignored, run alone as a system Job to measure the real attached wait path
test (ubuntu-latest)	Run cargo test --all-features	2026-09-12T15:15:50.5629410Z test runtime_metrics::tests::polling_control_is_counted_and_event_notification_is_not_a_timer ... ok
test (ubuntu-latest)	Run cargo test --all-features	2026-09-12T15:15:50.5657311Z test spec::tests::child_policy_unknown_fields_are_rejected_during_decode ... ok
test (ubuntu-latest)	Run cargo test --all-features	2026-09-12T15:15:50.5661665Z test spec::tests::daemon_environment_presets_are_not_accepted ... ok
test (ubuntu-latest)	Run cargo test --all-features	2026-09-12T15:15:50.5676848Z test spec::tests::host_deferral_bound_applies_only_to_jobs_that_request_quiet ... ok
test (ubuntu-latest)	Run cargo test --all-features	2026-09-12T15:15:50.5677689Z test spec::tests::lifecycle_history_has_a_finite_snapshot_bound ... ok
test (ubuntu-latest)	Run cargo test --all-features	2026-09-12T15:15:50.5678417Z test spec::tests::retry_verdicts_must_be_unique ... ok
test (ubuntu-latest)	Run cargo test --all-features	2026-09-12T15:15:50.5827769Z test spec::tests::schema_is_stable_within_one_build ... ok
test (ubuntu-latest)	Run cargo test --all-features	2026-09-12T15:15:50.5856979Z test spec::tests::supported_claim_and_impact_validate ... ok
test (ubuntu-latest)	Run cargo test --all-features	2026-09-12T15:15:50.5871348Z test spec::tests::unknown_job_field_rejects ... ok
test (ubuntu-latest)	Run cargo test --all-features	2026-09-12T15:15:50.5896810Z test spec::tests::version_four_rejects_duplicate_label_keys_and_invalid_policy_shapes ... ok
test (ubuntu-latest)	Run cargo test --all-features	2026-09-12T15:15:50.5917007Z test store::attached::invocation::tests::waiting_ticket_reply_survives_outbox_compaction_without_replaying_unknown_operation ... ok
test (ubuntu-latest)	Run cargo test --all-features	2026-09-12T15:15:50.6130969Z test store::attached::observation::tests::attached_observation_preserves_counts_and_fences_stale_sessions ... ok
test (ubuntu-latest)	Run cargo test --all-features	2026-09-12T15:15:50.7209105Z test store::attached::tests::attached_admission_persists_candidates_and_holds_lease_until_release_ack ... ok
test (ubuntu-latest)	Run cargo test --all-features	2026-09-12T15:15:50.7212820Z test store::attached::tests::crash::linux_attached_runtime_crash_commit_boundaries ... ignored, requires protected nested cgroup delegation and prebuilt Linux stub
test (ubuntu-latest)	Run cargo test --all-features	2026-09-12T15:15:50.7214700Z test store::attached::tests::crash::linux_attached_runtime_crash_subject ... ignored, only the protected crash matrix controller launches this child
test (ubuntu-latest)	Run cargo test --all-features	2026-09-12T15:15:50.7256904Z test store::attached::tests::linux_attached_runtime_cancel_seals_live_descendant ... ignored, requires protected nested cgroup delegation
test (ubuntu-latest)	Run cargo test --all-features	2026-09-12T15:15:50.7287428Z test store::attached::tests::linux_attached_runtime_consumes_ticket_and_seals_live_descendant ... ignored, requires protected nested cgroup delegation
test (ubuntu-latest)	Run cargo test --all-features	2026-09-12T15:15:50.7316933Z test store::attached::tests::linux_attached_runtime_timeout_seals_live_descendant ... ignored, requires protected nested cgroup delegation
test (ubuntu-latest)	Run cargo test --all-features	2026-09-12T15:15:50.7337214Z test store::attached::tests::linux_attached_runtime_waiting_ticket_does_not_release_user_code ... ignored, requires protected nested cgroup delegation
test (ubuntu-latest)	Run cargo test --all-features	2026-09-12T15:15:50.7767023Z test store::machine_allocation::inventory_tests::expired_candidate_history_does_not_exhaust_ready_budget_but_armed_still_counts ... ok
test (ubuntu-latest)	Run cargo test --all-features	2026-09-12T15:15:51.2147804Z test store::machine_allocation::inventory_tests::inventory_pages_cover_large_unicode_records_without_exceeding_wire_bytes ... ok
test (ubuntu-latest)	Run cargo test --all-features	2026-09-12T15:15:57.1177487Z test identity::attestation::tests::linux_attestation_rejects_forgery_replay_changed_image_and_generation ... ok
test (ubuntu-latest)	Run cargo test --all-features	2026-09-12T15:15:57.1208559Z test store::observation::command_preview_tests::preview_is_bounded_single_line_and_identifies_the_command ... ok
test (ubuntu-latest)	Run cargo test --all-features	2026-09-12T15:15:57.1210201Z test store::process_records::tests::typed_linux_identity_never_uses_filetime_and_cannot_be_replaced ... ok
test (ubuntu-latest)	Run cargo test --all-features	2026-09-12T15:15:57.1907466Z test store::tests::admission_safety::cancel_that_wins_during_contaminated_cleanup_cannot_replan_or_release_code ... ok
test (ubuntu-latest)	Run cargo test --all-features	2026-09-12T15:15:57.2747572Z test store::tests::admission_safety::clean_deferral_exhaustion_uses_the_job_retry_policy ... ok
test (ubuntu-latest)	Run cargo test --all-features	2026-09-12T15:15:57.3397762Z test store::tests::admission_safety::condition_release_rechecks_observed_evidence_before_resume ... ok
test (ubuntu-latest)	Run cargo test --all-features	2026-09-12T15:15:57.8477817Z test store::tests::admission_safety::condition_scan_time_ages_host_evidence_before_observed_grant ... ok
test (ubuntu-latest)	Run cargo test --all-features	2026-09-12T15:15:58.2342080Z test store::tests::admission_safety::condition_scan_time_ages_host_evidence_before_probe_grant ... ok
test (ubuntu-latest)	Run cargo test --all-features	2026-09-12T15:15:58.3057564Z test store::tests::admission_safety::direct_observed_admission_remains_released_without_a_final_barrier ... ok
test (ubuntu-latest)	Run cargo test --all-features	2026-09-12T15:15:58.3839754Z test store::tests::admission_safety::final_observed_ram_check_excludes_only_its_own_granted_lease ... ok
test (ubuntu-latest)	Run cargo test --all-features	2026-09-12T15:15:58.4525603Z test store::tests::admission_safety::incompatible_impact_consumes_the_admission_wall_clock_and_fails_finitely ... ok
test (ubuntu-latest)	Run cargo test --all-features	2026-09-12T15:15:58.5497716Z test store::tests::admission_safety::missing_observation_pauses_quiet_budget_and_rebuilds_stability ... ok
test (ubuntu-latest)	Run cargo test --all-features	2026-09-12T15:15:59.6943591Z test store::tests::admission_safety::observed_condition_runtime_timeout_starts_at_release ... ok
test (ubuntu-latest)	Run cargo test --all-features	2026-09-12T15:15:59.7360676Z test store::tests::admission_safety::quiet_only_deferral_exhaustion_still_uses_the_job_retry_policy ... ok
test (ubuntu-latest)	Run cargo test --all-features	2026-09-12T15:15:59.7980660Z test store::tests::admission_safety::quiet_stability_resets_on_sample_gap_and_observation_generation_change ... ok
test (ubuntu-latest)	Run cargo test --all-features	2026-09-12T15:16:00.0808407Z test store::tests::admission_safety::quiet_wait_holds_no_lease_and_final_recheck_reuses_the_attempt_without_running_code ... ok
test (ubuntu-latest)	Run cargo test --all-features	2026-09-12T15:16:00.1441587Z test store::tests::admission_safety::restart_preserves_admitting_attempt_budget_resets_stability_and_allows_cancel ... ok
test (ubuntu-latest)	Run cargo test --all-features	2026-09-12T15:16:00.1779015Z test store::tests::admission_safety::restart_refuses_gpu_placement_change_for_a_retained_job ... ok
test (ubuntu-latest)	Run cargo test --all-features	2026-09-12T15:16:00.2081961Z test store::tests::admission_safety::restart_refuses_host_policy_that_invalidates_a_retained_job ... ok
test (ubuntu-latest)	Run cargo test --all-features	2026-09-12T15:16:00.2677435Z test store::tests::admission_safety::sidecar_gpu_and_vram_claims_fail_closed_then_preserve_grant_provenance ... ok
test (ubuntu-latest)	Run cargo test --all-features	2026-09-12T15:16:00.3020140Z test store::tests::admission_safety::stale_memory_and_low_commit_headroom_never_create_a_lease_or_invocation ... ok
test (ubuntu-latest)	Run cargo test --all-features	2026-09-12T15:16:00.3392859Z test store::tests::admission_safety::starting_strict_job_keeps_sampler_demand_until_release ... ok
test (ubuntu-latest)	Run cargo test --all-features	2026-09-12T15:16:00.3871873Z test store::tests::admission_safety::static_contention_pauses_quiet_budget_and_rebuilds_stability ... ok
test (ubuntu-latest)	Run cargo test --all-features	2026-09-12T15:16:00.4325340Z test store::tests::admission_safety::uncertain_pre_release_cleanup_is_final_and_retains_the_lease ... ok
test (ubuntu-latest)	Run cargo test --all-features	2026-09-12T15:16:00.5374235Z test store::tests::admission_safety::uncertain_pre_release_cleanup_preserves_condition_deadline_outcome ... ok
test (ubuntu-latest)	Run cargo test --all-features	2026-09-12T15:16:00.5774534Z test store::tests::admission_safety::uncertain_pre_release_cleanup_preserves_explicit_cancellation ... ok
test (ubuntu-latest)	Run cargo test --all-features	2026-09-12T15:16:00.6191417Z test store::tests::attempt_lifecycle::expired_blocked_retry_does_not_spin_and_backoff_cancel_is_terminal ... ok
test (ubuntu-latest)	Run cargo test --all-features	2026-09-12T15:16:00.6499798Z test store::tests::attempt_lifecycle::impact_rules_block_admission_and_ancestor_waits_symmetrically ... ok
test (ubuntu-latest)	Run cargo test --all-features	2026-09-12T15:16:00.7160204Z test store::tests::attempt_lifecycle::plain_cancel_covers_queued_active_and_backoff_without_successors ... ok
test (ubuntu-latest)	Run cargo test --all-features	2026-09-12T15:16:00.7610591Z test store::tests::attempt_lifecycle::postcondition_release_requires_immutable_empty_primary_result_and_granted_lease ... ok
test (ubuntu-latest)	Run cargo test --all-features	2026-09-12T15:16:00.8061602Z test store::tests::attempt_lifecycle::postcondition_retry_keeps_one_job_and_exposes_ordered_attempts ... ok
test (ubuntu-latest)	Run cargo test --all-features	2026-09-12T15:16:00.8423593Z test store::tests::attempt_lifecycle::receipt_preserves_accepting_generation_across_daemon_restart ... ok
test (ubuntu-latest)	Run cargo test --all-features	2026-09-12T15:16:00.8774155Z test store::tests::attempt_lifecycle::root_exit_is_visible_before_containment_resolution ... ok
test (ubuntu-latest)	Run cargo test --all-features	2026-09-12T15:16:00.8802649Z test store::tests::attempt_lifecycle::snapshot_diagnostic_budget_keeps_newest_utf8_suffixes ... ok
test (ubuntu-latest)	Run cargo test --all-features	2026-09-12T15:16:00.9339843Z test store::tests::attempt_lifecycle::worker_start_failure_preserves_an_active_cancel_and_suppresses_retry ... ok
test (ubuntu-latest)	Run cargo test --all-features	2026-09-12T15:16:01.2664066Z test store::tests::conditions::already_stale_refresh_blocks_once_then_yields_instead_of_replanning ... ok
test (ubuntu-latest)	Run cargo test --all-features	2026-09-12T15:16:01.3041627Z test store::tests::conditions::cancel_waits_for_live_probe_boundary_before_publishing_final ... ok
test (ubuntu-latest)	Run cargo test --all-features	2026-09-12T15:16:01.3445862Z test store::tests::conditions::condition_release_is_publicly_released_while_running_and_after_success ... ok
test (ubuntu-latest)	Run cargo test --all-features	2026-09-12T15:16:01.7085632Z test store::tests::conditions::deadline_crossing_during_scan_wins_over_impossible_dependency ... ok
test (ubuntu-latest)	Run cargo test --all-features	2026-09-12T15:16:01.7471126Z test store::tests::conditions::deadline_is_enforced_before_retry_backoff_and_dependency_filters ... ok
test (ubuntu-latest)	Run cargo test --all-features	2026-09-12T15:16:01.7847554Z test store::tests::conditions::deadline_that_wins_during_a_probe_remains_terminal_after_probe_cleanup ... ok
test (ubuntu-latest)	Run cargo test --all-features	2026-09-12T15:16:01.8773710Z test store::tests::conditions::due_deadline_wins_over_cancel_before_and_during_probe_cleanup ... ok
test (ubuntu-latest)	Run cargo test --all-features	2026-09-12T15:16:01.9083702Z test store::tests::conditions::eta_is_unknown_for_external_predicates_and_lower_bound_for_not_before ... ok
test (ubuntu-latest)	Run cargo test --all-features	2026-09-12T15:16:01.9390015Z test store::tests::conditions::expired_monotonic_evidence_does_not_create_a_zero_delay_retry_spin ... ok
test (ubuntu-latest)	Run cargo test --all-features	2026-09-12T15:16:01.9790243Z test store::tests::conditions::failed_deadline_latch_survives_refresh_until_probe_cleanup ... ok
test (ubuntu-latest)	Run cargo test --all-features	2026-09-12T15:16:02.0209807Z test store::tests::conditions::first_pre_release_deferral_replans_the_same_attempt_and_preserves_budget ... ok
test (ubuntu-latest)	Run cargo test --all-features	2026-09-12T15:16:02.0509523Z test store::tests::conditions::freshness_that_expires_during_a_long_pass_yields_before_rescan ... ok
test (ubuntu-latest)	Run cargo test --all-features	2026-09-12T15:16:02.1287657Z test store::tests::conditions::monotonic_expiry_forces_rescan_despite_a_future_wall_freshness_and_history_is_bounded ... ok
test (ubuntu-latest)	Run cargo test --all-features	2026-09-12T15:16:02.1543184Z test store::tests::conditions::monotonic_expiry_yields_despite_a_future_wall_deadline ... ok
test (ubuntu-latest)	Run cargo test --all-features	2026-09-12T15:16:02.1905565Z test store::tests::conditions::path_absent_waits_for_authoritative_absence ... ok
test (ubuntu-latest)	Run cargo test --all-features	2026-09-12T15:16:02.2250151Z test store::tests::conditions::path_transition_is_anchored_at_acceptance_and_rescanned_before_lease ... ok
test (ubuntu-latest)	Run cargo test --all-features	2026-09-12T15:16:02.3576332Z test store::tests::conditions::post_commit_cancel_and_deadline_are_ordered_before_primary_resume ... ok
test (ubuntu-latest)	Run cargo test --all-features	2026-09-12T15:16:02.4023482Z test store::tests::conditions::post_commit_freshness_expiry_replans_the_never_resumed_attempt ... ok
test (ubuntu-latest)	Run cargo test --all-features	2026-09-12T15:16:02.4410272Z test store::tests::conditions::postcondition_does_not_inherit_primary_conditions_after_release ... ok
test (ubuntu-latest)	Run cargo test --all-features	2026-09-12T15:16:02.4823286Z test store::tests::conditions::postcondition_start_failure_preserves_primary_start_and_ignores_condition_deadline ... ok
test (ubuntu-latest)	Run cargo test --all-features	2026-09-12T15:16:02.5732066Z test store::tests::conditions::pre_release_cancellation_is_never_projected_as_released ... ok
test (ubuntu-latest)	Run cargo test --all-features	2026-09-12T15:16:02.6156381Z test store::tests::conditions::pre_release_path_change_replans_same_attempt_then_exhausts_as_readiness_unstable ... ok
test (ubuntu-latest)	Run cargo test --all-features	2026-09-12T15:16:02.6477903Z test store::tests::conditions::prepared_probe_start_failure_atomically_releases_its_lease_and_requeues ... ok
test (ubuntu-latest)	Run cargo test --all-features	2026-09-12T15:16:04.2836016Z test store::tests::conditions::probe_history_is_pruned_after_its_pinning_events_leave_the_ring ... ok
test (ubuntu-latest)	Run cargo test --all-features	2026-09-12T15:16:04.3252993Z test store::tests::conditions::probe_uses_its_own_lease_and_releases_it_before_primary_work ... ok
test (ubuntu-latest)	Run cargo test --all-features	2026-09-12T15:16:04.3648236Z test store::tests::conditions::relative_deadline_is_durable_and_does_not_create_an_attempt ... ok
test (ubuntu-latest)	Run cargo test --all-features	2026-09-12T15:16:04.5653034Z test store::tests::conditions::restart_finalizes_cancel_and_deadline_after_probe_becomes_uncertain ... ok
test (ubuntu-latest)	Run cargo test --all-features	2026-09-12T15:16:04.6052817Z test store::tests::conditions::restart_invalidates_generation_local_path_evidence_and_rescans ... ok
test (ubuntu-latest)	Run cargo test --all-features	2026-09-12T15:16:04.9898187Z test store::tests::conditions::restart_preserves_the_durable_pre_resume_terminal_latch ... ok
test (ubuntu-latest)	Run cargo test --all-features	2026-09-12T15:16:05.0404385Z test store::tests::conditions::restart_repairs_the_legacy_split_probe_settlement_window ... ok
test (ubuntu-latest)	Run cargo test --all-features	2026-09-12T15:16:05.1064437Z test store::tests::conditions::restart_retains_only_the_unresolved_probe_claims_and_blocks_reprobe_until_clearance ... ok
test (ubuntu-latest)	Run cargo test --all-features	2026-09-12T15:16:05.1536564Z test store::tests::conditions::terminal_intent_waits_for_every_live_probe_and_cancel_never_starts_another ... ok
test (ubuntu-latest)	Run cargo test --all-features	2026-09-12T15:16:05.1881391Z test store::tests::conditions::worker_start_failure_keeps_condition_deadline_precedence ... ok
test (ubuntu-latest)	Run cargo test --all-features	2026-09-12T15:16:05.2210693Z test store::tests::containment_safety::attempt_wide_predicate_waits_for_every_containment ... ok
test (ubuntu-latest)	Run cargo test --all-features	2026-09-12T15:16:05.2551175Z test store::tests::containment_safety::clearance_is_idempotent_and_audited_through_status ... ok
test (ubuntu-latest)	Run cargo test --all-features	2026-09-12T15:16:05.2895127Z test store::tests::containment_safety::creating_and_started_records_capture_exact_identity ... ok
test (ubuntu-latest)	Run cargo test --all-features	2026-09-12T15:16:05.4875967Z test store::tests::containment_safety::doctor_default_page_is_bounded_below_protocol_limit ... ok
test (ubuntu-latest)	Run cargo test --all-features	2026-09-12T15:16:05.5427039Z test store::tests::containment_safety::doctor_incidents_are_frozen_across_pages ... ok
test (ubuntu-latest)	Run cargo test --all-features	2026-09-12T15:16:05.6058348Z test store::tests::containment_safety::doctor_rejects_cursor_from_previous_daemon_generation ... ok
test (ubuntu-latest)	Run cargo test --all-features	2026-09-12T15:16:05.6426760Z test store::tests::containment_safety::doctor_rejects_foreign_unknown_tampered_and_expired_cursors ... ok
test (ubuntu-latest)	Run cargo test --all-features	2026-09-12T15:16:05.6667888Z test store::tests::containment_safety::doctor_reports_loaded_config_evidence ... ok
test (ubuntu-latest)	Run cargo test --all-features	2026-09-12T15:16:06.1650545Z test store::tests::containment_safety::doctor_snapshot_stress_resists_parallel_incident_turnover ... ok
test (ubuntu-latest)	Run cargo test --all-features	2026-09-12T15:16:06.2071809Z test store::tests::containment_safety::force_commit_rejects_a_changed_authorization_set ... ok
test (ubuntu-latest)	Run cargo test --all-features	2026-09-12T15:16:06.2334977Z test store::tests::containment_safety::missing_host_capability_blocks_before_lease_grant ... ok
test (ubuntu-latest)	Run cargo test --all-features	2026-09-12T15:16:06.2900802Z test store::tests::containment_safety::typed_linux_root_roundtrips_all_containment_views_without_filetime_aliasing ... ok
test (ubuntu-latest)	Run cargo test --all-features	2026-09-12T15:16:06.3252436Z test store::tests::containment_safety::unbound_pending_store_binds_without_reset ... ok
test (ubuntu-latest)	Run cargo test --all-features	2026-09-12T15:16:06.3985678Z test store::tests::containment_safety::unbound_store_with_containment_is_replaced ... ok
test (ubuntu-latest)	Run cargo test --all-features	2026-09-12T15:16:06.4382233Z test store::tests::input_submission::batch_is_atomic_and_dependencies_use_final_outcomes ... ok
test (ubuntu-latest)	Run cargo test --all-features	2026-09-12T15:16:06.4670706Z test store::tests::input_submission::child_policy_resolution_failure_is_a_durable_typed_rejection ... ok
test (ubuntu-latest)	Run cargo test --all-features	2026-09-12T15:16:06.5352486Z test store::tests::input_submission::complete_leases_serialize_conflicts_but_allow_orthogonal_work ... ok
test (ubuntu-latest)	Run cargo test --all-features	2026-09-12T15:16:06.5627351Z test store::tests::input_submission::corrupt_staged_input_rejects_before_received ... ok
test (ubuntu-latest)	Run cargo test --all-features	2026-09-12T15:16:06.6106847Z test store::tests::input_submission::daemon_status_reports_exact_durable_reservations ... ok
test (ubuntu-latest)	Run cargo test --all-features	2026-09-12T15:16:06.6415469Z test store::tests::input_submission::dependency_outside_fifo_prefix_is_unknown ... ok
test (ubuntu-latest)	Run cargo test --all-features	2026-09-12T15:16:06.6710435Z test store::tests::input_submission::explicit_environment_is_preserved_at_acceptance ... ok
test (ubuntu-latest)	Run cargo test --all-features	2026-09-12T15:16:06.7081200Z test store::tests::input_submission::missing_path_fence_identity_survives_later_creation ... ok
test (ubuntu-latest)	Run cargo test --all-features	2026-09-12T15:16:06.7550962Z test store::tests::input_submission::partial_batch_input_map_is_atomic ... ok
test (ubuntu-latest)	Run cargo test --all-features	2026-09-12T15:16:06.7875053Z test store::tests::input_submission::receipt_reports_rank_blocker_and_honest_estimate ... ok
test (ubuntu-latest)	Run cargo test --all-features	2026-09-12T15:16:06.8200255Z test store::tests::input_submission::received_batch_revalidates_staged_inputs_before_acceptance ... ok
test (ubuntu-latest)	Run cargo test --all-features	2026-09-12T15:16:06.8514759Z test store::tests::input_submission::restart_collects_partial_upload_without_submission ... ok
test (ubuntu-latest)	Run cargo test --all-features	2026-09-12T15:16:06.8884499Z test store::tests::input_submission::reverse_order_skip_closure_reaches_terminal_state ... ok
test (ubuntu-latest)	Run cargo test --all-features	2026-09-12T15:16:06.9179169Z test store::tests::input_submission::sqlite_failure_rolls_back_every_batch_member ... ok
test (ubuntu-latest)	Run cargo test --all-features	2026-09-12T15:16:06.9803105Z test store::tests::input_submission::staged_stdin_is_pre_received_immutable_and_idempotent ... ok
test (ubuntu-latest)	Run cargo test --all-features	2026-09-12T15:16:07.0302855Z test store::tests::managed_submission::child_policy_negative_axes_are_durable_contextual_and_create_no_work ... ok
test (ubuntu-latest)	Run cargo test --all-features	2026-09-12T15:16:07.0716761Z test store::tests::managed_submission::delegated_policy_is_intersected_across_the_full_ancestor_chain ... ok
test (ubuntu-latest)	Run cargo test --all-features	2026-09-12T15:16:07.1112347Z test store::tests::managed_submission::managed_acceptance_rechecks_parent_and_disabled_primary_proves_only_absence ... ok
test (ubuntu-latest)	Run cargo test --all-features	2026-09-12T15:16:07.1487957Z test store::tests::managed_submission::managed_batch_wait_rejects_atomically_when_one_member_conflicts ... ok
test (ubuntu-latest)	Run cargo test --all-features	2026-09-12T15:16:07.1687549Z test store::machine_events::tests::event_retention_bounds_rows_and_bytes_without_touching_grant_history ... ok
test (ubuntu-latest)	Run cargo test --all-features	2026-09-12T15:16:07.2087259Z test store::tests::managed_submission::managed_batch_with_one_forbidden_priority_is_atomically_rejected ... ok
test (ubuntu-latest)	Run cargo test --all-features	2026-09-12T15:16:07.2432442Z test store::tests::managed_submission::managed_combined_wait_rejects_ancestor_scalar_but_detached_submit_survives ... ok
test (ubuntu-latest)	Run cargo test --all-features	2026-09-12T15:16:07.2573421Z test store::tests::managed_submission::managed_exact_replay_is_idempotent_and_commits_parentage ... ok
test (ubuntu-latest)	Run cargo test --all-features	2026-09-12T15:16:07.2816992Z test store::tests::managed_submission::managed_not_received_is_provable_only_for_the_live_current_parent ... ok
test (ubuntu-latest)	Run cargo test --all-features	2026-09-12T15:16:07.3065887Z test store::tests::managed_submission::managed_policy_applies_claim_impact_and_fence_limits_to_probes ... ok
test (ubuntu-latest)	Run cargo test --all-features	2026-09-12T15:16:07.3487461Z test store::tests::managed_submission::managed_wait_allows_orthogonal_child_and_checks_the_full_ancestor_chain ... ok
test (ubuntu-latest)	Run cargo test --all-features	2026-09-12T15:16:07.3516768Z test store::tests::managed_submission::managed_wait_rejects_a_claim_that_exceeds_host_capacity ... ok
test (ubuntu-latest)	Run cargo test --all-features	2026-09-12T15:16:07.3908480Z test store::tests::managed_submission::neutral_only_parent_does_not_inherit_priority_and_rejects_escalation_durably ... ok
test (ubuntu-latest)	Run cargo test --all-features	2026-09-12T15:16:07.3953886Z test store::tests::managed_submission::managed_wait_walks_unfinished_predecessors_and_rejects_self_or_foreign_targets ... ok
test (ubuntu-latest)	Run cargo test --all-features	2026-09-12T15:16:07.4537447Z test store::tests::managed_submission::policy_invalid_batch_names_the_member_and_is_atomic ... ok
test (ubuntu-latest)	Run cargo test --all-features	2026-09-12T15:16:07.4600272Z test store::tests::managed_submission::non_primary_transport_identity_does_not_confer_child_authority ... ok
test (ubuntu-latest)	Run cargo test --all-features	2026-09-12T15:16:07.4905082Z test store::tests::managed_submission::received_wait_intent_survives_resume_and_cannot_accept_an_unsafe_child ... ok
test (ubuntu-latest)	Run cargo test --all-features	2026-09-12T15:16:07.5075955Z test store::tests::managed_submission::restart_rejects_managed_received_work_from_the_previous_daemon_generation ... ok
test (ubuntu-latest)	Run cargo test --all-features	2026-09-12T15:16:07.5304590Z test store::tests::managed_submission::vram_policy_claims_compare_and_persist_in_canonical_form ... ok
test (ubuntu-latest)	Run cargo test --all-features	2026-09-12T15:16:07.5701411Z test store::tests::observation::invocation_event_identity_is_atomic_and_required ... ok
test (ubuntu-latest)	Run cargo test --all-features	2026-09-12T15:16:07.6084254Z test store::tests::observation::lifecycle_and_cancellation_transitions_emit_named_events ... ok
test (ubuntu-latest)	Run cargo test --all-features	2026-09-12T15:16:07.6668899Z test store::tests::observation::list_cursor_is_stable_and_store_scoped ... ok
test (ubuntu-latest)	Run cargo test --all-features	2026-09-12T15:16:07.7150465Z test store::tests::observation::list_events_and_cursor_are_one_public_observation_path ... ok
test (ubuntu-latest)	Run cargo test --all-features	2026-09-12T15:16:07.8150969Z test store::tests::priority_reservations::blocked_and_impossible_high_priority_jobs_do_not_head_of_line_block ... ok
test (ubuntu-latest)	Run cargo test --all-features	2026-09-12T15:16:07.9852628Z test store::tests::priority_reservations::effective_priority_ages_monotonically_and_orders_by_original_acceptance ... ok
test (ubuntu-latest)	Run cargo test --all-features	2026-09-12T15:16:08.0203911Z test store::tests::priority_reservations::priority_is_bounded_neutral_immutable_and_hashed_per_batch_member ... ok
test (ubuntu-latest)	Run cargo test --all-features	2026-09-12T15:16:08.1047609Z test store::tests::priority_reservations::reservation_deadline_survives_restart_expiry_yields_and_cancellation_cleans_up ... ok
test (ubuntu-latest)	Run cargo test --all-features	2026-09-12T15:16:08.1859739Z test store::tests::priority_reservations::reservations_are_full_vector_bounded_observable_and_protect_only_claimed_scalars ... ok
test (ubuntu-latest)	Run cargo test --all-features	2026-09-12T15:16:08.4184215Z test store::tests::priority_reservations::reservations_sum_to_capacity_and_non_scalar_changes_release_them ... ok
test (ubuntu-latest)	Run cargo test --all-features	2026-09-12T15:16:08.5507785Z test store::tests::priority_reservations::restart_capacity_shrink_keeps_only_the_scheduler_ordered_reservation_prefix ... ok
test (ubuntu-latest)	Run cargo test --all-features	2026-09-12T15:16:08.6282464Z test store::tests::priority_reservations::retry_and_restart_preserve_acceptance_and_aging_history ... ok
test (ubuntu-latest)	Run cargo test --all-features	2026-09-12T15:16:08.7137789Z test store::tests::store_recovery::corrupt_or_empty_database_is_replaced_with_current_schema ... ok
test (ubuntu-latest)	Run cargo test --all-features	2026-09-12T15:16:08.7877645Z test store::tests::store_recovery::corruption_discovered_during_recovery_resets_once ... ok
test (ubuntu-latest)	Run cargo test --all-features	2026-09-12T15:16:08.8457004Z test store::tests::store_recovery::current_schema_reopens_without_changing_store_identity ... ok
test (ubuntu-latest)	Run cargo test --all-features	2026-09-12T15:16:08.9407798Z test store::tests::store_recovery::damaged_schema_and_identity_each_reset_the_whole_database ... ok
test (ubuntu-latest)	Run cargo test --all-features	2026-09-12T15:16:08.9827306Z test store::tests::store_recovery::diagnostic_tail_io_failure_cannot_block_invocation_resolution ... ok
test (ubuntu-latest)	Run cargo test --all-features	2026-09-12T15:16:09.0142708Z test store::tests::store_recovery::duplicate_key_returns_one_job ... ok
test (ubuntu-latest)	Run cargo test --all-features	2026-09-12T15:16:09.0986401Z test store::tests::store_recovery::foreign_store_id_rejects_even_if_entity_uuid_collides ... ok
test (ubuntu-latest)	Run cargo test --all-features	2026-09-12T15:16:09.1407021Z test store::tests::observation::event_ring_reports_gap_and_resynchronizes ... ok
test (ubuntu-latest)	Run cargo test --all-features	2026-09-12T15:16:09.1408176Z test store::tests::store_recovery::only_corruption_errors_authorize_destructive_reset ... ok
test (ubuntu-latest)	Run cargo test --all-features	2026-09-12T15:16:09.1537275Z test store::tests::store_recovery::logs_publish_only_flushed_committed_prefix ... ok
test (ubuntu-latest)	Run cargo test --all-features	2026-09-12T15:16:09.1715100Z test store::tests::store_recovery::recovery_never_creates_work_and_distinguishes_conflict ... ok
test (ubuntu-latest)	Run cargo test --all-features	2026-09-12T15:16:09.1887757Z test store::tests::store_recovery::rejected_idempotency_decision_replays_as_rejected ... ok
test (ubuntu-latest)	Run cargo test --all-features	2026-09-12T15:16:09.2172734Z test store::tests::store_recovery::restart_after_empty_proof_before_primary_result_is_fail_closed ... ok
test (ubuntu-latest)	Run cargo test --all-features	2026-09-12T15:16:09.2522713Z test store::tests::store_recovery::restart_after_resolved_postcondition_releases_empty_attempt_lease ... ok
test (ubuntu-latest)	Run cargo test --all-features	2026-09-12T15:16:09.2647344Z test store::tests::store_recovery::restart_before_root_retains_boundary_until_reconciled ... ok
test (ubuntu-latest)	Run cargo test --all-features	2026-09-12T15:16:09.3291430Z test store::tests::store_recovery::restart_during_prepared_postcondition_retains_attempt_lease ... ok
test (ubuntu-latest)	Run cargo test --all-features	2026-09-12T15:16:09.3362434Z test store::tests::store_recovery::restart_interrupts_active_job_without_requeueing_it ... ok
test (ubuntu-latest)	Run cargo test --all-features	2026-09-12T15:16:09.3666324Z test store::tests::store_recovery::same_key_different_payload_conflicts ... ok
test (ubuntu-latest)	Run cargo test --all-features	2026-09-12T15:16:09.4087121Z test store::tests::store_recovery::startup_resumes_durable_received_submission ... ok
test (ubuntu-latest)	Run cargo test --all-features	2026-09-12T15:16:09.4172218Z test store::tests::store_recovery::schema_epoch_mismatch_resets_database_and_preserves_other_files ... ok
test (ubuntu-latest)	Run cargo test --all-features	2026-09-12T15:16:09.4545836Z test store::tests::store_recovery::uncertain_settlement_retains_lease_and_is_terminal ... ok
test (ubuntu-latest)	Run cargo test --all-features	2026-09-12T15:16:09.4821167Z test store::tests::tree::depth_cut_before_a_connector_keeps_an_inclusive_child_continuation ... ok
test (ubuntu-latest)	Run cargo test --all-features	2026-09-12T15:16:09.6780281Z test store::tests::tree::filtered_tree_retains_only_connecting_ancestors_and_selector_bound_expansion ... ok
test (ubuntu-latest)	Run cargo test --all-features	2026-09-12T15:16:10.3323304Z test store::tests::tree::managed_ancestry_accepts_sixty_four_jobs_and_rejects_the_sixty_fifth ... ok
test (ubuntu-latest)	Run cargo test --all-features	2026-09-12T15:16:10.4134208Z test store::tests::tree::orphan_is_explicit_and_a_parent_cycle_fails_closed ... ok
test (ubuntu-latest)	Run cargo test --all-features	2026-09-12T15:16:10.4553730Z test store::tests::tree::root_cursor_survives_logs_but_fails_closed_when_attention_order_changes ... ok
test (ubuntu-latest)	Run cargo test --all-features	2026-09-12T15:16:11.5640147Z test store::tests::tree::row_sixteen_thousand_three_hundred_eighty_five_fails_before_classification ... ok
test (ubuntu-latest)	Run cargo test --all-features	2026-09-12T15:16:11.5933438Z test store::tests::tree::schema_rejects_a_noncanonical_tree_order_trigger ... ok
test (ubuntu-latest)	Run cargo test --all-features	2026-09-12T15:16:11.5977585Z test store::tests::tree::encoded_budget_truncates_with_a_root_continuation_and_makes_progress ... ok
test (ubuntu-latest)	Run cargo test --all-features	2026-09-12T15:16:11.6574032Z test store::tests::tree::tree_depth_cursor_and_for_job_preserve_the_complete_ancestor_path ... ok
test (ubuntu-latest)	Run cargo test --all-features	2026-09-12T15:16:11.6967292Z test store::tests::tree::schema_requires_tree_query_indexes ... ok
test (ubuntu-latest)	Run cargo test --all-features	2026-09-12T15:16:11.7066504Z test store::tests::tree::tree_observation_includes_future_descendants_and_wrong_store_gap_snapshot ... ok
test (ubuntu-latest)	Run cargo test --all-features	2026-09-12T15:16:16.5842523Z test authority::retirement::tests::pairing_budget_reserves_every_admitted_retirement_after_hold_and_session_growth ... ok
test (ubuntu-latest)	Run cargo test --all-features	2026-09-12T15:16:48.4412067Z test authority::tests::saturated_registry_still_journals_large_release_and_detects_missing_blob ... ok
test (ubuntu-latest)	Run cargo test --all-features	2026-09-12T15:16:48.4412567Z 
test (ubuntu-latest)	Run cargo test --all-features	2026-09-12T15:16:48.4412933Z test result: ok. 268 passed; 0 failed; 19 ignored; 0 measured; 0 filtered out; finished in 59.80s
test (ubuntu-latest)	Run cargo test --all-features	2026-09-12T15:16:48.4413359Z 
test (ubuntu-latest)	Run cargo test --all-features	2026-09-12T15:16:48.4431999Z ^[[1m^[[92m     Running^[[0m unittests src/main.rs (target/debug/deps/stillyard-dff873ee5bd75089)
test (ubuntu-latest)	Run cargo test --all-features	2026-09-12T15:16:48.4447695Z 
test (ubuntu-latest)	Run cargo test --all-features	2026-09-12T15:16:48.4447882Z running 35 tests
test (ubuntu-latest)	Run cargo test --all-features	2026-09-12T15:16:48.4473255Z test tests::cli_and_tui_have_no_private_store_read_path ... ok
test (ubuntu-latest)	Run cargo test --all-features	2026-09-12T15:16:48.4482776Z test tests::context_cli_is_an_explicit_json_query ... ok
test (ubuntu-latest)	Run cargo test --all-features	2026-09-12T15:16:48.4487941Z test tests::ensure_requires_an_explicit_endpoint ... ok
test (ubuntu-latest)	Run cargo test --all-features	2026-09-12T15:16:48.4491794Z test tests::doctor_cli_exposes_json_paging_and_explicit_force ... ok
test (ubuntu-latest)	Run cargo test --all-features	2026-09-12T15:16:48.4493682Z test tests::isolated_instance_coordinates_are_global_and_daemon_store_is_explicit ... ok
test (ubuntu-latest)	Run cargo test --all-features	2026-09-12T15:16:48.4494502Z test tests::managed_execution_exit_namespace_keeps_success_scheduler_owned ... ok
test (ubuntu-latest)	Run cargo test --all-features	2026-09-12T15:16:48.4495767Z test tests::structured_rejections_have_the_rejection_exit_code ... ok
test (ubuntu-latest)	Run cargo test --all-features	2026-09-12T15:16:48.4498002Z test tui::tests::claims_render_as_chips ... ok
test (ubuntu-latest)	Run cargo test --all-features	2026-09-12T15:16:48.4503547Z test tests::recover_wait_and_wait_passthrough_have_agent_sized_defaults ... ok
test (ubuntu-latest)	Run cargo test --all-features	2026-09-12T15:16:48.4504428Z test tui::tests::civil_day_conversion_round_trips ... ok
test (ubuntu-latest)	Run cargo test --all-features	2026-09-12T15:16:48.4505079Z test tui::tests::commands_split_into_executable_and_arguments ... ok
test (ubuntu-latest)	Run cargo test --all-features	2026-09-12T15:16:48.4505950Z test tui::tests::completed_family_scroll_keeps_children_beside_selected_parent ... ok
test (ubuntu-latest)	Run cargo test --all-features	2026-09-12T15:16:48.4506830Z test tui::tests::durations_and_sizes_use_operator_units ... ok
test (ubuntu-latest)	Run cargo test --all-features	2026-09-12T15:16:48.4507576Z test tui::tests::edges_join_on_one_line_and_the_right_edge_yields_when_cramped ... ok
test (ubuntu-latest)	Run cargo test --all-features	2026-09-12T15:16:48.4508311Z test tui::tests::clock_renders_local_time_and_elides_todays_date ... ok
test (ubuntu-latest)	Run cargo test --all-features	2026-09-12T15:16:48.4536924Z test tests::observation_cli_keeps_the_public_spellings ... ok
test (ubuntu-latest)	Run cargo test --all-features	2026-09-12T15:16:48.4540419Z test tui::tests::project_filter_cycles_through_known_projects_and_keeps_a_visible_selection ... ok
test (ubuntu-latest)	Run cargo test --all-features	2026-09-12T15:16:48.4584983Z test tui::tests::queue_groups_running_then_queued_then_finished_newest_first ... ok
test (ubuntu-latest)	Run cargo test --all-features	2026-09-12T15:16:48.4597119Z test tui::tests::retry_gap_reseats_the_log_window_behind_new_committed_output ... ok
test (ubuntu-latest)	Run cargo test --all-features	2026-09-12T15:16:48.4607491Z test tui::tests::queue_columns_shed_detail_on_narrow_terminals ... ok
test (ubuntu-latest)	Run cargo test --all-features	2026-09-12T15:16:48.4608282Z test tui::tests::scrolling_clamps_to_content_and_follow_pins_logs_to_the_tail ... ok
test (ubuntu-latest)	Run cargo test --all-features	2026-09-12T15:16:48.4609117Z test tui::tests::selection_walks_the_display_order_and_skips_group_rows ... ok
test (ubuntu-latest)	Run cargo test --all-features	2026-09-12T15:16:48.4609716Z test tui::tests::states_map_to_glyphs_and_semantic_colours ... ok
test (ubuntu-latest)	Run cargo test --all-features	2026-09-12T15:16:48.4610425Z test tui::tests::terminal_rendering_drops_ansi_and_marks_other_controls ... ok
test (ubuntu-latest)	Run cargo test --all-features	2026-09-12T15:16:48.4610972Z test tui::tests::text_fits_columns_with_an_ellipsis ... ok
test (ubuntu-latest)	Run cargo test --all-features	2026-09-12T15:16:48.4611571Z test tui::tests::tree_guides_close_last_siblings_and_carry_ancestor_rails ... ok
test (ubuntu-latest)	Run cargo test --all-features	2026-09-12T15:16:48.4612262Z test tui::tests::mouse_targets_panes_rows_gutter_and_log_tabs ... ok
test (ubuntu-latest)	Run cargo test --all-features	2026-09-12T15:16:48.4612869Z test tui::tests::wrapping_counts_lines_exactly_and_indents_continuations ... ok
test (ubuntu-latest)	Run cargo test --all-features	2026-09-12T15:16:48.4613469Z test tui::tree::tests::continuation_pages_are_linearized_depth_first ... ok
test (ubuntu-latest)	Run cargo test --all-features	2026-09-12T15:16:48.4614142Z test tui::tree::tests::all_branches_stay_expanded_and_explicit_collapse_has_outcome_summary ... ok
test (ubuntu-latest)	Run cargo test --all-features	2026-09-12T15:16:48.4614952Z test tui::tree::tests::stale_root_cursor_discards_partial_tree_and_restarts_at_page_one ... ok
test (ubuntu-latest)	Run cargo test --all-features	2026-09-12T15:16:48.4615716Z test tui::tree::tests::user_expansion_overrides_survive_refresh ... ok
test (ubuntu-latest)	Run cargo test --all-features	2026-09-12T15:16:48.4616522Z test tui::tree::tests::sibling_branch_continuations_keep_left_to_right_depth_first_priority ... ok
test (ubuntu-latest)	Run cargo test --all-features	2026-09-12T15:16:48.4695850Z test tui::tests::expanded_finished_family_is_visibly_a_tree ... ok
test (ubuntu-latest)	Run cargo test --all-features	2026-09-12T15:16:48.4982895Z test tui::tests::screen_renders_groups_selection_detail_and_scrollbars_at_every_size ... ok
test (ubuntu-latest)	Run cargo test --all-features	2026-09-12T15:16:48.4983384Z 
test (ubuntu-latest)	Run cargo test --all-features	2026-09-12T15:16:48.4983699Z test result: ok. 35 passed; 0 failed; 0 ignored; 0 measured; 0 filtered out; finished in 0.05s
test (ubuntu-latest)	Run cargo test --all-features	2026-09-12T15:16:48.4984253Z 
test (ubuntu-latest)	Run cargo test --all-features	2026-09-12T15:16:48.4988162Z ^[[1m^[[92m     Running^[[0m tests/isolated_daemon.rs (target/debug/deps/isolated_daemon-1d7a6524097127cb)
test (ubuntu-latest)	Run cargo test --all-features	2026-09-12T15:16:48.4996359Z 
test (ubuntu-latest)	Run cargo test --all-features	2026-09-12T15:16:48.4996696Z running 0 tests
test (ubuntu-latest)	Run cargo test --all-features	2026-09-12T15:16:48.4996943Z 
test (ubuntu-latest)	Run cargo test --all-features	2026-09-12T15:16:48.4997372Z test result: ok. 0 passed; 0 failed; 0 ignored; 0 measured; 0 filtered out; finished in 0.00s
test (ubuntu-latest)	Run cargo test --all-features	2026-09-12T15:16:48.4997866Z 
test (ubuntu-latest)	Run cargo test --all-features	2026-09-12T15:16:48.4998534Z ^[[1m^[[92m     Running^[[0m tests/linux_daemon.rs (target/debug/deps/linux_daemon-8f28e520e7787b46)
test (ubuntu-latest)	Run cargo test --all-features	2026-09-12T15:16:48.5007603Z 
test (ubuntu-latest)	Run cargo test --all-features	2026-09-12T15:16:48.5008156Z running 2 tests
test (ubuntu-latest)	Run cargo test --all-features	2026-09-12T15:16:48.5834235Z stillyard: the local daemon is unavailable: refusing to replace an unsafe Unix endpoint
test (ubuntu-latest)	Run cargo test --all-features	2026-09-12T15:16:48.6037397Z stillyard: the local daemon is unavailable: Unix endpoint parent must be an owner-only directory
test (ubuntu-latest)	Run cargo test --all-features	2026-09-12T15:16:48.6242873Z stillyard: the local daemon is unavailable: Unix endpoint still has a listener or cannot be inspected
test (ubuntu-latest)	Run cargo test --all-features	2026-09-12T15:16:48.6477700Z test linux_daemon_rejects_unsafe_paths_and_never_autostarts_explicit_endpoint ... ok
test (ubuntu-latest)	Run cargo test --all-features	2026-09-12T15:16:48.7236377Z stillyard: the local daemon is unavailable: daemon endpoint is already owned: Resource temporarily unavailable (os error 11)
test (ubuntu-latest)	Run cargo test --all-features	2026-09-12T15:16:48.7446796Z stillyard: the local daemon is unavailable: daemon already running: Resource temporarily unavailable (os error 11)
test (ubuntu-latest)	Run cargo test --all-features	2026-09-12T15:16:48.8404218Z test linux_daemon_singletons_and_crash_recovery_preserve_store_and_queue ... ok
test (ubuntu-latest)	Run cargo test --all-features	2026-09-12T15:16:48.8404843Z 
test (ubuntu-latest)	Run cargo test --all-features	2026-09-12T15:16:48.8405201Z test result: ok. 2 passed; 0 failed; 0 ignored; 0 measured; 0 filtered out; finished in 0.34s
test (ubuntu-latest)	Run cargo test --all-features	2026-09-12T15:16:48.8405615Z 
test (ubuntu-latest)	Run cargo test --all-features	2026-09-12T15:16:48.8407468Z ^[[1m^[[92m     Running^[[0m tests/public_api.rs (target/debug/deps/public_api-7b61f531e0966b2f)
test (ubuntu-latest)	Run cargo test --all-features	2026-09-12T15:16:48.8415715Z 
test (ubuntu-latest)	Run cargo test --all-features	2026-09-12T15:16:48.8415860Z running 3 tests
test (ubuntu-latest)	Run cargo test --all-features	2026-09-12T15:16:48.8417221Z test default_instance_ambient_helper ... ignored, launched as an ambient-coordinate helper
test (ubuntu-latest)	Run cargo test --all-features	2026-09-12T15:16:48.8430414Z test default_instance_ignores_ambient_coordinates ... ok
test (ubuntu-latest)	Run cargo test --all-features	2026-09-12T15:16:48.8479637Z test public_methods_are_callable_from_an_external_crate ... ok
test (ubuntu-latest)	Run cargo test --all-features	2026-09-12T15:16:48.8480088Z 
test (ubuntu-latest)	Run cargo test --all-features	2026-09-12T15:16:48.8480453Z test result: ok. 2 passed; 0 failed; 1 ignored; 0 measured; 0 filtered out; finished in 0.01s
test (ubuntu-latest)	Run cargo test --all-features	2026-09-12T15:16:48.8480834Z 
test (ubuntu-latest)	Run cargo test --all-features	2026-09-12T15:16:48.8481646Z ^[[1m^[[92m   Doc-tests^[[0m stillyard
test (ubuntu-latest)	Run cargo test --all-features	2026-09-12T15:16:50.7599869Z 
test (ubuntu-latest)	Run cargo test --all-features	2026-09-12T15:16:50.7600779Z running 0 tests
test (ubuntu-latest)	Run cargo test --all-features	2026-09-12T15:16:50.7601103Z 
test (ubuntu-latest)	Run cargo test --all-features	2026-09-12T15:16:50.7601694Z test result: ok. 0 passed; 0 failed; 0 ignored; 0 measured; 0 filtered out; finished in 0.00s
test (ubuntu-latest)	Run cargo test --all-features	2026-09-12T15:16:50.7602008Z 
test (ubuntu-latest)	Post Run actions/checkout@v5	﻿2026-09-12T15:16:50.7867289Z Post job cleanup.
test (ubuntu-latest)	Post Run actions/checkout@v5	2026-09-12T15:16:50.8579007Z [command]/usr/bin/git version
test (ubuntu-latest)	Post Run actions/checkout@v5	2026-09-12T15:16:50.8627030Z git version 2.55.0
test (ubuntu-latest)	Post Run actions/checkout@v5	2026-09-12T15:16:50.8637224Z Temporarily overriding HOME='/home/runner/work/_temp/2587d00c-a8a9-43b2-abc5-f2980febe336' before making global git config changes
test (ubuntu-latest)	Post Run actions/checkout@v5	2026-09-12T15:16:50.8638199Z Adding repository directory to the temporary git global config as a safe directory
test (ubuntu-latest)	Post Run actions/checkout@v5	2026-09-12T15:16:50.8641983Z [command]/usr/bin/git config --global --add safe.directory /home/runner/work/stillyard/stillyard
test (ubuntu-latest)	Post Run actions/checkout@v5	2026-09-12T15:16:50.8671861Z [command]/usr/bin/git config --local --name-only --get-regexp core\.sshCommand
test (ubuntu-latest)	Post Run actions/checkout@v5	2026-09-12T15:16:50.8702045Z [command]/usr/bin/git submodule foreach --recursive sh -c "git config --local --name-only --get-regexp 'core\.sshCommand' && git config --local --unset-all 'core.sshCommand' || :"
test (ubuntu-latest)	Post Run actions/checkout@v5	2026-09-12T15:16:50.8904860Z [command]/usr/bin/git config --local --name-only --get-regexp http\.https\:\/\/github\.com\/\.extraheader
test (ubuntu-latest)	Post Run actions/checkout@v5	2026-09-12T15:16:50.8924249Z http.https://github.com/.extraheader
test (ubuntu-latest)	Post Run actions/checkout@v5	2026-09-12T15:16:50.8934276Z [command]/usr/bin/git config --local --unset-all http.https://github.com/.extraheader
test (ubuntu-latest)	Post Run actions/checkout@v5	2026-09-12T15:16:50.8956841Z [command]/usr/bin/git submodule foreach --recursive sh -c "git config --local --name-only --get-regexp 'http\.https\:\/\/github\.com\/\.extraheader' && git config --local --unset-all 'http.https://github.com/.extraheader' || :"
test (ubuntu-latest)	Post Run actions/checkout@v5	2026-09-12T15:16:50.9178259Z [command]/usr/bin/git config --local --name-only --get-regexp ^includeIf\.gitdir:
test (ubuntu-latest)	Post Run actions/checkout@v5	2026-09-12T15:16:50.9208459Z [command]/usr/bin/git submodule foreach --recursive git config --local --show-origin --name-only --get-regexp remote.origin.url
test (ubuntu-latest)	Complete job	﻿2026-09-12T15:16:50.9495687Z Cleaning up orphan processes
