test (windows-latest)	Run cargo test --all-features	﻿2026-09-12T15:01:45.1220570Z ##[group]Run cargo test --all-features
test (windows-latest)	Run cargo test --all-features	2026-09-12T15:01:45.1221102Z ^[[36;1mcargo test --all-features^[[0m
test (windows-latest)	Run cargo test --all-features	2026-09-12T15:01:45.1287383Z shell: C:\Program Files\PowerShell\7\pwsh.EXE -command ". '{0}'"
test (windows-latest)	Run cargo test --all-features	2026-09-12T15:01:45.1288045Z env:
test (windows-latest)	Run cargo test --all-features	2026-09-12T15:01:45.1288468Z   CARGO_HOME: C:\Users\runneradmin\.cargo
test (windows-latest)	Run cargo test --all-features	2026-09-12T15:01:45.1289361Z   CARGO_INCREMENTAL: 0
test (windows-latest)	Run cargo test --all-features	2026-09-12T15:01:45.1289866Z   CARGO_TERM_COLOR: always
test (windows-latest)	Run cargo test --all-features	2026-09-12T15:01:45.1290292Z ##[endgroup]
test (windows-latest)	Run cargo test --all-features	2026-09-12T15:01:45.6000352Z ^[[1m^[[92m   Compiling^[[0m windows-link v0.2.1
test (windows-latest)	Run cargo test --all-features	2026-09-12T15:01:45.6001123Z ^[[1m^[[92m   Compiling^[[0m cfg-if v1.0.4
test (windows-latest)	Run cargo test --all-features	2026-09-12T15:01:45.6008636Z ^[[1m^[[92m   Compiling^[[0m strsim v0.11.1
test (windows-latest)	Run cargo test --all-features	2026-09-12T15:01:45.6015598Z ^[[1m^[[92m   Compiling^[[0m typenum v1.20.1
test (windows-latest)	Run cargo test --all-features	2026-09-12T15:01:45.6927297Z ^[[1m^[[92m   Compiling^[[0m windows-sys v0.61.2
test (windows-latest)	Run cargo test --all-features	2026-09-12T15:01:45.6984500Z ^[[1m^[[92m   Compiling^[[0m foldhash v0.1.5
test (windows-latest)	Run cargo test --all-features	2026-09-12T15:01:45.9371139Z ^[[1m^[[92m   Compiling^[[0m equivalent v1.0.2
test (windows-latest)	Run cargo test --all-features	2026-09-12T15:01:45.9970783Z ^[[1m^[[92m   Compiling^[[0m smallvec v1.15.2
test (windows-latest)	Run cargo test --all-features	2026-09-12T15:01:46.2794356Z ^[[1m^[[92m   Compiling^[[0m allocator-api2 v0.2.21
test (windows-latest)	Run cargo test --all-features	2026-09-12T15:01:46.3068627Z ^[[1m^[[92m   Compiling^[[0m darling_core v0.20.11
test (windows-latest)	Run cargo test --all-features	2026-09-12T15:01:46.5102063Z ^[[1m^[[92m   Compiling^[[0m generic-array v0.14.7
test (windows-latest)	Run cargo test --all-features	2026-09-12T15:01:46.6775259Z ^[[1m^[[92m   Compiling^[[0m hashbrown v0.15.5
test (windows-latest)	Run cargo test --all-features	2026-09-12T15:01:47.1994771Z ^[[1m^[[92m   Compiling^[[0m serde_core v1.0.229
test (windows-latest)	Run cargo test --all-features	2026-09-12T15:01:47.4251010Z ^[[1m^[[92m   Compiling^[[0m winapi v0.3.9
test (windows-latest)	Run cargo test --all-features	2026-09-12T15:01:49.6775444Z ^[[1m^[[92m   Compiling^[[0m once_cell_polyfill v1.70.2
test (windows-latest)	Run cargo test --all-features	2026-09-12T15:01:49.7638325Z ^[[1m^[[92m   Compiling^[[0m anstyle v1.0.14
test (windows-latest)	Run cargo test --all-features	2026-09-12T15:01:49.8429126Z ^[[1m^[[92m   Compiling^[[0m utf8parse v0.2.2
test (windows-latest)	Run cargo test --all-features	2026-09-12T15:01:49.9397900Z ^[[1m^[[92m   Compiling^[[0m itoa v1.0.18
test (windows-latest)	Run cargo test --all-features	2026-09-12T15:01:50.0114434Z ^[[1m^[[92m   Compiling^[[0m scopeguard v1.2.0
test (windows-latest)	Run cargo test --all-features	2026-09-12T15:01:50.0900593Z ^[[1m^[[92m   Compiling^[[0m lock_api v0.4.14
test (windows-latest)	Run cargo test --all-features	2026-09-12T15:01:50.1020098Z ^[[1m^[[92m   Compiling^[[0m anstyle-parse v1.0.0
test (windows-latest)	Run cargo test --all-features	2026-09-12T15:01:50.1506351Z ^[[1m^[[92m   Compiling^[[0m darling_macro v0.20.11
test (windows-latest)	Run cargo test --all-features	2026-09-12T15:01:50.3125314Z ^[[1m^[[92m   Compiling^[[0m block-buffer v0.10.4
test (windows-latest)	Run cargo test --all-features	2026-09-12T15:01:50.4129824Z ^[[1m^[[92m   Compiling^[[0m crypto-common v0.1.7
test (windows-latest)	Run cargo test --all-features	2026-09-12T15:01:50.4914278Z ^[[1m^[[92m   Compiling^[[0m getrandom v0.4.3
test (windows-latest)	Run cargo test --all-features	2026-09-12T15:01:50.5205889Z ^[[1m^[[92m   Compiling^[[0m parking_lot_core v0.9.12
test (windows-latest)	Run cargo test --all-features	2026-09-12T15:01:50.6609186Z ^[[1m^[[92m   Compiling^[[0m colorchoice v1.0.5
test (windows-latest)	Run cargo test --all-features	2026-09-12T15:01:50.6998604Z ^[[1m^[[92m   Compiling^[[0m is_terminal_polyfill v1.70.2
test (windows-latest)	Run cargo test --all-features	2026-09-12T15:01:50.7598073Z ^[[1m^[[92m   Compiling^[[0m subtle v2.6.1
test (windows-latest)	Run cargo test --all-features	2026-09-12T15:01:50.7663153Z ^[[1m^[[92m   Compiling^[[0m either v1.18.0
test (windows-latest)	Run cargo test --all-features	2026-09-12T15:01:50.9068222Z ^[[1m^[[92m   Compiling^[[0m bitflags v2.13.1
test (windows-latest)	Run cargo test --all-features	2026-09-12T15:01:50.9189519Z ^[[1m^[[92m   Compiling^[[0m digest v0.10.7
test (windows-latest)	Run cargo test --all-features	2026-09-12T15:01:51.0132712Z ^[[1m^[[92m   Compiling^[[0m itertools v0.13.0
test (windows-latest)	Run cargo test --all-features	2026-09-12T15:01:51.1436812Z ^[[1m^[[92m   Compiling^[[0m parking_lot v0.12.5
test (windows-latest)	Run cargo test --all-features	2026-09-12T15:01:51.1694838Z ^[[1m^[[92m   Compiling^[[0m darling v0.20.11
test (windows-latest)	Run cargo test --all-features	2026-09-12T15:01:51.2671966Z ^[[1m^[[92m   Compiling^[[0m zmij v1.0.23
test (windows-latest)	Run cargo test --all-features	2026-09-12T15:01:51.7045343Z ^[[1m^[[92m   Compiling^[[0m crossterm_winapi v0.9.1
test (windows-latest)	Run cargo test --all-features	2026-09-12T15:01:51.8780694Z ^[[1m^[[92m   Compiling^[[0m castaway v0.2.4
test (windows-latest)	Run cargo test --all-features	2026-09-12T15:01:51.9690618Z ^[[1m^[[92m   Compiling^[[0m memchr v2.8.3
test (windows-latest)	Run cargo test --all-features	2026-09-12T15:01:52.1975937Z ^[[1m^[[92m   Compiling^[[0m clap_lex v1.1.0
test (windows-latest)	Run cargo test --all-features	2026-09-12T15:01:52.5729554Z ^[[1m^[[92m   Compiling^[[0m anstyle-wincon v3.0.11
test (windows-latest)	Run cargo test --all-features	2026-09-12T15:01:52.9058917Z ^[[1m^[[92m   Compiling^[[0m anstyle-query v1.1.5
test (windows-latest)	Run cargo test --all-features	2026-09-12T15:01:52.9104631Z ^[[1m^[[92m   Compiling^[[0m unicode-segmentation v1.13.3
test (windows-latest)	Run cargo test --all-features	2026-09-12T15:01:53.1031910Z ^[[1m^[[92m   Compiling^[[0m anstream v1.0.0
test (windows-latest)	Run cargo test --all-features	2026-09-12T15:01:53.1807075Z ^[[1m^[[92m   Compiling^[[0m static_assertions v1.1.0
test (windows-latest)	Run cargo test --all-features	2026-09-12T15:01:53.2366038Z ^[[1m^[[92m   Compiling^[[0m option-ext v0.2.0
test (windows-latest)	Run cargo test --all-features	2026-09-12T15:01:53.3037134Z ^[[1m^[[92m   Compiling^[[0m unicode-width v0.1.14
test (windows-latest)	Run cargo test --all-features	2026-09-12T15:01:53.5470583Z ^[[1m^[[92m   Compiling^[[0m ryu v1.0.23
test (windows-latest)	Run cargo test --all-features	2026-09-12T15:01:53.5901457Z ^[[1m^[[92m   Compiling^[[0m unicode-truncate v1.1.0
test (windows-latest)	Run cargo test --all-features	2026-09-12T15:01:53.6243227Z ^[[1m^[[92m   Compiling^[[0m clap_builder v4.6.6
test (windows-latest)	Run cargo test --all-features	2026-09-12T15:01:53.7264635Z ^[[1m^[[92m   Compiling^[[0m compact_str v0.8.2
test (windows-latest)	Run cargo test --all-features	2026-09-12T15:01:53.7691831Z ^[[1m^[[92m   Compiling^[[0m dirs-sys v0.5.0
test (windows-latest)	Run cargo test --all-features	2026-09-12T15:01:53.7746655Z ^[[1m^[[92m   Compiling^[[0m serde_json v1.0.151
test (windows-latest)	Run cargo test --all-features	2026-09-12T15:01:53.8979062Z ^[[1m^[[92m   Compiling^[[0m instability v0.3.10
test (windows-latest)	Run cargo test --all-features	2026-09-12T15:01:54.6976547Z ^[[1m^[[92m   Compiling^[[0m ref-cast v1.0.27
test (windows-latest)	Run cargo test --all-features	2026-09-12T15:01:54.7516196Z ^[[1m^[[92m   Compiling^[[0m serde v1.0.229
test (windows-latest)	Run cargo test --all-features	2026-09-12T15:01:54.7733300Z ^[[1m^[[92m   Compiling^[[0m crossterm v0.28.1
test (windows-latest)	Run cargo test --all-features	2026-09-12T15:01:55.5729694Z ^[[1m^[[92m   Compiling^[[0m strum v0.26.3
test (windows-latest)	Run cargo test --all-features	2026-09-12T15:01:55.6963574Z ^[[1m^[[92m   Compiling^[[0m libsqlite3-sys v0.35.0
test (windows-latest)	Run cargo test --all-features	2026-09-12T15:01:55.8540193Z ^[[1m^[[92m   Compiling^[[0m uuid v1.26.0
test (windows-latest)	Run cargo test --all-features	2026-09-12T15:01:55.9736260Z ^[[1m^[[92m   Compiling^[[0m hashlink v0.10.0
test (windows-latest)	Run cargo test --all-features	2026-09-12T15:01:56.3326083Z ^[[1m^[[92m   Compiling^[[0m lru v0.12.5
test (windows-latest)	Run cargo test --all-features	2026-09-12T15:01:56.4712568Z ^[[1m^[[92m   Compiling^[[0m cassowary v0.3.0
test (windows-latest)	Run cargo test --all-features	2026-09-12T15:01:56.4829234Z ^[[1m^[[92m   Compiling^[[0m cpufeatures v0.2.17
test (windows-latest)	Run cargo test --all-features	2026-09-12T15:01:56.5317030Z ^[[1m^[[92m   Compiling^[[0m dyn-clone v1.0.20
test (windows-latest)	Run cargo test --all-features	2026-09-12T15:01:56.6278644Z ^[[1m^[[92m   Compiling^[[0m fallible-streaming-iterator v0.1.9
test (windows-latest)	Run cargo test --all-features	2026-09-12T15:01:56.6773652Z ^[[1m^[[92m   Compiling^[[0m unicode-width v0.2.0
test (windows-latest)	Run cargo test --all-features	2026-09-12T15:01:56.7628912Z ^[[1m^[[92m   Compiling^[[0m fallible-iterator v0.3.0
test (windows-latest)	Run cargo test --all-features	2026-09-12T15:01:56.9926863Z ^[[1m^[[92m   Compiling^[[0m ratatui v0.29.0
test (windows-latest)	Run cargo test --all-features	2026-09-12T15:01:57.2182409Z ^[[1m^[[92m   Compiling^[[0m rusqlite v0.37.0
test (windows-latest)	Run cargo test --all-features	2026-09-12T15:01:57.4349168Z ^[[1m^[[92m   Compiling^[[0m schemars v1.2.2
test (windows-latest)	Run cargo test --all-features	2026-09-12T15:01:59.5574618Z ^[[1m^[[92m   Compiling^[[0m sha2 v0.10.9
test (windows-latest)	Run cargo test --all-features	2026-09-12T15:02:00.1408234Z ^[[1m^[[92m   Compiling^[[0m thiserror v2.0.20
test (windows-latest)	Run cargo test --all-features	2026-09-12T15:02:00.2198419Z ^[[1m^[[92m   Compiling^[[0m clap v4.6.6
test (windows-latest)	Run cargo test --all-features	2026-09-12T15:02:00.2851278Z ^[[1m^[[92m   Compiling^[[0m directories v6.0.0
test (windows-latest)	Run cargo test --all-features	2026-09-12T15:02:00.3637182Z ^[[1m^[[92m   Compiling^[[0m hmac v0.12.1
test (windows-latest)	Run cargo test --all-features	2026-09-12T15:02:00.4797779Z ^[[1m^[[92m   Compiling^[[0m fs2 v0.4.3
test (windows-latest)	Run cargo test --all-features	2026-09-12T15:02:00.4834470Z ^[[1m^[[92m   Compiling^[[0m libloading v0.8.9
test (windows-latest)	Run cargo test --all-features	2026-09-12T15:02:00.6906111Z ^[[1m^[[92m   Compiling^[[0m fastrand v2.5.0
test (windows-latest)	Run cargo test --all-features	2026-09-12T15:02:00.7194711Z ^[[1m^[[92m   Compiling^[[0m once_cell v1.21.4
test (windows-latest)	Run cargo test --all-features	2026-09-12T15:02:00.7664843Z ^[[1m^[[92m   Compiling^[[0m stillyard v0.1.0-alpha.20 (D:\a\stillyard\stillyard)
test (windows-latest)	Run cargo test --all-features	2026-09-12T15:02:00.9411094Z ^[[1m^[[92m   Compiling^[[0m tempfile v3.27.0
test (windows-latest)	Run cargo test --all-features	2026-09-12T15:02:52.5455086Z ^[[1m^[[92m    Finished^[[0m `test` profile [unoptimized + debuginfo] target(s) in 1m 07s
test (windows-latest)	Run cargo test --all-features	2026-09-12T15:02:52.5554677Z ^[[1m^[[92m     Running^[[0m unittests src\lib.rs (target\debug\deps\stillyard-7ae8bffc447c6658.exe)
test (windows-latest)	Run cargo test --all-features	2026-09-12T15:02:52.5706041Z 
test (windows-latest)	Run cargo test --all-features	2026-09-12T15:02:52.5706859Z running 303 tests
test (windows-latest)	Run cargo test --all-features	2026-09-12T15:02:52.5746878Z test admission::scoped::tests::missing_budget_is_not_zero_and_cycles_never_expand ... ok
test (windows-latest)	Run cargo test --all-features	2026-09-12T15:02:52.5747845Z test admission::scoped::tests::aliases_share_physical_capacity_but_fences_are_domain_local ... ok
test (windows-latest)	Run cargo test --all-features	2026-09-12T15:02:52.5748872Z test admission::scoped::tests::hierarchy_counts_each_constraint_once_and_rejects_full_vector ... ok
test (windows-latest)	Run cargo test --all-features	2026-09-12T15:02:52.5749810Z test admission::scoped::tests::scoped_reservations_convert_whole_vectors_and_accounting_rejects_overflow ... ok
test (windows-latest)	Run cargo test --all-features	2026-09-12T15:02:52.5750592Z test api::tests::cursors_have_stable_cli_round_trips ... ok
test (windows-latest)	Run cargo test --all-features	2026-09-12T15:02:52.5753303Z test api::tests::incident_cursor_is_store_scoped_and_stable ... ok
test (windows-latest)	Run cargo test --all-features	2026-09-12T15:02:52.5754183Z test api::tests::linux_process_identity_is_typed_and_requires_complete_kernel_evidence ... ok
test (windows-latest)	Run cargo test --all-features	2026-09-12T15:02:52.5756735Z test api::tests::managed_execution_value_constructors_use_safe_defaults ... ok
test (windows-latest)	Run cargo test --all-features	2026-09-12T15:02:52.5758383Z test api::tests::scheduler_events_accept_additive_wire_evolution ... ok
test (windows-latest)	Run cargo test --all-features	2026-09-12T15:02:52.5761220Z test api::tests::unknown_safety_values_round_trip_without_authority ... ok
test (windows-latest)	Run cargo test --all-features	2026-09-12T15:02:52.7278799Z test authority::tests::legacy_hold_inventory_reports_missing_cleanup_reservation_before_release ... ok
test (windows-latest)	Run cargo test --all-features	2026-09-12T15:02:52.7456824Z test authority::tests::exact_replay_never_rearms_a_retired_hold_and_conflict_rejects ... ok
test (windows-latest)	Run cargo test --all-features	2026-09-12T15:02:52.8659670Z test authority::tests::missing_and_lost_history_never_implies_free_capacity ... ok
test (windows-latest)	Run cargo test --all-features	2026-09-12T15:02:52.8664328Z test authority::retirement::tests::missing_or_changed_pending_retirement_audit_keeps_authority_closed ... ok
test (windows-latest)	Run cargo test --all-features	2026-09-12T15:02:53.0547509Z test authority::tests::syntactically_valid_corruption_and_failed_publication_close_admission ... ok
test (windows-latest)	Run cargo test --all-features	2026-09-12T15:02:53.0714967Z test authority::topology_tests::continuous_legacy_registry_gets_stable_domains_without_releasing_obligations ... ok
test (windows-latest)	Run cargo test --all-features	2026-09-12T15:02:53.1869786Z test authority::topology_tests::missing_database_uuid_cannot_rebind_continuous_authority_as_empty ... ok
test (windows-latest)	Run cargo test --all-features	2026-09-12T15:02:53.2305157Z test authority::topology_tests::reset_gate_survives_both_crash_sides_and_preserves_predecessor_identity ... ok
test (windows-latest)	Run cargo test --all-features	2026-09-12T15:02:53.2547045Z test client::tests::accepted_batch_refresh_pins_the_complete_member_identity ... ok
test (windows-latest)	Run cargo test --all-features	2026-09-12T15:02:53.2676545Z test client::tests::accepted_refresh_uses_stable_identity_and_keeps_the_durable_receipt ... ok
test (windows-latest)	Run cargo test --all-features	2026-09-12T15:02:53.2681055Z test client::tests::doctor_complete_distinguishes_deadline_and_cancellation_before_connecting ... ok
test (windows-latest)	Run cargo test --all-features	2026-09-12T15:02:53.3141318Z test client::tests::ensure_result_file_claim_is_atomic_and_reports_payload_conflict_without_overwrite ... ok
test (windows-latest)	Run cargo test --all-features	2026-09-12T15:02:53.3290073Z 
test (windows-latest)	Run cargo test --all-features	2026-09-12T15:02:53.3290841Z running 1 test
test (windows-latest)	Run cargo test --all-features	2026-09-12T15:02:53.3556616Z test client::tests::ensure_result_file_lock_obeys_the_client_deadline ... ok
test (windows-latest)	Run cargo test --all-features	2026-09-12T15:02:53.3636850Z test client::tests::ensure_unknown_is_a_typed_fail_closed_outcome_without_transport_replay ... ok
test (windows-latest)	Run cargo test --all-features	2026-09-12T15:02:53.3640232Z test client::tests::every_result_file_identity_discriminant_blocks_replay ... ok
test (windows-latest)	Run cargo test --all-features	2026-09-12T15:02:53.3643261Z test client::tests::explicit_and_inherited_client_endpoints_are_connect_only ... ok
test (windows-latest)	Run cargo test --all-features	2026-09-12T15:02:53.3645527Z test client::tests::explicit_windows_endpoints_are_local_single_component_pipe_names ... ok
test (windows-latest)	Run cargo test --all-features	2026-09-12T15:02:53.3647293Z test client::tests::incomplete_managed_environment_fails_even_for_another_endpoint ... ok
test (windows-latest)	Run cargo test --all-features	2026-09-12T15:02:53.3649015Z test client::tests::interrupted_passthrough_stops_at_a_quiescent_unclaimed_prefix ... ok
test (windows-latest)	Run cargo test --all-features	2026-09-12T15:02:53.3652018Z test client::tests::managed_coordinates_are_scoped_to_the_inherited_endpoint ... ok
test (windows-latest)	Run cargo test --all-features	2026-09-12T15:02:53.6196589Z test client::tests::only_exact_managed_not_received_receipt_authorizes_result_file_reuse ... ok
test (windows-latest)	Run cargo test --all-features	2026-09-12T15:02:53.6204119Z test client::tests::recover_missing_result_file_does_not_create_it ... ok
test (windows-latest)	Run cargo test --all-features	2026-09-12T15:02:53.6730328Z test client::tests::recovery_accepts_a_case_variant_of_the_same_windows_endpoint ... ok
test (windows-latest)	Run cargo test --all-features	2026-09-12T15:02:53.6916467Z test client::tests::recovery_rejects_a_foreign_endpoint_without_touching_the_receipt ... ok
test (windows-latest)	Run cargo test --all-features	2026-09-12T15:02:53.6918864Z test client::tests::response_errors_preserve_known_wire_rejections ... ok
test (windows-latest)	Run cargo test --all-features	2026-09-12T15:02:53.7492316Z test client::tests::result_file_fresh_create_is_atomic_and_never_overwrites ... ok
test (windows-latest)	Run cargo test --all-features	2026-09-12T15:02:53.7493608Z test client::tests::result_file_lock_holder_helper ... ignored, launched as a cross-process result-file lock holder
test (windows-latest)	Run cargo test --all-features	2026-09-12T15:02:53.8261250Z test client::tests::stale_recovery_cannot_overwrite_a_concurrent_accepted_receipt ... ok
test (windows-latest)	Run cargo test --all-features	2026-09-12T15:02:53.8483403Z test client::tests::unknown_recovery_preserves_the_last_durable_receipt ... ok
test (windows-latest)	Run cargo test --all-features	2026-09-12T15:02:53.8521459Z test client::tests::unmanaged_client_selects_the_public_default_endpoint ... ok
test (windows-latest)	Run cargo test --all-features	2026-09-12T15:02:53.8525603Z test client::tests::wait_aggregate_uses_the_worst_terminal_outcome ... ok
test (windows-latest)	Run cargo test --all-features	2026-09-12T15:02:53.8529810Z test daemon::tests::boot_change_is_proof_only_for_a_prior_generation ... ok
test (windows-latest)	Run cargo test --all-features	2026-09-12T15:02:54.4843509Z test daemon::tests::commit_at_wait_boundary_wakes_from_durable_event ... ok
test (windows-latest)	Run cargo test --all-features	2026-09-12T15:02:54.4859474Z test daemon::tests::endpoint_lease_is_exclusive_and_released_with_its_handle ... ok
test (windows-latest)	Run cargo test --all-features	2026-09-12T15:02:54.4861873Z test daemon::tests::explicit_instance_tuple_accepts_only_both_coordinates_or_neither ... ok
test (windows-latest)	Run cargo test --all-features	2026-09-12T15:02:54.4871430Z test daemon::tests::first_pipe_instance_is_exclusive_and_released_with_its_handle ... ok
test (windows-latest)	Run cargo test --all-features	2026-09-12T15:02:54.4872641Z test daemon::tests::force_authorization_fails_closed_for_roots_and_missing_handles ... ok
test (windows-latest)	Run cargo test --all-features	2026-09-12T15:02:54.4876400Z test daemon::tests::missing_handle_never_downgrades_a_possible_managed_peer_to_unmanaged ... ok
test (windows-latest)	Run cargo test --all-features	2026-09-12T15:02:54.4880103Z test daemon::tests::nested_membership_selects_the_unique_immediate_containment ... ok
test (windows-latest)	Run cargo test --all-features	2026-09-12T15:02:54.4882665Z test daemon::tests::peer_inside_disabled_primary_is_authenticated_not_downgraded_to_unmanaged ... ok
test (windows-latest)	Run cargo test --all-features	2026-09-12T15:02:54.4884834Z test daemon::tests::peer_inside_root_exited_or_uncertain_containment_is_rejected ... ok
test (windows-latest)	Run cargo test --all-features	2026-09-12T15:02:54.4886725Z test daemon::tests::peer_membership_derives_one_enabled_parent_and_rejects_ambiguity ... ok
test (windows-latest)	Run cargo test --all-features	2026-09-12T15:02:54.4890531Z test daemon::tests::prior_generation_requires_absent_daemon_and_exact_root_evidence ... ok
test (windows-latest)	Run cargo test --all-features	2026-09-12T15:02:54.5066947Z test client::tests::busy_native_pipe_waits_once_until_deadline_without_polling ... ok
test (windows-latest)	Run cargo test --all-features	2026-09-12T15:02:54.5949631Z test daemon::tests::singleton_lock_is_acquired_before_destructive_store_open ... ok
test (windows-latest)	Run cargo test --all-features	2026-09-12T15:02:54.5951413Z test filesystem::tests::only_fixed_ntfs_is_accepted ... ok
test (windows-latest)	Run cargo test --all-features	2026-09-12T15:02:54.5959498Z test host_observation::policy::tests::debrix_process_patterns_are_case_insensitive_and_wildcard_aware ... ok
test (windows-latest)	Run cargo test --all-features	2026-09-12T15:02:54.5964212Z test host_observation::policy::tests::stale_memory_and_blocked_process_fail_closed ... ok
test (windows-latest)	Run cargo test --all-features	2026-09-12T15:02:54.5967072Z test host_observation::policy::tests::standalone_observed_thresholds_block_without_creating_quiet_policy ... ok
test (windows-latest)	Run cargo test --all-features	2026-09-12T15:02:54.5969584Z test host_observation::policy::tests::strict_admission_uses_commit_vram_margins_and_ignores_shell_processes ... ok
test (windows-latest)	Run cargo test --all-features	2026-09-12T15:02:54.5972137Z test host_observation::policy::tests::unavailable_quiet_detector_is_not_treated_as_a_clean_sample ... ok
test (windows-latest)	Run cargo test --all-features	2026-09-12T15:02:54.5974662Z test host_observation::policy::tests::unresolved_nvml_compute_process_fails_closed_but_shell_processes_do_not ... ok
test (windows-latest)	Run cargo test --all-features	2026-09-12T15:02:54.5975728Z test host_observation::service::tests::cadence_and_suspend_discontinuities_change_generation ... ok
test (windows-latest)	Run cargo test --all-features	2026-09-12T15:02:54.6023792Z test host_observation::service::tests::doctor_coverage_names_every_strict_provider_with_fresh_provenance ... ok
test (windows-latest)	Run cargo test --all-features	2026-09-12T15:02:54.6025642Z test host_observation::service::tests::doctor_fails_closed_only_when_unavailable_coverage_is_required ... ok
test (windows-latest)	Run cargo test --all-features	2026-09-12T15:02:54.6027565Z test host_observation::service::tests::doctor_gpu_coverage_requires_the_exact_configured_device ... ok
test (windows-latest)	Run cargo test --all-features	2026-09-12T15:02:54.6030713Z test host_observation::windows_disk::tests::first_disk_delta_is_warming_up_or_honestly_unavailable ... ok
test (windows-latest)	Run cargo test --all-features	2026-09-12T15:02:54.6032765Z test host_observation::windows_memory::tests::live_windows_memory_contains_physical_and_commit_headroom ... ok
test (windows-latest)	Run cargo test --all-features	2026-09-12T15:02:54.6058613Z test host_observation::windows_process::tests::live_process_inventory_contains_the_test_process ... ok
test (windows-latest)	Run cargo test --all-features	2026-09-12T15:02:54.6061361Z test host_observation::windows_utilization::tests::first_cpu_delta_is_warming_up ... ok
test (windows-latest)	Run cargo test --all-features	2026-09-12T15:02:54.6144576Z test identity::tests::exact_process_probe_distinguishes_match_reuse_and_exit ... ok
test (windows-latest)	Run cargo test --all-features	2026-09-12T15:02:54.6149228Z test machine::bridge::tests::bridge_preserves_multiple_correlations_and_eof_never_calls_cleanup ... ok
test (windows-latest)	Run cargo test --all-features	2026-09-12T15:02:54.6151961Z test machine::bridge::tests::bridge_rejects_versions_truncation_and_oversize_before_dispatch ... ok
test (windows-latest)	Run cargo test --all-features	2026-09-12T15:02:54.6158154Z test machine::manager::release::tests::delay_in_final_local_check_is_rechecked_before_os_release ... ok
test (windows-latest)	Run cargo test --all-features	2026-09-12T15:02:54.6159904Z test machine::manager::release::tests::local_send_age_detects_delay_suspend_and_clock_discontinuity ... ok
test (windows-latest)	Run cargo test --all-features	2026-09-12T15:02:54.6163712Z test machine::manager::release::tests::loss_of_readiness_after_commit_proves_no_release_without_replaying_consumption ... ok
test (windows-latest)	Run cargo test --all-features	2026-09-12T15:02:54.6169045Z test machine::manager::release::tests::retry_cannot_rejuvenate_a_delayed_ticket_and_cancel_fences_release ... ok
test (windows-latest)	Run cargo test --all-features	2026-09-12T15:02:54.6202452Z test machine::manager::release::tests::unused_after_commit_keeps_consumption_and_requires_exact_cleanup_before_sealing ... ok
test (windows-latest)	Run cargo test --all-features	2026-09-12T15:02:55.3011841Z test daemon::tests::wait_snapshot_includes_daemon_reconciliation_evidence ... ok
test (windows-latest)	Run cargo test --all-features	2026-09-12T15:02:55.4445655Z test machine::manager::tests::local_outbox_and_start_intent_survive_commit_gaps_without_relaunch ... ok
test (windows-latest)	Run cargo test --all-features	2026-09-12T15:02:55.9335210Z test machine::manager::tests::lost_ticket_then_coordinator_reset_and_epoch_rotation_recover_without_launch ... ok
test (windows-latest)	Run cargo test --all-features	2026-09-12T15:02:55.9850825Z test machine::tests::framing_rejects_oversize_before_reading_body_and_strictly_decodes ... ok
test (windows-latest)	Run cargo test --all-features	2026-09-12T15:02:55.9860104Z test machine::tests::operation_authentication_binds_session_sequence_identity_and_payload ... ok
test (windows-latest)	Run cargo test --all-features	2026-09-12T15:02:55.9877359Z test machine::tests::pairing_tag_binds_both_nonces_session_role_owner_and_versions ... ok
test (windows-latest)	Run cargo test --all-features	2026-09-12T15:02:55.9882660Z test machine::tests::request_rejects_version_hash_sequence_and_unknown_identity ... ok
test (windows-latest)	Run cargo test --all-features	2026-09-12T15:02:55.9887107Z test model::tests::durable_id_round_trip_carries_store_identity ... ok
test (windows-latest)	Run cargo test --all-features	2026-09-12T15:02:55.9891045Z test model::tests::unscoped_uuid_is_not_a_public_durable_id ... ok
test (windows-latest)	Run cargo test --all-features	2026-09-12T15:02:55.9899115Z test protocol::tests::daemon_resource_accounting_is_additive_with_an_explicit_legacy_absence ... ok
test (windows-latest)	Run cargo test --all-features	2026-09-12T15:02:55.9903667Z test protocol::tests::frame_round_trip ... ok
test (windows-latest)	Run cargo test --all-features	2026-09-12T15:02:55.9907232Z test protocol::tests::responses_are_additive_but_requests_remain_strict ... ok
test (windows-latest)	Run cargo test --all-features	2026-09-12T15:02:55.9910289Z test resources::tests::child_policy_vram_claim_names_are_canonicalized ... ok
test (windows-latest)	Run cargo test --all-features	2026-09-12T15:02:55.9914602Z test resources::tests::complete_scalar_lease_never_partially_fits ... ok
test (windows-latest)	Run cargo test --all-features	2026-09-12T15:02:55.9929188Z test resources::tests::different_missing_children_under_one_ancestor_do_not_alias ... ok
test (windows-latest)	Run cargo test --all-features	2026-09-12T15:02:55.9962993Z test resources::tests::existing_policy_root_replacement_does_not_inherit_object_authority ... ok
test (windows-latest)	Run cargo test --all-features	2026-09-12T15:02:55.9967700Z test resources::tests::granted_debit_overflow_blocks_instead_of_wrapping_capacity ... ok
test (windows-latest)	Run cargo test --all-features	2026-09-12T15:02:55.9972497Z test resources::tests::impact_rules_are_symmetric_self_compatibility_is_explicit_and_ancestors_block ... ok
test (windows-latest)	Run cargo test --all-features	2026-09-12T15:02:55.9976465Z test resources::tests::managed_wait_checks_only_components_retained_by_ancestors ... ok
test (windows-latest)	Run cargo test --all-features	2026-09-12T15:02:56.0002089Z test resources::tests::missing_policy_root_retains_component_authority_after_creation ... ok
test (windows-latest)	Run cargo test --all-features	2026-09-12T15:02:56.0005673Z test resources::tests::observed_headroom_is_checked_and_excludes_only_the_supplied_debit ... ok
test (windows-latest)	Run cargo test --all-features	2026-09-12T15:02:56.0010126Z test resources::tests::shared_fences_overlap_but_exclusive_conflicts ... ok
test (windows-latest)	Run cargo test --all-features	2026-09-12T15:02:56.5225498Z test machine::manager::tests::outbox_counts_utf8_bytes_and_reserves_room_for_acknowledgement ... ok
test (windows-latest)	Run cargo test --all-features	2026-09-12T15:02:57.8480093Z test runner::windows::tests::cancel_before_postcondition_release_never_runs_validator_code ... ok
test (windows-latest)	Run cargo test --all-features	2026-09-12T15:02:59.3658384Z stillyard runner for 01a09624-a083-77b0-8fde-c7597afd8924~01a09624-a19d-7b61-9c2f-9fa114a4856c failed: forced pre-start failure
test (windows-latest)	Run cargo test --all-features	2026-09-12T15:02:59.4318258Z test runner::windows::tests::clean_prestart_failure_keeps_condition_deadline_precedence ... ok
test (windows-latest)	Run cargo test --all-features	2026-09-12T15:02:59.4384155Z test runner::windows::tests::attempt_timeout_covers_postconditions ... ok
test (windows-latest)	Run cargo test --all-features	2026-09-12T15:03:00.1742868Z stillyard runner for 01a09624-a69e-7da2-a750-f523b8d9658e~01a09624-a8b9-70e1-809f-5c06b78f135d failed: The operation completed successfully. (os error 0)
test (windows-latest)	Run cargo test --all-features	2026-09-12T15:03:00.2572344Z test runner::windows::tests::condition_resume_failure_clears_never_started_timestamps ... ok
test (windows-latest)	Run cargo test --all-features	2026-09-12T15:03:00.2575801Z test runner::windows::tests::containment_registry_is_instance_owned_and_transfer_does_not_leak_ownership ... ok
test (windows-latest)	Run cargo test --all-features	2026-09-12T15:03:00.2577312Z test runner::windows::tests::descendant_sleeper ... ignored, launched only as a descendant containment probe
test (windows-latest)	Run cargo test --all-features	2026-09-12T15:03:00.2591694Z test runner::windows::tests::empty_owned_boundary_is_proven_and_notifies_reconciliation ... ok
test (windows-latest)	Run cargo test --all-features	2026-09-12T15:03:00.2692359Z test runner::windows::tests::contained_process_publishes_output_after_success ... ok
test (windows-latest)	Run cargo test --all-features	2026-09-12T15:03:00.9391811Z test runner::windows::tests::environment_block_has_exact_path_and_no_daemon_ambient_user_environment ... ok
test (windows-latest)	Run cargo test --all-features	2026-09-12T15:03:01.4654320Z stillyard runner for 01a09624-ac60-7671-b2bc-19569cb44343~01a09624-ae25-7ef3-b596-b0c77c52e23b failed: created image C:\Windows\System32\cmd.exe differs from requested executable C:\Windows\System32\cmd.exe
test (windows-latest)	Run cargo test --all-features	2026-09-12T15:03:01.4984698Z test runner::windows::tests::image_mismatch_with_unproven_cleanup_transfers_boundary_to_reconciler ... ok
test (windows-latest)	Run cargo test --all-features	2026-09-12T15:03:01.9437026Z stillyard runner for 01a09624-a9e1-7031-b5ea-c4a5e271aafe~01a09624-abbb-7493-845e-f0e9d9bc3d15 failed: stopped suspended root did not exit within cleanup bound
test (windows-latest)	Run cargo test --all-features	2026-09-12T15:03:01.9793123Z test runner::windows::tests::first_terminal_cleanup_wait_failure_keeps_condition_deadline_outcome ... ok
test (windows-latest)	Run cargo test --all-features	2026-09-12T15:03:02.2671833Z test runner::windows::tests::plain_cancel_during_postcondition_remains_canceled ... ok
test (windows-latest)	Run cargo test --all-features	2026-09-12T15:03:03.0406159Z test runner::windows::tests::plain_cancel_terminates_a_running_containment_and_suppresses_retry ... ok
test (windows-latest)	Run cargo test --all-features	2026-09-12T15:03:03.2000281Z stillyard runner for 01a09624-b203-79b3-b609-5243942c0c2e~01a09624-b498-7891-a802-6cfbbec155f3 failed: forced pre-start failure
test (windows-latest)	Run cargo test --all-features	2026-09-12T15:03:03.2468030Z test runner::windows::tests::post_create_pre_resume_failure_proves_empty_and_is_start_failed ... ok
test (windows-latest)	Run cargo test --all-features	2026-09-12T15:03:34.9006141Z test authority::retirement::tests::pairing_budget_reserves_every_admitted_retirement_after_hold_and_session_growth ... ok
test (windows-latest)	Run cargo test --all-features	2026-09-12T15:03:36.3388158Z stillyard runner for 01a09625-3105-7251-8d49-f62e4e18ba2b~01a09625-3176-74a3-b5d6-7e25e66f21e4 failed: The system cannot find the file specified. (os error 2)
test (windows-latest)	Run cargo test --all-features	2026-09-12T15:03:36.3904910Z test runner::windows::tests::quiet_resume_failure_after_durable_authorization_is_start_failed ... ok
test (windows-latest)	Run cargo test --all-features	2026-09-12T15:03:36.3907294Z test runner::windows::tests::released_user_code_runner_failure_is_interrupted_not_failed ... ok
test (windows-latest)	Run cargo test --all-features	2026-09-12T15:03:36.3909428Z test runner::windows::tests::retired_registration_is_negative_until_durable_state_catches_up ... ok
test (windows-latest)	Run cargo test --all-features	2026-09-12T15:03:36.3910448Z test runner::windows::tests::spawn_descendant_helper ... ignored, launched only as a managed root by timeout_kills_descendant_not_only_root
test (windows-latest)	Run cargo test --all-features	2026-09-12T15:03:37.4123291Z stillyard runner for 01a09625-3703-7222-a767-474ffe56ea26~01a09625-3899-7f20-927e-2d29feeacdf0 failed: staged stdin hash changed before launch
test (windows-latest)	Run cargo test --all-features	2026-09-12T15:03:37.4524331Z test runner::windows::tests::staged_stdin_changed_after_acceptance_fails_before_user_code ... ok
test (windows-latest)	Run cargo test --all-features	2026-09-12T15:03:38.5171614Z test runner::windows::tests::staged_stdin_handle_reaches_the_contained_process ... ok
test (windows-latest)	Run cargo test --all-features	2026-09-12T15:03:38.5172608Z test runner::windows::tests::stdin_echo_helper ... ignored, launched only as a managed staged-stdin probe
test (windows-latest)	Run cargo test --all-features	2026-09-12T15:03:41.9717407Z test runner::windows::tests::timeout_kills_containment_and_releases_lease ... ok
test (windows-latest)	Run cargo test --all-features	2026-09-12T15:03:47.5316948Z test runner::windows::tests::timeout_kills_descendant_not_only_root ... ok
test (windows-latest)	Run cargo test --all-features	2026-09-12T15:03:47.5319920Z test runner::windows::tests::windows_quoting_handles_spaces_quotes_and_trailing_slashes ... ok
test (windows-latest)	Run cargo test --all-features	2026-09-12T15:03:47.5670176Z test runtime_metrics::tests::polling_control_is_counted_and_event_notification_is_not_a_timer ... ok
test (windows-latest)	Run cargo test --all-features	2026-09-12T15:03:47.5673355Z test spec::tests::child_policy_unknown_fields_are_rejected_during_decode ... ok
test (windows-latest)	Run cargo test --all-features	2026-09-12T15:03:47.5676032Z test spec::tests::daemon_environment_presets_are_not_accepted ... ok
test (windows-latest)	Run cargo test --all-features	2026-09-12T15:03:47.5679122Z test spec::tests::host_deferral_bound_applies_only_to_jobs_that_request_quiet ... ok
test (windows-latest)	Run cargo test --all-features	2026-09-12T15:03:47.5682545Z test spec::tests::lifecycle_history_has_a_finite_snapshot_bound ... ok
test (windows-latest)	Run cargo test --all-features	2026-09-12T15:03:47.5684817Z test spec::tests::retry_verdicts_must_be_unique ... ok
test (windows-latest)	Run cargo test --all-features	2026-09-12T15:03:47.5853580Z test spec::tests::schema_is_stable_within_one_build ... ok
test (windows-latest)	Run cargo test --all-features	2026-09-12T15:03:47.5857568Z test spec::tests::supported_claim_and_impact_validate ... ok
test (windows-latest)	Run cargo test --all-features	2026-09-12T15:03:47.5860253Z test spec::tests::unknown_job_field_rejects ... ok
test (windows-latest)	Run cargo test --all-features	2026-09-12T15:03:47.5862583Z test spec::tests::version_four_rejects_duplicate_label_keys_and_invalid_policy_shapes ... ok
test (windows-latest)	Run cargo test --all-features	2026-09-12T15:03:47.6558188Z test store::attached::tests::attached_admission_persists_candidates_and_holds_lease_until_release_ack ... ok
test (windows-latest)	Run cargo test --all-features	2026-09-12T15:03:47.7177809Z test store::machine_allocation::inventory_tests::expired_candidate_history_does_not_exhaust_ready_budget_but_armed_still_counts ... ok
test (windows-latest)	Run cargo test --all-features	2026-09-12T15:03:48.1276217Z test store::machine_allocation::inventory_tests::inventory_pages_cover_large_unicode_records_without_exceeding_wire_bytes ... ok
test (windows-latest)	Run cargo test --all-features	2026-09-12T15:03:52.7617588Z test authority::tests::saturated_registry_still_journals_large_release_and_detects_missing_blob has been running for over 60 seconds
test (windows-latest)	Run cargo test --all-features	2026-09-12T15:04:03.0686505Z test runner::windows::tests::postcondition_retry_runs_a_second_attempt_under_the_same_job has been running for over 60 seconds
test (windows-latest)	Run cargo test --all-features	2026-09-12T15:04:03.2667969Z test runner::windows::tests::primary_tree_is_empty_before_postcondition_receives_immutable_result has been running for over 60 seconds
test (windows-latest)	Run cargo test --all-features	2026-09-12T15:04:03.7994901Z test store::machine_events::tests::event_retention_bounds_rows_and_bytes_without_touching_grant_history ... ok
test (windows-latest)	Run cargo test --all-features	2026-09-12T15:04:03.7999482Z test store::observation::command_preview_tests::preview_is_bounded_single_line_and_identifies_the_command ... ok
test (windows-latest)	Run cargo test --all-features	2026-09-12T15:04:03.8010805Z test store::process_records::tests::typed_linux_identity_never_uses_filetime_and_cannot_be_replaced ... ok
test (windows-latest)	Run cargo test --all-features	2026-09-12T15:04:04.2166275Z test runner::windows::tests::primary_tree_is_empty_before_postcondition_receives_immutable_result ... FAILED
test (windows-latest)	Run cargo test --all-features	2026-09-12T15:04:04.5620063Z test store::tests::admission_safety::cancel_that_wins_during_contaminated_cleanup_cannot_replan_or_release_code ... ok
test (windows-latest)	Run cargo test --all-features	2026-09-12T15:04:04.9188884Z test store::tests::admission_safety::clean_deferral_exhaustion_uses_the_job_retry_policy ... ok
test (windows-latest)	Run cargo test --all-features	2026-09-12T15:04:05.2431478Z test store::tests::admission_safety::condition_release_rechecks_observed_evidence_before_resume ... ok
test (windows-latest)	Run cargo test --all-features	2026-09-12T15:04:05.7743052Z test store::tests::admission_safety::condition_scan_time_ages_host_evidence_before_probe_grant ... ok
test (windows-latest)	Run cargo test --all-features	2026-09-12T15:04:05.9877613Z test store::tests::admission_safety::condition_scan_time_ages_host_evidence_before_observed_grant ... ok
test (windows-latest)	Run cargo test --all-features	2026-09-12T15:04:06.5221826Z test store::tests::admission_safety::direct_observed_admission_remains_released_without_a_final_barrier ... ok
test (windows-latest)	Run cargo test --all-features	2026-09-12T15:04:06.5712857Z test store::tests::admission_safety::final_observed_ram_check_excludes_only_its_own_granted_lease ... ok
test (windows-latest)	Run cargo test --all-features	2026-09-12T15:04:07.1418817Z test store::tests::admission_safety::incompatible_impact_consumes_the_admission_wall_clock_and_fails_finitely ... ok
test (windows-latest)	Run cargo test --all-features	2026-09-12T15:04:07.1444623Z test store::tests::admission_safety::missing_observation_pauses_quiet_budget_and_rebuilds_stability ... ok
test (windows-latest)	Run cargo test --all-features	2026-09-12T15:04:07.5910139Z test store::tests::admission_safety::quiet_only_deferral_exhaustion_still_uses_the_job_retry_policy ... ok
test (windows-latest)	Run cargo test --all-features	2026-09-12T15:04:07.7597043Z test store::tests::admission_safety::quiet_stability_resets_on_sample_gap_and_observation_generation_change ... ok
test (windows-latest)	Run cargo test --all-features	2026-09-12T15:04:08.1896514Z test store::tests::admission_safety::quiet_wait_holds_no_lease_and_final_recheck_reuses_the_attempt_without_running_code ... ok
test (windows-latest)	Run cargo test --all-features	2026-09-12T15:04:08.3877992Z test store::tests::admission_safety::restart_preserves_admitting_attempt_budget_resets_stability_and_allows_cancel ... ok
test (windows-latest)	Run cargo test --all-features	2026-09-12T15:04:08.5310605Z test store::tests::admission_safety::restart_refuses_gpu_placement_change_for_a_retained_job ... ok
test (windows-latest)	Run cargo test --all-features	2026-09-12T15:04:08.6889840Z test store::tests::admission_safety::observed_condition_runtime_timeout_starts_at_release ... ok
test (windows-latest)	Run cargo test --all-features	2026-09-12T15:04:09.0336037Z test store::tests::admission_safety::restart_refuses_host_policy_that_invalidates_a_retained_job ... ok
test (windows-latest)	Run cargo test --all-features	2026-09-12T15:04:09.2824252Z test store::tests::admission_safety::sidecar_gpu_and_vram_claims_fail_closed_then_preserve_grant_provenance ... ok
test (windows-latest)	Run cargo test --all-features	2026-09-12T15:04:09.5327846Z test store::tests::admission_safety::stale_memory_and_low_commit_headroom_never_create_a_lease_or_invocation ... ok
test (windows-latest)	Run cargo test --all-features	2026-09-12T15:04:09.8229018Z test store::tests::admission_safety::starting_strict_job_keeps_sampler_demand_until_release ... ok
test (windows-latest)	Run cargo test --all-features	2026-09-12T15:04:10.0297775Z test store::tests::admission_safety::static_contention_pauses_quiet_budget_and_rebuilds_stability ... ok
test (windows-latest)	Run cargo test --all-features	2026-09-12T15:04:10.2188798Z test store::tests::admission_safety::uncertain_pre_release_cleanup_is_final_and_retains_the_lease ... ok
test (windows-latest)	Run cargo test --all-features	2026-09-12T15:04:10.5721801Z test authority::tests::saturated_registry_still_journals_large_release_and_detects_missing_blob ... ok
test (windows-latest)	Run cargo test --all-features	2026-09-12T15:04:10.7811326Z test store::tests::admission_safety::uncertain_pre_release_cleanup_preserves_explicit_cancellation ... ok
test (windows-latest)	Run cargo test --all-features	2026-09-12T15:04:11.1300414Z test store::tests::admission_safety::uncertain_pre_release_cleanup_preserves_condition_deadline_outcome ... ok
test (windows-latest)	Run cargo test --all-features	2026-09-12T15:04:11.3639912Z test store::tests::attempt_lifecycle::expired_blocked_retry_does_not_spin_and_backoff_cancel_is_terminal ... ok
test (windows-latest)	Run cargo test --all-features	2026-09-12T15:04:11.4212280Z test store::tests::attempt_lifecycle::impact_rules_block_admission_and_ancestor_waits_symmetrically ... ok
test (windows-latest)	Run cargo test --all-features	2026-09-12T15:04:11.8089755Z test store::tests::attempt_lifecycle::plain_cancel_covers_queued_active_and_backoff_without_successors ... ok
test (windows-latest)	Run cargo test --all-features	2026-09-12T15:04:12.1469897Z test store::tests::attempt_lifecycle::postcondition_release_requires_immutable_empty_primary_result_and_granted_lease ... ok
test (windows-latest)	Run cargo test --all-features	2026-09-12T15:04:12.1501825Z test store::tests::attempt_lifecycle::postcondition_retry_keeps_one_job_and_exposes_ordered_attempts ... ok
test (windows-latest)	Run cargo test --all-features	2026-09-12T15:04:12.1506982Z test store::tests::attempt_lifecycle::snapshot_diagnostic_budget_keeps_newest_utf8_suffixes ... ok
test (windows-latest)	Run cargo test --all-features	2026-09-12T15:04:12.4401301Z test store::tests::attempt_lifecycle::receipt_preserves_accepting_generation_across_daemon_restart ... ok
test (windows-latest)	Run cargo test --all-features	2026-09-12T15:04:12.8154957Z test store::tests::attempt_lifecycle::root_exit_is_visible_before_containment_resolution ... ok
test (windows-latest)	Run cargo test --all-features	2026-09-12T15:04:12.8203806Z test store::tests::attempt_lifecycle::worker_start_failure_preserves_an_active_cancel_and_suppresses_retry ... ok
test (windows-latest)	Run cargo test --all-features	2026-09-12T15:04:13.4116403Z test store::tests::conditions::already_stale_refresh_blocks_once_then_yields_instead_of_replanning ... ok
test (windows-latest)	Run cargo test --all-features	2026-09-12T15:04:13.4154770Z test store::tests::conditions::cancel_waits_for_live_probe_boundary_before_publishing_final ... ok
test (windows-latest)	Run cargo test --all-features	2026-09-12T15:04:13.5042151Z test store::tests::conditions::condition_release_is_publicly_released_while_running_and_after_success ... ok
test (windows-latest)	Run cargo test --all-features	2026-09-12T15:04:13.9594712Z test runner::windows::tests::postcondition_retry_runs_a_second_attempt_under_the_same_job ... ok
test (windows-latest)	Run cargo test --all-features	2026-09-12T15:04:14.0363847Z test store::tests::conditions::deadline_is_enforced_before_retry_backoff_and_dependency_filters ... ok
test (windows-latest)	Run cargo test --all-features	2026-09-12T15:04:14.1531433Z test store::tests::conditions::deadline_that_wins_during_a_probe_remains_terminal_after_probe_cleanup ... ok
test (windows-latest)	Run cargo test --all-features	2026-09-12T15:04:14.2831215Z test store::tests::conditions::deadline_crossing_during_scan_wins_over_impossible_dependency ... ok
test (windows-latest)	Run cargo test --all-features	2026-09-12T15:04:14.6797325Z test store::tests::conditions::eta_is_unknown_for_external_predicates_and_lower_bound_for_not_before ... ok
test (windows-latest)	Run cargo test --all-features	2026-09-12T15:04:14.8448942Z test store::tests::conditions::expired_monotonic_evidence_does_not_create_a_zero_delay_retry_spin ... ok
test (windows-latest)	Run cargo test --all-features	2026-09-12T15:04:15.1381390Z test store::tests::conditions::failed_deadline_latch_survives_refresh_until_probe_cleanup ... ok
test (windows-latest)	Run cargo test --all-features	2026-09-12T15:04:15.3846927Z test store::tests::conditions::due_deadline_wins_over_cancel_before_and_during_probe_cleanup ... ok
test (windows-latest)	Run cargo test --all-features	2026-09-12T15:04:15.5691567Z test store::tests::conditions::first_pre_release_deferral_replans_the_same_attempt_and_preserves_budget ... ok
test (windows-latest)	Run cargo test --all-features	2026-09-12T15:04:15.5725072Z test store::tests::conditions::freshness_that_expires_during_a_long_pass_yields_before_rescan ... ok
test (windows-latest)	Run cargo test --all-features	2026-09-12T15:04:16.0156151Z test store::tests::conditions::monotonic_expiry_yields_despite_a_future_wall_deadline ... ok
test (windows-latest)	Run cargo test --all-features	2026-09-12T15:04:16.2909806Z test store::tests::conditions::path_absent_waits_for_authoritative_absence ... ok
test (windows-latest)	Run cargo test --all-features	2026-09-12T15:04:16.2994583Z test store::tests::conditions::path_transition_is_anchored_at_acceptance_and_rescanned_before_lease ... ok
test (windows-latest)	Run cargo test --all-features	2026-09-12T15:04:16.3563272Z test store::tests::conditions::monotonic_expiry_forces_rescan_despite_a_future_wall_freshness_and_history_is_bounded ... ok
test (windows-latest)	Run cargo test --all-features	2026-09-12T15:04:17.0806956Z test store::tests::conditions::post_commit_freshness_expiry_replans_the_never_resumed_attempt ... ok
test (windows-latest)	Run cargo test --all-features	2026-09-12T15:04:17.2152749Z test store::tests::conditions::postcondition_does_not_inherit_primary_conditions_after_release ... ok
test (windows-latest)	Run cargo test --all-features	2026-09-12T15:04:17.2353903Z test store::tests::conditions::postcondition_start_failure_preserves_primary_start_and_ignores_condition_deadline ... ok
test (windows-latest)	Run cargo test --all-features	2026-09-12T15:04:18.0184288Z test store::tests::conditions::prepared_probe_start_failure_atomically_releases_its_lease_and_requeues ... ok
test (windows-latest)	Run cargo test --all-features	2026-09-12T15:04:18.0437336Z test store::tests::conditions::pre_release_path_change_replans_same_attempt_then_exhausts_as_readiness_unstable ... ok
test (windows-latest)	Run cargo test --all-features	2026-09-12T15:04:18.3202018Z test store::tests::conditions::post_commit_cancel_and_deadline_are_ordered_before_primary_resume ... ok
test (windows-latest)	Run cargo test --all-features	2026-09-12T15:04:18.6021049Z test store::tests::conditions::pre_release_cancellation_is_never_projected_as_released ... ok
test (windows-latest)	Run cargo test --all-features	2026-09-12T15:04:18.8081295Z test store::tests::conditions::probe_uses_its_own_lease_and_releases_it_before_primary_work ... ok
test (windows-latest)	Run cargo test --all-features	2026-09-12T15:04:19.3252770Z test store::tests::conditions::relative_deadline_is_durable_and_does_not_create_an_attempt ... ok
test (windows-latest)	Run cargo test --all-features	2026-09-12T15:04:19.7962567Z test store::tests::conditions::restart_invalidates_generation_local_path_evidence_and_rescans ... ok
test (windows-latest)	Run cargo test --all-features	2026-09-12T15:04:21.1190578Z test store::tests::conditions::restart_repairs_the_legacy_split_probe_settlement_window ... ok
test (windows-latest)	Run cargo test --all-features	2026-09-12T15:04:22.0262897Z test store::tests::conditions::restart_finalizes_cancel_and_deadline_after_probe_becomes_uncertain ... ok
test (windows-latest)	Run cargo test --all-features	2026-09-12T15:04:22.1719508Z test store::tests::conditions::restart_retains_only_the_unresolved_probe_claims_and_blocks_reprobe_until_clearance ... ok
test (windows-latest)	Run cargo test --all-features	2026-09-12T15:04:22.9340114Z test store::tests::conditions::worker_start_failure_keeps_condition_deadline_precedence ... ok
test (windows-latest)	Run cargo test --all-features	2026-09-12T15:04:22.9948508Z test store::tests::conditions::terminal_intent_waits_for_every_live_probe_and_cancel_never_starts_another ... ok
test (windows-latest)	Run cargo test --all-features	2026-09-12T15:04:23.8095456Z test store::tests::containment_safety::clearance_is_idempotent_and_audited_through_status ... ok
test (windows-latest)	Run cargo test --all-features	2026-09-12T15:04:23.8329866Z test store::tests::containment_safety::attempt_wide_predicate_waits_for_every_containment ... ok
test (windows-latest)	Run cargo test --all-features	2026-09-12T15:04:24.4498922Z test store::tests::containment_safety::creating_and_started_records_capture_exact_identity ... ok
test (windows-latest)	Run cargo test --all-features	2026-09-12T15:04:24.6422440Z test store::tests::containment_safety::doctor_default_page_is_bounded_below_protocol_limit ... ok
test (windows-latest)	Run cargo test --all-features	2026-09-12T15:04:25.4673382Z test store::tests::containment_safety::doctor_incidents_are_frozen_across_pages ... ok
test (windows-latest)	Run cargo test --all-features	2026-09-12T15:04:25.4726108Z test store::tests::conditions::restart_preserves_the_durable_pre_resume_terminal_latch ... ok
test (windows-latest)	Run cargo test --all-features	2026-09-12T15:04:25.5791692Z test store::tests::containment_safety::doctor_rejects_cursor_from_previous_daemon_generation ... ok
test (windows-latest)	Run cargo test --all-features	2026-09-12T15:04:26.1247672Z test store::tests::containment_safety::doctor_reports_loaded_config_evidence ... ok
test (windows-latest)	Run cargo test --all-features	2026-09-12T15:04:26.3212991Z test store::tests::containment_safety::doctor_rejects_foreign_unknown_tampered_and_expired_cursors ... ok
test (windows-latest)	Run cargo test --all-features	2026-09-12T15:04:26.9161831Z test store::tests::containment_safety::force_commit_rejects_a_changed_authorization_set ... ok
test (windows-latest)	Run cargo test --all-features	2026-09-12T15:04:27.4488900Z test store::tests::containment_safety::foreign_host_binding_resets_the_whole_store ... ok
test (windows-latest)	Run cargo test --all-features	2026-09-12T15:04:27.4795120Z test store::tests::containment_safety::typed_linux_root_roundtrips_all_containment_views_without_filetime_aliasing ... ok
test (windows-latest)	Run cargo test --all-features	2026-09-12T15:04:27.5172531Z test store::tests::containment_safety::missing_host_capability_blocks_before_lease_grant ... ok
test (windows-latest)	Run cargo test --all-features	2026-09-12T15:04:28.2748877Z test store::tests::containment_safety::unbound_pending_store_binds_without_reset ... ok
test (windows-latest)	Run cargo test --all-features	2026-09-12T15:04:28.2918171Z test store::tests::conditions::probe_history_is_pruned_after_its_pinning_events_leave_the_ring ... ok
test (windows-latest)	Run cargo test --all-features	2026-09-12T15:04:28.7552455Z test store::tests::containment_safety::unbound_store_with_containment_is_replaced ... ok
test (windows-latest)	Run cargo test --all-features	2026-09-12T15:04:29.0374783Z test store::tests::input_submission::child_policy_resolution_failure_is_a_durable_typed_rejection ... ok
test (windows-latest)	Run cargo test --all-features	2026-09-12T15:04:29.1317741Z test store::tests::input_submission::batch_is_atomic_and_dependencies_use_final_outcomes ... ok
test (windows-latest)	Run cargo test --all-features	2026-09-12T15:04:29.6089515Z test store::tests::input_submission::complete_leases_serialize_conflicts_but_allow_orthogonal_work ... ok
test (windows-latest)	Run cargo test --all-features	2026-09-12T15:04:29.7938544Z test store::tests::input_submission::corrupt_staged_input_rejects_before_received ... ok
test (windows-latest)	Run cargo test --all-features	2026-09-12T15:04:29.9968580Z test store::tests::input_submission::daemon_status_reports_exact_durable_reservations ... ok
test (windows-latest)	Run cargo test --all-features	2026-09-12T15:04:30.2639206Z test store::tests::input_submission::dependency_outside_fifo_prefix_is_unknown ... ok
test (windows-latest)	Run cargo test --all-features	2026-09-12T15:04:30.5787675Z test store::tests::input_submission::explicit_environment_is_preserved_at_acceptance ... ok
test (windows-latest)	Run cargo test --all-features	2026-09-12T15:04:30.9698438Z test store::tests::input_submission::missing_path_fence_identity_survives_later_creation ... ok
test (windows-latest)	Run cargo test --all-features	2026-09-12T15:04:31.1758386Z test store::tests::input_submission::partial_batch_input_map_is_atomic ... ok
test (windows-latest)	Run cargo test --all-features	2026-09-12T15:04:31.4291573Z test store::tests::input_submission::receipt_reports_rank_blocker_and_honest_estimate ... ok
test (windows-latest)	Run cargo test --all-features	2026-09-12T15:04:31.7236509Z test store::tests::input_submission::received_batch_revalidates_staged_inputs_before_acceptance ... ok
test (windows-latest)	Run cargo test --all-features	2026-09-12T15:04:31.9972285Z test store::tests::input_submission::restart_collects_partial_upload_without_submission ... ok
test (windows-latest)	Run cargo test --all-features	2026-09-12T15:04:32.2512252Z test store::tests::input_submission::reverse_order_skip_closure_reaches_terminal_state ... ok
test (windows-latest)	Run cargo test --all-features	2026-09-12T15:04:32.4784111Z test store::tests::input_submission::sqlite_failure_rolls_back_every_batch_member ... ok
test (windows-latest)	Run cargo test --all-features	2026-09-12T15:04:32.8598583Z test store::tests::input_submission::staged_stdin_is_pre_received_immutable_and_idempotent ... ok
test (windows-latest)	Run cargo test --all-features	2026-09-12T15:04:33.5028045Z test store::tests::managed_submission::delegated_policy_is_intersected_across_the_full_ancestor_chain ... ok
test (windows-latest)	Run cargo test --all-features	2026-09-12T15:04:33.5332909Z test store::tests::managed_submission::child_policy_negative_axes_are_durable_contextual_and_create_no_work ... ok
test (windows-latest)	Run cargo test --all-features	2026-09-12T15:04:33.9098116Z test store::tests::managed_submission::managed_acceptance_rechecks_parent_and_disabled_primary_proves_only_absence ... ok
test (windows-latest)	Run cargo test --all-features	2026-09-12T15:04:33.9708918Z test store::tests::containment_safety::doctor_snapshot_stress_resists_parallel_incident_turnover ... ok
test (windows-latest)	Run cargo test --all-features	2026-09-12T15:04:34.2461532Z test store::tests::managed_submission::managed_batch_wait_rejects_atomically_when_one_member_conflicts ... ok
test (windows-latest)	Run cargo test --all-features	2026-09-12T15:04:34.2522290Z test store::tests::managed_submission::managed_batch_with_one_forbidden_priority_is_atomically_rejected ... ok
test (windows-latest)	Run cargo test --all-features	2026-09-12T15:04:34.7176562Z test store::tests::managed_submission::managed_combined_wait_rejects_ancestor_scalar_but_detached_submit_survives ... ok
test (windows-latest)	Run cargo test --all-features	2026-09-12T15:04:34.7231698Z test store::tests::managed_submission::managed_exact_replay_is_idempotent_and_commits_parentage ... ok
test (windows-latest)	Run cargo test --all-features	2026-09-12T15:04:35.0431421Z test store::tests::managed_submission::managed_not_received_is_provable_only_for_the_live_current_parent ... ok
test (windows-latest)	Run cargo test --all-features	2026-09-12T15:04:35.0474907Z test store::tests::managed_submission::managed_policy_applies_claim_impact_and_fence_limits_to_probes ... ok
test (windows-latest)	Run cargo test --all-features	2026-09-12T15:04:35.4341612Z test store::tests::managed_submission::managed_wait_rejects_a_claim_that_exceeds_host_capacity ... ok
test (windows-latest)	Run cargo test --all-features	2026-09-12T15:04:35.6378902Z test store::tests::managed_submission::managed_wait_allows_orthogonal_child_and_checks_the_full_ancestor_chain ... ok
test (windows-latest)	Run cargo test --all-features	2026-09-12T15:04:35.9152358Z test store::tests::managed_submission::neutral_only_parent_does_not_inherit_priority_and_rejects_escalation_durably ... ok
test (windows-latest)	Run cargo test --all-features	2026-09-12T15:04:35.9398919Z test store::tests::managed_submission::managed_wait_walks_unfinished_predecessors_and_rejects_self_or_foreign_targets ... ok
test (windows-latest)	Run cargo test --all-features	2026-09-12T15:04:36.3792947Z test store::tests::managed_submission::policy_invalid_batch_names_the_member_and_is_atomic ... ok
test (windows-latest)	Run cargo test --all-features	2026-09-12T15:04:36.3874806Z test store::tests::managed_submission::non_primary_transport_identity_does_not_confer_child_authority ... ok
test (windows-latest)	Run cargo test --all-features	2026-09-12T15:04:36.6180320Z test store::tests::managed_submission::received_wait_intent_survives_resume_and_cannot_accept_an_unsafe_child ... ok
test (windows-latest)	Run cargo test --all-features	2026-09-12T15:04:36.9459895Z test store::tests::managed_submission::restart_rejects_managed_received_work_from_the_previous_daemon_generation ... ok
test (windows-latest)	Run cargo test --all-features	2026-09-12T15:04:37.1467576Z test store::tests::managed_submission::vram_policy_claims_compare_and_persist_in_canonical_form ... ok
test (windows-latest)	Run cargo test --all-features	2026-09-12T15:04:37.3472264Z test store::tests::observation::invocation_event_identity_is_atomic_and_required ... ok
test (windows-latest)	Run cargo test --all-features	2026-09-12T15:04:37.5757249Z test store::tests::observation::lifecycle_and_cancellation_transitions_emit_named_events ... ok
test (windows-latest)	Run cargo test --all-features	2026-09-12T15:04:37.7730422Z test store::tests::observation::list_cursor_is_stable_and_store_scoped ... ok
test (windows-latest)	Run cargo test --all-features	2026-09-12T15:04:37.9381048Z test store::tests::observation::list_events_and_cursor_are_one_public_observation_path ... ok
test (windows-latest)	Run cargo test --all-features	2026-09-12T15:04:38.3570442Z test store::tests::observation::event_ring_reports_gap_and_resynchronizes ... ok
test (windows-latest)	Run cargo test --all-features	2026-09-12T15:04:38.6832312Z test store::tests::priority_reservations::priority_is_bounded_neutral_immutable_and_hashed_per_batch_member ... ok
test (windows-latest)	Run cargo test --all-features	2026-09-12T15:04:39.1875228Z test store::tests::priority_reservations::blocked_and_impossible_high_priority_jobs_do_not_head_of_line_block ... ok
test (windows-latest)	Run cargo test --all-features	2026-09-12T15:04:39.5812988Z test store::tests::priority_reservations::reservations_are_full_vector_bounded_observable_and_protect_only_claimed_scalars ... ok
test (windows-latest)	Run cargo test --all-features	2026-09-12T15:04:39.7560956Z test store::tests::priority_reservations::reservation_deadline_survives_restart_expiry_yields_and_cancellation_cleans_up ... ok
test (windows-latest)	Run cargo test --all-features	2026-09-12T15:04:40.3509915Z test store::tests::priority_reservations::effective_priority_ages_monotonically_and_orders_by_original_acceptance ... ok
test (windows-latest)	Run cargo test --all-features	2026-09-12T15:04:40.7943880Z test store::tests::priority_reservations::retry_and_restart_preserve_acceptance_and_aging_history ... ok
test (windows-latest)	Run cargo test --all-features	2026-09-12T15:04:41.7207115Z test store::tests::store_recovery::corrupt_or_empty_database_is_replaced_with_current_schema ... ok
test (windows-latest)	Run cargo test --all-features	2026-09-12T15:04:41.9721447Z test store::tests::priority_reservations::restart_capacity_shrink_keeps_only_the_scheduler_ordered_reservation_prefix ... ok
test (windows-latest)	Run cargo test --all-features	2026-09-12T15:04:42.0351609Z test store::tests::store_recovery::corruption_discovered_during_recovery_resets_once ... ok
test (windows-latest)	Run cargo test --all-features	2026-09-12T15:04:42.2874519Z test store::tests::priority_reservations::reservations_sum_to_capacity_and_non_scalar_changes_release_them ... ok
test (windows-latest)	Run cargo test --all-features	2026-09-12T15:04:42.4778904Z test store::tests::store_recovery::current_schema_reopens_without_changing_store_identity ... ok
test (windows-latest)	Run cargo test --all-features	2026-09-12T15:04:42.8569901Z test store::tests::store_recovery::diagnostic_tail_io_failure_cannot_block_invocation_resolution ... ok
test (windows-latest)	Run cargo test --all-features	2026-09-12T15:04:43.0144120Z test store::tests::store_recovery::duplicate_key_returns_one_job ... ok
test (windows-latest)	Run cargo test --all-features	2026-09-12T15:04:43.0147394Z test store::tests::store_recovery::only_corruption_errors_authorize_destructive_reset ... ok
test (windows-latest)	Run cargo test --all-features	2026-09-12T15:04:43.6838345Z test store::tests::store_recovery::logs_publish_only_flushed_committed_prefix ... ok
test (windows-latest)	Run cargo test --all-features	2026-09-12T15:04:43.6880891Z test store::tests::store_recovery::recovery_never_creates_work_and_distinguishes_conflict ... ok
test (windows-latest)	Run cargo test --all-features	2026-09-12T15:04:43.8992426Z test store::tests::store_recovery::foreign_store_id_rejects_even_if_entity_uuid_collides ... ok
test (windows-latest)	Run cargo test --all-features	2026-09-12T15:04:43.9096130Z test store::tests::store_recovery::damaged_schema_and_identity_each_reset_the_whole_database ... ok
test (windows-latest)	Run cargo test --all-features	2026-09-12T15:04:44.4091929Z test store::tests::store_recovery::rejected_idempotency_decision_replays_as_rejected ... ok
test (windows-latest)	Run cargo test --all-features	2026-09-12T15:04:44.9152800Z test store::tests::store_recovery::restart_after_empty_proof_before_primary_result_is_fail_closed ... ok
test (windows-latest)	Run cargo test --all-features	2026-09-12T15:04:44.9210406Z test store::tests::store_recovery::restart_before_root_retains_boundary_until_reconciled ... ok
test (windows-latest)	Run cargo test --all-features	2026-09-12T15:04:45.1666424Z test store::tests::store_recovery::restart_after_resolved_postcondition_releases_empty_attempt_lease ... ok
test (windows-latest)	Run cargo test --all-features	2026-09-12T15:04:45.6854218Z test store::tests::store_recovery::restart_during_prepared_postcondition_retains_attempt_lease ... ok
test (windows-latest)	Run cargo test --all-features	2026-09-12T15:04:46.1928197Z test store::tests::store_recovery::same_key_different_payload_conflicts ... ok
test (windows-latest)	Run cargo test --all-features	2026-09-12T15:04:46.2103002Z test store::tests::store_recovery::restart_interrupts_active_job_without_requeueing_it ... ok
test (windows-latest)	Run cargo test --all-features	2026-09-12T15:04:46.3701088Z test store::tests::store_recovery::restart_never_uses_pid_only_root_disappearance_as_proof ... ok
test (windows-latest)	Run cargo test --all-features	2026-09-12T15:04:46.9590302Z test store::tests::store_recovery::uncertain_settlement_retains_lease_and_is_terminal ... ok
test (windows-latest)	Run cargo test --all-features	2026-09-12T15:04:46.9852696Z test store::tests::store_recovery::startup_resumes_durable_received_submission ... ok
test (windows-latest)	Run cargo test --all-features	2026-09-12T15:04:47.3531114Z test store::tests::store_recovery::schema_epoch_mismatch_resets_database_and_preserves_other_files ... ok
test (windows-latest)	Run cargo test --all-features	2026-09-12T15:04:47.3786269Z test store::tests::tree::depth_cut_before_a_connector_keeps_an_inclusive_child_continuation ... ok
test (windows-latest)	Run cargo test --all-features	2026-09-12T15:04:47.8414958Z test store::tests::tree::filtered_tree_retains_only_connecting_ancestors_and_selector_bound_expansion ... ok
test (windows-latest)	Run cargo test --all-features	2026-09-12T15:04:48.5293905Z test store::tests::tree::root_cursor_survives_logs_but_fails_closed_when_attention_order_changes ... ok
test (windows-latest)	Run cargo test --all-features	2026-09-12T15:04:48.7896433Z test store::tests::tree::orphan_is_explicit_and_a_parent_cycle_fails_closed ... ok
test (windows-latest)	Run cargo test --all-features	2026-09-12T15:04:49.2194166Z test store::tests::tree::schema_rejects_a_noncanonical_tree_order_trigger ... ok
test (windows-latest)	Run cargo test --all-features	2026-09-12T15:04:49.4275434Z test store::tests::tree::encoded_budget_truncates_with_a_root_continuation_and_makes_progress ... ok
test (windows-latest)	Run cargo test --all-features	2026-09-12T15:04:50.3834990Z test store::tests::tree::tree_depth_cursor_and_for_job_preserve_the_complete_ancestor_path ... ok
test (windows-latest)	Run cargo test --all-features	2026-09-12T15:04:50.7829825Z test store::tests::tree::row_sixteen_thousand_three_hundred_eighty_five_fails_before_classification ... ok
test (windows-latest)	Run cargo test --all-features	2026-09-12T15:04:51.2559873Z test store::tests::tree::tree_observation_includes_future_descendants_and_wrong_store_gap_snapshot ... ok
test (windows-latest)	Run cargo test --all-features	2026-09-12T15:04:51.2855174Z test store::tests::tree::schema_requires_tree_query_indexes ... ok
test (windows-latest)	Run cargo test --all-features	2026-09-12T15:04:52.0632169Z test store::tests::tree::managed_ancestry_accepts_sixty_four_jobs_and_rejects_the_sixty_fifth ... ok
test (windows-latest)	Run cargo test --all-features	2026-09-12T15:04:52.0633196Z 
test (windows-latest)	Run cargo test --all-features	2026-09-12T15:04:52.0633340Z failures:
test (windows-latest)	Run cargo test --all-features	2026-09-12T15:04:52.0633603Z 
test (windows-latest)	Run cargo test --all-features	2026-09-12T15:04:52.0634000Z ---- runner::windows::tests::primary_tree_is_empty_before_postcondition_receives_immutable_result stdout ----
test (windows-latest)	Run cargo test --all-features	2026-09-12T15:04:52.0634445Z 
test (windows-latest)	Run cargo test --all-features	2026-09-12T15:04:52.0635026Z thread 'runner::windows::tests::primary_tree_is_empty_before_postcondition_receives_immutable_result' (7956) panicked at src\runner\windows.rs:1686:9:
test (windows-latest)	Run cargo test --all-features	2026-09-12T15:04:52.0635858Z missing validator result: JobSnapshot {
test (windows-latest)	Run cargo test --all-features	2026-09-12T15:04:52.0636258Z     job_id: JobId {
test (windows-latest)	Run cargo test --all-features	2026-09-12T15:04:52.0636666Z         store_uuid: 01a09624-b637-7363-ac86-e080bf717819,
test (windows-latest)	Run cargo test --all-features	2026-09-12T15:04:52.0637120Z         entity_uuid: 01a09624-b75e-7501-95e4-3668ce9e0a19,
test (windows-latest)	Run cargo test --all-features	2026-09-12T15:04:52.0637470Z     },
test (windows-latest)	Run cargo test --all-features	2026-09-12T15:04:52.0637685Z     submission_id: SubmissionId {
test (windows-latest)	Run cargo test --all-features	2026-09-12T15:04:52.0638353Z         store_uuid: 01a09624-b637-7363-ac86-e080bf717819,
test (windows-latest)	Run cargo test --all-features	2026-09-12T15:04:52.0638778Z         entity_uuid: 01a09624-b74e-7a91-be89-29aa17948de1,
test (windows-latest)	Run cargo test --all-features	2026-09-12T15:04:52.0639093Z     },
test (windows-latest)	Run cargo test --all-features	2026-09-12T15:04:52.0639299Z     batch_id: None,
test (windows-latest)	Run cargo test --all-features	2026-09-12T15:04:52.0639539Z     batch_member: None,
test (windows-latest)	Run cargo test --all-features	2026-09-12T15:04:52.0639767Z     state: Final,
test (windows-latest)	Run cargo test --all-features	2026-09-12T15:04:52.0639990Z     outcome: Some(
test (windows-latest)	Run cargo test --all-features	2026-09-12T15:04:52.0640221Z         TimedOut,
test (windows-latest)	Run cargo test --all-features	2026-09-12T15:04:52.0640451Z     ),
test (windows-latest)	Run cargo test --all-features	2026-09-12T15:04:52.0640635Z     reason_code: None,
test (windows-latest)	Run cargo test --all-features	2026-09-12T15:04:52.0640844Z     attempt_id: Some(
test (windows-latest)	Run cargo test --all-features	2026-09-12T15:04:52.0641073Z         AttemptId {
test (windows-latest)	Run cargo test --all-features	2026-09-12T15:04:52.0641528Z             store_uuid: 01a09624-b637-7363-ac86-e080bf717819,
test (windows-latest)	Run cargo test --all-features	2026-09-12T15:04:52.0641889Z             entity_uuid: 01a09624-b77f-7972-a5d0-8672a7866d58,
test (windows-latest)	Run cargo test --all-features	2026-09-12T15:04:52.0642208Z         },
test (windows-latest)	Run cargo test --all-features	2026-09-12T15:04:52.0642437Z     ),
test (windows-latest)	Run cargo test --all-features	2026-09-12T15:04:52.0642650Z     invocation_id: Some(
test (windows-latest)	Run cargo test --all-features	2026-09-12T15:04:52.0642866Z         InvocationId {
test (windows-latest)	Run cargo test --all-features	2026-09-12T15:04:52.0643433Z             store_uuid: 01a09624-b637-7363-ac86-e080bf717819,
test (windows-latest)	Run cargo test --all-features	2026-09-12T15:04:52.0643844Z             entity_uuid: 01a09624-b77f-7972-a5d0-868f1ab3f74f,
test (windows-latest)	Run cargo test --all-features	2026-09-12T15:04:52.0644127Z         },
test (windows-latest)	Run cargo test --all-features	2026-09-12T15:04:52.0644375Z     ),
test (windows-latest)	Run cargo test --all-features	2026-09-12T15:04:52.0644587Z     containment_id: Some(
test (windows-latest)	Run cargo test --all-features	2026-09-12T15:04:52.0644801Z         ContainmentId {
test (windows-latest)	Run cargo test --all-features	2026-09-12T15:04:52.0645009Z             store_uuid: 01a09624-b637-7363-ac86-e080bf717819,
test (windows-latest)	Run cargo test --all-features	2026-09-12T15:04:52.0645278Z             entity_uuid: 01a09624-b77f-7972-a5d0-86944bafa57e,
test (windows-latest)	Run cargo test --all-features	2026-09-12T15:04:52.0645507Z         },
test (windows-latest)	Run cargo test --all-features	2026-09-12T15:04:52.0645644Z     ),
test (windows-latest)	Run cargo test --all-features	2026-09-12T15:04:52.0645809Z     root_exit_code: Some(
test (windows-latest)	Run cargo test --all-features	2026-09-12T15:04:52.0645972Z         21,
test (windows-latest)	Run cargo test --all-features	2026-09-12T15:04:52.0646161Z     ),
test (windows-latest)	Run cargo test --all-features	2026-09-12T15:04:52.0646373Z     cancel_requested: false,
test (windows-latest)	Run cargo test --all-features	2026-09-12T15:04:52.0646674Z     accepted_unix_millis: 1789225383774,
test (windows-latest)	Run cargo test --all-features	2026-09-12T15:04:52.0646952Z     priority: 0,
test (windows-latest)	Run cargo test --all-features	2026-09-12T15:04:52.0647195Z     effective_priority: None,
test (windows-latest)	Run cargo test --all-features	2026-09-12T15:04:52.0647457Z     queue_rank: None,
test (windows-latest)	Run cargo test --all-features	2026-09-12T15:04:52.0647703Z     reservation: None,
test (windows-latest)	Run cargo test --all-features	2026-09-12T15:04:52.0647932Z     conditions: [],
test (windows-latest)	Run cargo test --all-features	2026-09-12T15:04:52.0648169Z     started_unix_millis: Some(
test (windows-latest)	Run cargo test --all-features	2026-09-12T15:04:52.0648418Z         1789225383840,
test (windows-latest)	Run cargo test --all-features	2026-09-12T15:04:52.0648643Z     ),
test (windows-latest)	Run cargo test --all-features	2026-09-12T15:04:52.0648807Z     finished_unix_millis: Some(
test (windows-latest)	Run cargo test --all-features	2026-09-12T15:04:52.0648986Z         1789225444116,
test (windows-latest)	Run cargo test --all-features	2026-09-12T15:04:52.0649150Z     ),
test (windows-latest)	Run cargo test --all-features	2026-09-12T15:04:52.0649312Z     spec: JobSpec {
test (windows-latest)	Run cargo test --all-features	2026-09-12T15:04:52.0649474Z         spec_version: 4,
test (windows-latest)	Run cargo test --all-features	2026-09-12T15:04:52.0649655Z         priority: 0,
test (windows-latest)	Run cargo test --all-features	2026-09-12T15:04:52.0649959Z         executable: "C:\\Windows\\System32\\WindowsPowerShell\\v1.0\\powershell.exe",
test (windows-latest)	Run cargo test --all-features	2026-09-12T15:04:52.0650324Z         args: [
test (windows-latest)	Run cargo test --all-features	2026-09-12T15:04:52.0650494Z             "-NoLogo",
test (windows-latest)	Run cargo test --all-features	2026-09-12T15:04:52.0650723Z             "-NoProfile",
test (windows-latest)	Run cargo test --all-features	2026-09-12T15:04:52.0650979Z             "-NonInteractive",
test (windows-latest)	Run cargo test --all-features	2026-09-12T15:04:52.0651222Z             "-Command",
test (windows-latest)	Run cargo test --all-features	2026-09-12T15:04:52.0652606Z             "$child = Start-Process -FilePath $PSHOME\\powershell.exe -ArgumentList @('-NoLogo','-NoProfile','-NonInteractive','-Command', '$PID | Set-Content -LiteralPath \"C:\\Users\\RUNNER~1\\AppData\\Local\\Temp\\.tmprGqYon\\grandchild.pid\"; while ($true) { Start-Sleep -Seconds 30 }') -PassThru; while (-not (Test-Path -LiteralPath 'C:\\Users\\RUNNER~1\\AppData\\Local\\Temp\\.tmprGqYon\\grandchild.pid')) { Start-Sleep -Milliseconds 10 }; exit 25",
test (windows-latest)	Run cargo test --all-features	2026-09-12T15:04:52.0653866Z         ],
test (windows-latest)	Run cargo test --all-features	2026-09-12T15:04:52.0654155Z         working_directory: "C:\\Users\\RUNNER~1\\AppData\\Local\\Temp\\.tmprGqYon",
test (windows-latest)	Run cargo test --all-features	2026-09-12T15:04:52.0654482Z         stdin: Eof,
test (windows-latest)	Run cargo test --all-features	2026-09-12T15:04:52.0654670Z         environment: EnvironmentSpec {
test (windows-latest)	Run cargo test --all-features	2026-09-12T15:04:52.0654894Z             set: {},
test (windows-latest)	Run cargo test --all-features	2026-09-12T15:04:52.0655053Z             unset: [],
test (windows-latest)	Run cargo test --all-features	2026-09-12T15:04:52.0655210Z         },
test (windows-latest)	Run cargo test --all-features	2026-09-12T15:04:52.0655366Z         resources: ResourceClaims {
test (windows-latest)	Run cargo test --all-features	2026-09-12T15:04:52.0655585Z             cpu_units: None,
test (windows-latest)	Run cargo test --all-features	2026-09-12T15:04:52.0656048Z             ram_mb: None,
test (windows-latest)	Run cargo test --all-features	2026-09-12T15:04:52.0656263Z             cargo_slots: None,
test (windows-latest)	Run cargo test --all-features	2026-09-12T15:04:52.0656485Z             gpu_slots: None,
test (windows-latest)	Run cargo test --all-features	2026-09-12T15:04:52.0656706Z             custom: {},
test (windows-latest)	Run cargo test --all-features	2026-09-12T15:04:52.0657207Z             shared_fences: [],
test (windows-latest)	Run cargo test --all-features	2026-09-12T15:04:52.0657520Z             exclusive_fences: [],
test (windows-latest)	Run cargo test --all-features	2026-09-12T15:04:52.0657839Z             impacts: [],
test (windows-latest)	Run cargo test --all-features	2026-09-12T15:04:52.0658079Z         },
test (windows-latest)	Run cargo test --all-features	2026-09-12T15:04:52.0658287Z         observed: None,
test (windows-latest)	Run cargo test --all-features	2026-09-12T15:04:52.0658591Z         conditions: [],
test (windows-latest)	Run cargo test --all-features	2026-09-12T15:04:52.0658886Z         retry: RetryPolicy {
test (windows-latest)	Run cargo test --all-features	2026-09-12T15:04:52.0659157Z             max_attempts: 1,
test (windows-latest)	Run cargo test --all-features	2026-09-12T15:04:52.0659614Z             backoff_seconds: 0,
test (windows-latest)	Run cargo test --all-features	2026-09-12T15:04:52.0659893Z             retryable: [],
test (windows-latest)	Run cargo test --all-features	2026-09-12T15:04:52.0660139Z         },
test (windows-latest)	Run cargo test --all-features	2026-09-12T15:04:52.0660427Z         postconditions: [
test (windows-latest)	Run cargo test --all-features	2026-09-12T15:04:52.0660633Z             PostconditionSpec {
test (windows-latest)	Run cargo test --all-features	2026-09-12T15:04:52.0660969Z                 executable: "C:\\Windows\\System32\\WindowsPowerShell\\v1.0\\powershell.exe",
test (windows-latest)	Run cargo test --all-features	2026-09-12T15:04:52.0661321Z                 args: [
test (windows-latest)	Run cargo test --all-features	2026-09-12T15:04:52.0661532Z                     "-NoLogo",
test (windows-latest)	Run cargo test --all-features	2026-09-12T15:04:52.0661733Z                     "-NoProfile",
test (windows-latest)	Run cargo test --all-features	2026-09-12T15:04:52.0661949Z                     "-NonInteractive",
test (windows-latest)	Run cargo test --all-features	2026-09-12T15:04:52.0662173Z                     "-Command",
test (windows-latest)	Run cargo test --all-features	2026-09-12T15:04:52.0664868Z                     "$result = $env:STILLYARD_PRIMARY_RESULT | ConvertFrom-Json; $childPid = [int](Get-Content -LiteralPath 'C:\\Users\\RUNNER~1\\AppData\\Local\\Temp\\.tmprGqYon\\grandchild.pid'); if (Get-Process -Id $childPid -ErrorAction SilentlyContinue) { exit 91 }; $result | ConvertTo-Json -Compress | Set-Content -LiteralPath 'C:\\Users\\RUNNER~1\\AppData\\Local\\Temp\\.tmprGqYon\\primary-result.json'; if ($result.root_exit_code -ne 25 -or $result.verdict -ne 'process_failed' -or $result.containment -ne 'empty') { exit 92 }; exit 0",
test (windows-latest)	Run cargo test --all-features	2026-09-12T15:04:52.0667197Z                 ],
test (windows-latest)	Run cargo test --all-features	2026-09-12T15:04:52.0667473Z                 working_directory: None,
test (windows-latest)	Run cargo test --all-features	2026-09-12T15:04:52.0667814Z                 accepted_exit_codes: [
test (windows-latest)	Run cargo test --all-features	2026-09-12T15:04:52.0668118Z                     0,
test (windows-latest)	Run cargo test --all-features	2026-09-12T15:04:52.0668351Z                 ],
test (windows-latest)	Run cargo test --all-features	2026-09-12T15:04:52.0668616Z                 retryable_exit_codes: [],
test (windows-latest)	Run cargo test --all-features	2026-09-12T15:04:52.0668922Z             },
test (windows-latest)	Run cargo test --all-features	2026-09-12T15:04:52.0669127Z         ],
test (windows-latest)	Run cargo test --all-features	2026-09-12T15:04:52.0669337Z         labels: [],
test (windows-latest)	Run cargo test --all-features	2026-09-12T15:04:52.0669599Z         expected_duration_seconds: Some(
test (windows-latest)	Run cargo test --all-features	2026-09-12T15:04:52.0669926Z             1,
test (windows-latest)	Run cargo test --all-features	2026-09-12T15:04:52.0670137Z         ),
test (windows-latest)	Run cargo test --all-features	2026-09-12T15:04:52.0670367Z         timeout_seconds: Some(
test (windows-latest)	Run cargo test --all-features	2026-09-12T15:04:52.0670632Z             60,
test (windows-latest)	Run cargo test --all-features	2026-09-12T15:04:52.0670856Z         ),
test (windows-latest)	Run cargo test --all-features	2026-09-12T15:04:52.0671074Z         quiet: None,
test (windows-latest)	Run cargo test --all-features	2026-09-12T15:04:52.0671323Z         artifacts: [],
test (windows-latest)	Run cargo test --all-features	2026-09-12T15:04:52.0671602Z         child_submission_policy: None,
test (windows-latest)	Run cargo test --all-features	2026-09-12T15:04:52.0671902Z     },
test (windows-latest)	Run cargo test --all-features	2026-09-12T15:04:52.0672127Z     parent: None,
test (windows-latest)	Run cargo test --all-features	2026-09-12T15:04:52.0672400Z     managed_policy_admission: None,
test (windows-latest)	Run cargo test --all-features	2026-09-12T15:04:52.0672728Z     blockers: [],
test (windows-latest)	Run cargo test --all-features	2026-09-12T15:04:52.0672994Z     attempts: [
test (windows-latest)	Run cargo test --all-features	2026-09-12T15:04:52.0673260Z         AttemptSnapshot {
test (windows-latest)	Run cargo test --all-features	2026-09-12T15:04:52.0673575Z             attempt_id: AttemptId {
test (windows-latest)	Run cargo test --all-features	2026-09-12T15:04:52.0673964Z                 store_uuid: 01a09624-b637-7363-ac86-e080bf717819,
test (windows-latest)	Run cargo test --all-features	2026-09-12T15:04:52.0674538Z                 entity_uuid: 01a09624-b77f-7972-a5d0-8672a7866d58,
test (windows-latest)	Run cargo test --all-features	2026-09-12T15:04:52.0674921Z             },
test (windows-latest)	Run cargo test --all-features	2026-09-12T15:04:52.0675167Z             attempt_index: 1,
test (windows-latest)	Run cargo test --all-features	2026-09-12T15:04:52.0675435Z             verdict: Some(
test (windows-latest)	Run cargo test --all-features	2026-09-12T15:04:52.0675752Z                 TimedOut,
test (windows-latest)	Run cargo test --all-features	2026-09-12T15:04:52.0675938Z             ),
test (windows-latest)	Run cargo test --all-features	2026-09-12T15:04:52.0676125Z             reason_code: None,
test (windows-latest)	Run cargo test --all-features	2026-09-12T15:04:52.0676359Z             created_unix_millis: 1789225383806,
test (windows-latest)	Run cargo test --all-features	2026-09-12T15:04:52.0676607Z             started_unix_millis: Some(
test (windows-latest)	Run cargo test --all-features	2026-09-12T15:04:52.0676826Z                 1789225383806,
test (windows-latest)	Run cargo test --all-features	2026-09-12T15:04:52.0677012Z             ),
test (windows-latest)	Run cargo test --all-features	2026-09-12T15:04:52.0677193Z             deadline_unix_millis: Some(
test (windows-latest)	Run cargo test --all-features	2026-09-12T15:04:52.0677686Z                 1789225443806,
test (windows-latest)	Run cargo test --all-features	2026-09-12T15:04:52.0677874Z             ),
test (windows-latest)	Run cargo test --all-features	2026-09-12T15:04:52.0678050Z             finished_unix_millis: Some(
test (windows-latest)	Run cargo test --all-features	2026-09-12T15:04:52.0678260Z                 1789225444116,
test (windows-latest)	Run cargo test --all-features	2026-09-12T15:04:52.0678447Z             ),
test (windows-latest)	Run cargo test --all-features	2026-09-12T15:04:52.0678624Z             primary_result: Some(
test (windows-latest)	Run cargo test --all-features	2026-09-12T15:04:52.0678869Z                 PrimaryInvocationResult {
test (windows-latest)	Run cargo test --all-features	2026-09-12T15:04:52.0679105Z                     schema_version: 1,
test (windows-latest)	Run cargo test --all-features	2026-09-12T15:04:52.0679327Z                     job_id: JobId {
test (windows-latest)	Run cargo test --all-features	2026-09-12T15:04:52.0679581Z                         store_uuid: 01a09624-b637-7363-ac86-e080bf717819,
test (windows-latest)	Run cargo test --all-features	2026-09-12T15:04:52.0680008Z                         entity_uuid: 01a09624-b75e-7501-95e4-3668ce9e0a19,
test (windows-latest)	Run cargo test --all-features	2026-09-12T15:04:52.0680277Z                     },
test (windows-latest)	Run cargo test --all-features	2026-09-12T15:04:52.0680470Z                     attempt_id: AttemptId {
test (windows-latest)	Run cargo test --all-features	2026-09-12T15:04:52.0680735Z                         store_uuid: 01a09624-b637-7363-ac86-e080bf717819,
test (windows-latest)	Run cargo test --all-features	2026-09-12T15:04:52.0681520Z                         entity_uuid: 01a09624-b77f-7972-a5d0-8672a7866d58,
test (windows-latest)	Run cargo test --all-features	2026-09-12T15:04:52.0681879Z                     },
test (windows-latest)	Run cargo test --all-features	2026-09-12T15:04:52.0682274Z                     invocation_id: InvocationId {
test (windows-latest)	Run cargo test --all-features	2026-09-12T15:04:52.0682641Z                         store_uuid: 01a09624-b637-7363-ac86-e080bf717819,
test (windows-latest)	Run cargo test --all-features	2026-09-12T15:04:52.0683064Z                         entity_uuid: 01a09624-b77f-7972-a5d0-868f1ab3f74f,
test (windows-latest)	Run cargo test --all-features	2026-09-12T15:04:52.0683365Z                     },
test (windows-latest)	Run cargo test --all-features	2026-09-12T15:04:52.0683628Z                     verdict: TimedOut,
test (windows-latest)	Run cargo test --all-features	2026-09-12T15:04:52.0683922Z                     root_exit_code: Some(
test (windows-latest)	Run cargo test --all-features	2026-09-12T15:04:52.0684217Z                         21,
test (windows-latest)	Run cargo test --all-features	2026-09-12T15:04:52.0684437Z                     ),
test (windows-latest)	Run cargo test --all-features	2026-09-12T15:04:52.0684664Z                     termination: Timeout,
test (windows-latest)	Run cargo test --all-features	2026-09-12T15:04:52.0684965Z                     containment: Empty,
test (windows-latest)	Run cargo test --all-features	2026-09-12T15:04:52.0685245Z                     started_unix_millis: Some(
test (windows-latest)	Run cargo test --all-features	2026-09-12T15:04:52.0685551Z                         1789225383840,
test (windows-latest)	Run cargo test --all-features	2026-09-12T15:04:52.0685825Z                     ),
test (windows-latest)	Run cargo test --all-features	2026-09-12T15:04:52.0686022Z                     exited_unix_millis: Some(
test (windows-latest)	Run cargo test --all-features	2026-09-12T15:04:52.0686313Z                         1789225443895,
test (windows-latest)	Run cargo test --all-features	2026-09-12T15:04:52.0686636Z                     ),
test (windows-latest)	Run cargo test --all-features	2026-09-12T15:04:52.0686972Z                     resolved_unix_millis: 1789225444084,
test (windows-latest)	Run cargo test --all-features	2026-09-12T15:04:52.0687685Z                 },
test (windows-latest)	Run cargo test --all-features	2026-09-12T15:04:52.0687898Z             ),
test (windows-latest)	Run cargo test --all-features	2026-09-12T15:04:52.0688077Z             admission: None,
test (windows-latest)	Run cargo test --all-features	2026-09-12T15:04:52.0688354Z             invocations: [
test (windows-latest)	Run cargo test --all-features	2026-09-12T15:04:52.0688614Z                 InvocationSnapshot {
test (windows-latest)	Run cargo test --all-features	2026-09-12T15:04:52.0688848Z                     invocation_id: InvocationId {
test (windows-latest)	Run cargo test --all-features	2026-09-12T15:04:52.0689125Z                         store_uuid: 01a09624-b637-7363-ac86-e080bf717819,
test (windows-latest)	Run cargo test --all-features	2026-09-12T15:04:52.0689430Z                         entity_uuid: 01a09624-b77f-7972-a5d0-868f1ab3f74f,
test (windows-latest)	Run cargo test --all-features	2026-09-12T15:04:52.0689702Z                     },
test (windows-latest)	Run cargo test --all-features	2026-09-12T15:04:52.0689908Z                     role: Primary,
test (windows-latest)	Run cargo test --all-features	2026-09-12T15:04:52.0690120Z                     role_index: 0,
test (windows-latest)	Run cargo test --all-features	2026-09-12T15:04:52.0690334Z                     state: Resolved,
test (windows-latest)	Run cargo test --all-features	2026-09-12T15:04:52.0690547Z                     root_pid: Some(
test (windows-latest)	Run cargo test --all-features	2026-09-12T15:04:52.0690754Z                         7488,
test (windows-latest)	Run cargo test --all-features	2026-09-12T15:04:52.0690941Z                     ),
test (windows-latest)	Run cargo test --all-features	2026-09-12T15:04:52.0691123Z                     root_identity: Some(
test (windows-latest)	Run cargo test --all-features	2026-09-12T15:04:52.0691342Z                         Windows {
test (windows-latest)	Run cargo test --all-features	2026-09-12T15:04:52.0691556Z                             host_id: HostId(
test (windows-latest)	Run cargo test --all-features	2026-09-12T15:04:52.0691908Z                                 "sha256:4b1385ee2e4629b0eb6289edd498c9eecc63da45dfa24349f3e6a645beddc8db",
test (windows-latest)	Run cargo test --all-features	2026-09-12T15:04:52.0692291Z                             ),
test (windows-latest)	Run cargo test --all-features	2026-09-12T15:04:52.0692497Z                             boot_id: BootId(
test (windows-latest)	Run cargo test --all-features	2026-09-12T15:04:52.0692753Z                                 "780fd440-93d2-11f1-990e-3833c5d60e55",
test (windows-latest)	Run cargo test --all-features	2026-09-12T15:04:52.0693005Z                             ),
test (windows-latest)	Run cargo test --all-features	2026-09-12T15:04:52.0693204Z                             pid: 7488,
test (windows-latest)	Run cargo test --all-features	2026-09-12T15:04:52.0693679Z                             creation_filetime_100ns: 134336989838390088,
test (windows-latest)	Run cargo test --all-features	2026-09-12T15:04:52.0693937Z                         },
test (windows-latest)	Run cargo test --all-features	2026-09-12T15:04:52.0694124Z                     ),
test (windows-latest)	Run cargo test --all-features	2026-09-12T15:04:52.0694316Z                     root_exit_code: Some(
test (windows-latest)	Run cargo test --all-features	2026-09-12T15:04:52.0694531Z                         21,
test (windows-latest)	Run cargo test --all-features	2026-09-12T15:04:52.0694732Z                     ),
test (windows-latest)	Run cargo test --all-features	2026-09-12T15:04:52.0694929Z                     exit_classification: None,
test (windows-latest)	Run cargo test --all-features	2026-09-12T15:04:52.0695182Z                     executable_hash: Some(
test (windows-latest)	Run cargo test --all-features	2026-09-12T15:04:52.0695523Z                         "f1f0ba58b157a1e4509d67f49266be9c94c463636c76d368e375a235cbaeee1d",
test (windows-latest)	Run cargo test --all-features	2026-09-12T15:04:52.0695950Z                     ),
test (windows-latest)	Run cargo test --all-features	2026-09-12T15:04:52.0696134Z                     daemon_generation: Some(
test (windows-latest)	Run cargo test --all-features	2026-09-12T15:04:52.0696386Z                         01a09624-b73b-7802-a73a-3940e872571b,
test (windows-latest)	Run cargo test --all-features	2026-09-12T15:04:52.0696625Z                     ),
test (windows-latest)	Run cargo test --all-features	2026-09-12T15:04:52.0696819Z                     started_unix_millis: Some(
test (windows-latest)	Run cargo test --all-features	2026-09-12T15:04:52.0697056Z                         1789225383840,
test (windows-latest)	Run cargo test --all-features	2026-09-12T15:04:52.0697258Z                     ),
test (windows-latest)	Run cargo test --all-features	2026-09-12T15:04:52.0697451Z                     finished_unix_millis: Some(
test (windows-latest)	Run cargo test --all-features	2026-09-12T15:04:52.0697686Z                         1789225444084,
test (windows-latest)	Run cargo test --all-features	2026-09-12T15:04:52.0698004Z                     ),
test (windows-latest)	Run cargo test --all-features	2026-09-12T15:04:52.0698315Z                     containment: ContainmentSnapshot {
test (windows-latest)	Run cargo test --all-features	2026-09-12T15:04:52.0698589Z                         containment_id: ContainmentId {
test (windows-latest)	Run cargo test --all-features	2026-09-12T15:04:52.0698875Z                             store_uuid: 01a09624-b637-7363-ac86-e080bf717819,
test (windows-latest)	Run cargo test --all-features	2026-09-12T15:04:52.0699194Z                             entity_uuid: 01a09624-b77f-7972-a5d0-86944bafa57e,
test (windows-latest)	Run cargo test --all-features	2026-09-12T15:04:52.0699466Z                         },
test (windows-latest)	Run cargo test --all-features	2026-09-12T15:04:52.0699662Z                         state: Empty,
test (windows-latest)	Run cargo test --all-features	2026-09-12T15:04:52.0699895Z                         strength: "windows_job_object",
test (windows-latest)	Run cargo test --all-features	2026-09-12T15:04:52.0700138Z                         incident_id: None,
test (windows-latest)	Run cargo test --all-features	2026-09-12T15:04:52.0700363Z                         incident: None,
test (windows-latest)	Run cargo test --all-features	2026-09-12T15:04:52.0700597Z                         resolution: None,
test (windows-latest)	Run cargo test --all-features	2026-09-12T15:04:52.0700828Z                         resolution_audit: None,
test (windows-latest)	Run cargo test --all-features	2026-09-12T15:04:52.0701047Z                     },
test (windows-latest)	Run cargo test --all-features	2026-09-12T15:04:52.0701502Z                     stdout_tail: "",
test (windows-latest)	Run cargo test --all-features	2026-09-12T15:04:52.0701781Z                     stderr_tail: "",
test (windows-latest)	Run cargo test --all-features	2026-09-12T15:04:52.0701985Z                 },
test (windows-latest)	Run cargo test --all-features	2026-09-12T15:04:52.0702154Z             ],
test (windows-latest)	Run cargo test --all-features	2026-09-12T15:04:52.0702320Z         },
test (windows-latest)	Run cargo test --all-features	2026-09-12T15:04:52.0702481Z     ],
test (windows-latest)	Run cargo test --all-features	2026-09-12T15:04:52.0702699Z     allocations: [
test (windows-latest)	Run cargo test --all-features	2026-09-12T15:04:52.0702955Z         NativeAllocationSnapshot {
test (windows-latest)	Run cargo test --all-features	2026-09-12T15:04:52.0703290Z             grant_id: GrantId {
test (windows-latest)	Run cargo test --all-features	2026-09-12T15:04:52.0703527Z                 store_uuid: 01a09624-b637-7363-ac86-e080bf717819,
test (windows-latest)	Run cargo test --all-features	2026-09-12T15:04:52.0703826Z                 entity_uuid: 01a09624-b77f-7972-a5d0-86a4f4022305,
test (windows-latest)	Run cargo test --all-features	2026-09-12T15:04:52.0704078Z             },
test (windows-latest)	Run cargo test --all-features	2026-09-12T15:04:52.0704283Z             lease_id: 01a09624-b77f-7972-a5d0-86a4f4022305,
test (windows-latest)	Run cargo test --all-features	2026-09-12T15:04:52.0704528Z             key: None,
test (windows-latest)	Run cargo test --all-features	2026-09-12T15:04:52.0704707Z             owner: Work {
test (windows-latest)	Run cargo test --all-features	2026-09-12T15:04:52.0704901Z                 job_id: JobId {
test (windows-latest)	Run cargo test --all-features	2026-09-12T15:04:52.0705138Z                     store_uuid: 01a09624-b637-7363-ac86-e080bf717819,
test (windows-latest)	Run cargo test --all-features	2026-09-12T15:04:52.0705440Z                     entity_uuid: 01a09624-b75e-7501-95e4-3668ce9e0a19,
test (windows-latest)	Run cargo test --all-features	2026-09-12T15:04:52.0705713Z                 },
test (windows-latest)	Run cargo test --all-features	2026-09-12T15:04:52.0705896Z                 attempt_id: AttemptId {
test (windows-latest)	Run cargo test --all-features	2026-09-12T15:04:52.0706158Z                     store_uuid: 01a09624-b637-7363-ac86-e080bf717819,
test (windows-latest)	Run cargo test --all-features	2026-09-12T15:04:52.0706455Z                     entity_uuid: 01a09624-b77f-7972-a5d0-8672a7866d58,
test (windows-latest)	Run cargo test --all-features	2026-09-12T15:04:52.0706716Z                 },
test (windows-latest)	Run cargo test --all-features	2026-09-12T15:04:52.0706878Z             },
test (windows-latest)	Run cargo test --all-features	2026-09-12T15:04:52.0707049Z             state: Released,
test (windows-latest)	Run cargo test --all-features	2026-09-12T15:04:52.0707247Z             claims: Claims {
test (windows-latest)	Run cargo test --all-features	2026-09-12T15:04:52.0707480Z                 scalars: {
test (windows-latest)	Run cargo test --all-features	2026-09-12T15:04:52.0707945Z                     "cargo_slots": 0,
test (windows-latest)	Run cargo test --all-features	2026-09-12T15:04:52.0708251Z                     "cpu_units": 0,
test (windows-latest)	Run cargo test --all-features	2026-09-12T15:04:52.0708461Z                     "gpu_slots": 0,
test (windows-latest)	Run cargo test --all-features	2026-09-12T15:04:52.0708666Z                     "ram_mb": 0,
test (windows-latest)	Run cargo test --all-features	2026-09-12T15:04:52.0708859Z                 },
test (windows-latest)	Run cargo test --all-features	2026-09-12T15:04:52.0709037Z                 shared_fences: [],
test (windows-latest)	Run cargo test --all-features	2026-09-12T15:04:52.0709256Z                 exclusive_fences: [],
test (windows-latest)	Run cargo test --all-features	2026-09-12T15:04:52.0709468Z                 impacts: [],
test (windows-latest)	Run cargo test --all-features	2026-09-12T15:04:52.0709653Z             },
test (windows-latest)	Run cargo test --all-features	2026-09-12T15:04:52.0709811Z         },
test (windows-latest)	Run cargo test --all-features	2026-09-12T15:04:52.0709961Z     ],
test (windows-latest)	Run cargo test --all-features	2026-09-12T15:04:52.0710125Z     gpu_provenance: None,
test (windows-latest)	Run cargo test --all-features	2026-09-12T15:04:52.0710420Z     admission: None,
test (windows-latest)	Run cargo test --all-features	2026-09-12T15:04:52.0710660Z     daemon_generation: 01a09624-b73b-7802-a73a-3940e872571b,
test (windows-latest)	Run cargo test --all-features	2026-09-12T15:04:52.0710926Z }
test (windows-latest)	Run cargo test --all-features	2026-09-12T15:04:52.0711186Z note: run with `RUST_BACKTRACE=1` environment variable to display a backtrace
test (windows-latest)	Run cargo test --all-features	2026-09-12T15:04:52.0711429Z 
test (windows-latest)	Run cargo test --all-features	2026-09-12T15:04:52.0711436Z 
test (windows-latest)	Run cargo test --all-features	2026-09-12T15:04:52.0711518Z failures:
test (windows-latest)	Run cargo test --all-features	2026-09-12T15:04:52.0711839Z     runner::windows::tests::primary_tree_is_empty_before_postcondition_receives_immutable_result
test (windows-latest)	Run cargo test --all-features	2026-09-12T15:04:52.0712142Z 
test (windows-latest)	Run cargo test --all-features	2026-09-12T15:04:52.0712814Z ^[[1m^[[91merror^[[0m: test failed, to rerun pass `--lib`
test (windows-latest)	Run cargo test --all-features	2026-09-12T15:04:52.0713225Z test result: FAILED. 298 passed; 1 failed; 4 ignored; 0 measured; 0 filtered out; finished in 119.51s
test (windows-latest)	Run cargo test --all-features	2026-09-12T15:04:52.0713539Z 
test (windows-latest)	Run cargo test --all-features	2026-09-12T15:04:52.1710543Z ##[error]Process completed with exit code 1.
