test (windows-latest)	Run cargo test --all-features	﻿2026-09-12T14:55:56.6433789Z ##[group]Run cargo test --all-features
test (windows-latest)	Run cargo test --all-features	2026-09-12T14:55:56.6434143Z ^[[36;1mcargo test --all-features^[[0m
test (windows-latest)	Run cargo test --all-features	2026-09-12T14:55:56.6489024Z shell: C:\Program Files\PowerShell\7\pwsh.EXE -command ". '{0}'"
test (windows-latest)	Run cargo test --all-features	2026-09-12T14:55:56.6489317Z env:
test (windows-latest)	Run cargo test --all-features	2026-09-12T14:55:56.6489491Z   CARGO_HOME: C:\Users\runneradmin\.cargo
test (windows-latest)	Run cargo test --all-features	2026-09-12T14:55:56.6489718Z   CARGO_INCREMENTAL: 0
test (windows-latest)	Run cargo test --all-features	2026-09-12T14:55:56.6489891Z   CARGO_TERM_COLOR: always
test (windows-latest)	Run cargo test --all-features	2026-09-12T14:55:56.6490067Z ##[endgroup]
test (windows-latest)	Run cargo test --all-features	2026-09-12T14:55:57.0655892Z ^[[1m^[[92m   Compiling^[[0m windows-link v0.2.1
test (windows-latest)	Run cargo test --all-features	2026-09-12T14:55:57.0657793Z ^[[1m^[[92m   Compiling^[[0m cfg-if v1.0.4
test (windows-latest)	Run cargo test --all-features	2026-09-12T14:55:57.0666183Z ^[[1m^[[92m   Compiling^[[0m strsim v0.11.1
test (windows-latest)	Run cargo test --all-features	2026-09-12T14:55:57.0670717Z ^[[1m^[[92m   Compiling^[[0m typenum v1.20.1
test (windows-latest)	Run cargo test --all-features	2026-09-12T14:55:57.1744806Z ^[[1m^[[92m   Compiling^[[0m windows-sys v0.61.2
test (windows-latest)	Run cargo test --all-features	2026-09-12T14:55:57.1748829Z ^[[1m^[[92m   Compiling^[[0m smallvec v1.15.2
test (windows-latest)	Run cargo test --all-features	2026-09-12T14:55:57.3881834Z ^[[1m^[[92m   Compiling^[[0m foldhash v0.1.5
test (windows-latest)	Run cargo test --all-features	2026-09-12T14:55:57.5507228Z ^[[1m^[[92m   Compiling^[[0m equivalent v1.0.2
test (windows-latest)	Run cargo test --all-features	2026-09-12T14:55:57.6048552Z ^[[1m^[[92m   Compiling^[[0m allocator-api2 v0.2.21
test (windows-latest)	Run cargo test --all-features	2026-09-12T14:55:57.6608398Z ^[[1m^[[92m   Compiling^[[0m darling_core v0.20.11
test (windows-latest)	Run cargo test --all-features	2026-09-12T14:55:57.9666409Z ^[[1m^[[92m   Compiling^[[0m generic-array v0.14.7
test (windows-latest)	Run cargo test --all-features	2026-09-12T14:55:58.0152889Z ^[[1m^[[92m   Compiling^[[0m hashbrown v0.15.5
test (windows-latest)	Run cargo test --all-features	2026-09-12T14:55:58.6401497Z ^[[1m^[[92m   Compiling^[[0m serde_core v1.0.229
test (windows-latest)	Run cargo test --all-features	2026-09-12T14:55:58.6620432Z ^[[1m^[[92m   Compiling^[[0m winapi v0.3.9
test (windows-latest)	Run cargo test --all-features	2026-09-12T14:56:00.9847917Z ^[[1m^[[92m   Compiling^[[0m utf8parse v0.2.2
test (windows-latest)	Run cargo test --all-features	2026-09-12T14:56:01.0571191Z ^[[1m^[[92m   Compiling^[[0m scopeguard v1.2.0
test (windows-latest)	Run cargo test --all-features	2026-09-12T14:56:01.0921079Z ^[[1m^[[92m   Compiling^[[0m anstyle v1.0.14
test (windows-latest)	Run cargo test --all-features	2026-09-12T14:56:01.1213671Z ^[[1m^[[92m   Compiling^[[0m itoa v1.0.18
test (windows-latest)	Run cargo test --all-features	2026-09-12T14:56:01.3042721Z ^[[1m^[[92m   Compiling^[[0m once_cell_polyfill v1.70.2
test (windows-latest)	Run cargo test --all-features	2026-09-12T14:56:01.3065661Z ^[[1m^[[92m   Compiling^[[0m lock_api v0.4.14
test (windows-latest)	Run cargo test --all-features	2026-09-12T14:56:01.3763035Z ^[[1m^[[92m   Compiling^[[0m anstyle-parse v1.0.0
test (windows-latest)	Run cargo test --all-features	2026-09-12T14:56:01.4545436Z ^[[1m^[[92m   Compiling^[[0m darling_macro v0.20.11
test (windows-latest)	Run cargo test --all-features	2026-09-12T14:56:01.5331706Z ^[[1m^[[92m   Compiling^[[0m getrandom v0.4.3
test (windows-latest)	Run cargo test --all-features	2026-09-12T14:56:01.5420703Z ^[[1m^[[92m   Compiling^[[0m parking_lot_core v0.9.12
test (windows-latest)	Run cargo test --all-features	2026-09-12T14:56:01.6918627Z ^[[1m^[[92m   Compiling^[[0m crypto-common v0.1.7
test (windows-latest)	Run cargo test --all-features	2026-09-12T14:56:01.8167165Z ^[[1m^[[92m   Compiling^[[0m block-buffer v0.10.4
test (windows-latest)	Run cargo test --all-features	2026-09-12T14:56:01.8299776Z ^[[1m^[[92m   Compiling^[[0m colorchoice v1.0.5
test (windows-latest)	Run cargo test --all-features	2026-09-12T14:56:01.9041456Z ^[[1m^[[92m   Compiling^[[0m either v1.18.0
test (windows-latest)	Run cargo test --all-features	2026-09-12T14:56:01.9092004Z ^[[1m^[[92m   Compiling^[[0m bitflags v2.13.1
test (windows-latest)	Run cargo test --all-features	2026-09-12T14:56:01.9364636Z ^[[1m^[[92m   Compiling^[[0m subtle v2.6.1
test (windows-latest)	Run cargo test --all-features	2026-09-12T14:56:02.1006432Z ^[[1m^[[92m   Compiling^[[0m is_terminal_polyfill v1.70.2
test (windows-latest)	Run cargo test --all-features	2026-09-12T14:56:02.1199087Z ^[[1m^[[92m   Compiling^[[0m itertools v0.13.0
test (windows-latest)	Run cargo test --all-features	2026-09-12T14:56:02.1360889Z ^[[1m^[[92m   Compiling^[[0m digest v0.10.7
test (windows-latest)	Run cargo test --all-features	2026-09-12T14:56:02.1610808Z ^[[1m^[[92m   Compiling^[[0m darling v0.20.11
test (windows-latest)	Run cargo test --all-features	2026-09-12T14:56:02.2209912Z ^[[1m^[[92m   Compiling^[[0m parking_lot v0.12.5
test (windows-latest)	Run cargo test --all-features	2026-09-12T14:56:02.3366935Z ^[[1m^[[92m   Compiling^[[0m zmij v1.0.23
test (windows-latest)	Run cargo test --all-features	2026-09-12T14:56:02.7508892Z ^[[1m^[[92m   Compiling^[[0m crossterm_winapi v0.9.1
test (windows-latest)	Run cargo test --all-features	2026-09-12T14:56:02.9031592Z ^[[1m^[[92m   Compiling^[[0m castaway v0.2.4
test (windows-latest)	Run cargo test --all-features	2026-09-12T14:56:03.0066708Z ^[[1m^[[92m   Compiling^[[0m ryu v1.0.23
test (windows-latest)	Run cargo test --all-features	2026-09-12T14:56:03.1426865Z ^[[1m^[[92m   Compiling^[[0m static_assertions v1.1.0
test (windows-latest)	Run cargo test --all-features	2026-09-12T14:56:03.1899219Z ^[[1m^[[92m   Compiling^[[0m memchr v2.8.3
test (windows-latest)	Run cargo test --all-features	2026-09-12T14:56:03.2029798Z ^[[1m^[[92m   Compiling^[[0m unicode-segmentation v1.13.3
test (windows-latest)	Run cargo test --all-features	2026-09-12T14:56:03.7493734Z ^[[1m^[[92m   Compiling^[[0m anstyle-wincon v3.0.11
test (windows-latest)	Run cargo test --all-features	2026-09-12T14:56:03.7693909Z ^[[1m^[[92m   Compiling^[[0m anstyle-query v1.1.5
test (windows-latest)	Run cargo test --all-features	2026-09-12T14:56:03.9156679Z ^[[1m^[[92m   Compiling^[[0m anstream v1.0.0
test (windows-latest)	Run cargo test --all-features	2026-09-12T14:56:04.0378431Z ^[[1m^[[92m   Compiling^[[0m clap_lex v1.1.0
test (windows-latest)	Run cargo test --all-features	2026-09-12T14:56:04.2506790Z ^[[1m^[[92m   Compiling^[[0m unicode-width v0.1.14
test (windows-latest)	Run cargo test --all-features	2026-09-12T14:56:04.3180990Z ^[[1m^[[92m   Compiling^[[0m option-ext v0.2.0
test (windows-latest)	Run cargo test --all-features	2026-09-12T14:56:04.3518334Z ^[[1m^[[92m   Compiling^[[0m clap_builder v4.6.6
test (windows-latest)	Run cargo test --all-features	2026-09-12T14:56:04.3739204Z ^[[1m^[[92m   Compiling^[[0m dirs-sys v0.5.0
test (windows-latest)	Run cargo test --all-features	2026-09-12T14:56:04.4796017Z ^[[1m^[[92m   Compiling^[[0m unicode-truncate v1.1.0
test (windows-latest)	Run cargo test --all-features	2026-09-12T14:56:04.5019352Z ^[[1m^[[92m   Compiling^[[0m serde_json v1.0.151
test (windows-latest)	Run cargo test --all-features	2026-09-12T14:56:04.5944455Z ^[[1m^[[92m   Compiling^[[0m instability v0.3.10
test (windows-latest)	Run cargo test --all-features	2026-09-12T14:56:04.6043588Z ^[[1m^[[92m   Compiling^[[0m compact_str v0.8.2
test (windows-latest)	Run cargo test --all-features	2026-09-12T14:56:05.2641366Z ^[[1m^[[92m   Compiling^[[0m ref-cast v1.0.27
test (windows-latest)	Run cargo test --all-features	2026-09-12T14:56:05.3286470Z ^[[1m^[[92m   Compiling^[[0m serde v1.0.229
test (windows-latest)	Run cargo test --all-features	2026-09-12T14:56:05.4751706Z ^[[1m^[[92m   Compiling^[[0m crossterm v0.28.1
test (windows-latest)	Run cargo test --all-features	2026-09-12T14:56:06.0540581Z ^[[1m^[[92m   Compiling^[[0m strum v0.26.3
test (windows-latest)	Run cargo test --all-features	2026-09-12T14:56:06.1487149Z ^[[1m^[[92m   Compiling^[[0m libsqlite3-sys v0.35.0
test (windows-latest)	Run cargo test --all-features	2026-09-12T14:56:06.3600793Z ^[[1m^[[92m   Compiling^[[0m uuid v1.26.0
test (windows-latest)	Run cargo test --all-features	2026-09-12T14:56:06.4295427Z ^[[1m^[[92m   Compiling^[[0m hashlink v0.10.0
test (windows-latest)	Run cargo test --all-features	2026-09-12T14:56:06.7840364Z ^[[1m^[[92m   Compiling^[[0m lru v0.12.5
test (windows-latest)	Run cargo test --all-features	2026-09-12T14:56:06.9246887Z ^[[1m^[[92m   Compiling^[[0m unicode-width v0.2.0
test (windows-latest)	Run cargo test --all-features	2026-09-12T14:56:07.0155471Z ^[[1m^[[92m   Compiling^[[0m cassowary v0.3.0
test (windows-latest)	Run cargo test --all-features	2026-09-12T14:56:07.0594530Z ^[[1m^[[92m   Compiling^[[0m fallible-iterator v0.3.0
test (windows-latest)	Run cargo test --all-features	2026-09-12T14:56:07.1873089Z ^[[1m^[[92m   Compiling^[[0m dyn-clone v1.0.20
test (windows-latest)	Run cargo test --all-features	2026-09-12T14:56:07.3099654Z ^[[1m^[[92m   Compiling^[[0m fallible-streaming-iterator v0.1.9
test (windows-latest)	Run cargo test --all-features	2026-09-12T14:56:07.4193397Z ^[[1m^[[92m   Compiling^[[0m cpufeatures v0.2.17
test (windows-latest)	Run cargo test --all-features	2026-09-12T14:56:07.4349094Z ^[[1m^[[92m   Compiling^[[0m rusqlite v0.37.0
test (windows-latest)	Run cargo test --all-features	2026-09-12T14:56:07.4636976Z ^[[1m^[[92m   Compiling^[[0m sha2 v0.10.9
test (windows-latest)	Run cargo test --all-features	2026-09-12T14:56:07.8933378Z ^[[1m^[[92m   Compiling^[[0m schemars v1.2.2
test (windows-latest)	Run cargo test --all-features	2026-09-12T14:56:07.9985130Z ^[[1m^[[92m   Compiling^[[0m ratatui v0.29.0
test (windows-latest)	Run cargo test --all-features	2026-09-12T14:56:09.5730934Z ^[[1m^[[92m   Compiling^[[0m thiserror v2.0.20
test (windows-latest)	Run cargo test --all-features	2026-09-12T14:56:09.6476151Z ^[[1m^[[92m   Compiling^[[0m clap v4.6.6
test (windows-latest)	Run cargo test --all-features	2026-09-12T14:56:09.7133202Z ^[[1m^[[92m   Compiling^[[0m directories v6.0.0
test (windows-latest)	Run cargo test --all-features	2026-09-12T14:56:09.8887396Z ^[[1m^[[92m   Compiling^[[0m hmac v0.12.1
test (windows-latest)	Run cargo test --all-features	2026-09-12T14:56:09.9901171Z ^[[1m^[[92m   Compiling^[[0m fs2 v0.4.3
test (windows-latest)	Run cargo test --all-features	2026-09-12T14:56:10.2028965Z ^[[1m^[[92m   Compiling^[[0m libloading v0.8.9
test (windows-latest)	Run cargo test --all-features	2026-09-12T14:56:10.4439393Z ^[[1m^[[92m   Compiling^[[0m fastrand v2.5.0
test (windows-latest)	Run cargo test --all-features	2026-09-12T14:56:10.6221703Z ^[[1m^[[92m   Compiling^[[0m once_cell v1.21.4
test (windows-latest)	Run cargo test --all-features	2026-09-12T14:56:10.6927570Z ^[[1m^[[92m   Compiling^[[0m stillyard v0.1.0-alpha.20 (D:\a\stillyard\stillyard)
test (windows-latest)	Run cargo test --all-features	2026-09-12T14:56:10.8222548Z ^[[1m^[[92m   Compiling^[[0m tempfile v3.27.0
test (windows-latest)	Run cargo test --all-features	2026-09-12T14:56:58.4935762Z ^[[1m^[[92m    Finished^[[0m `test` profile [unoptimized + debuginfo] target(s) in 1m 01s
test (windows-latest)	Run cargo test --all-features	2026-09-12T14:56:58.5028099Z ^[[1m^[[92m     Running^[[0m unittests src\lib.rs (target\debug\deps\stillyard-7ae8bffc447c6658.exe)
test (windows-latest)	Run cargo test --all-features	2026-09-12T14:56:58.5161238Z 
test (windows-latest)	Run cargo test --all-features	2026-09-12T14:56:58.5161659Z running 303 tests
test (windows-latest)	Run cargo test --all-features	2026-09-12T14:56:58.5196189Z test admission::scoped::tests::missing_budget_is_not_zero_and_cycles_never_expand ... ok
test (windows-latest)	Run cargo test --all-features	2026-09-12T14:56:58.5197602Z test admission::scoped::tests::aliases_share_physical_capacity_but_fences_are_domain_local ... ok
test (windows-latest)	Run cargo test --all-features	2026-09-12T14:56:58.5200655Z test admission::scoped::tests::hierarchy_counts_each_constraint_once_and_rejects_full_vector ... ok
test (windows-latest)	Run cargo test --all-features	2026-09-12T14:56:58.5202339Z test admission::scoped::tests::scoped_reservations_convert_whole_vectors_and_accounting_rejects_overflow ... ok
test (windows-latest)	Run cargo test --all-features	2026-09-12T14:56:58.5203695Z test api::tests::cursors_have_stable_cli_round_trips ... ok
test (windows-latest)	Run cargo test --all-features	2026-09-12T14:56:58.5204766Z test api::tests::managed_execution_value_constructors_use_safe_defaults ... ok
test (windows-latest)	Run cargo test --all-features	2026-09-12T14:56:58.5207163Z test api::tests::incident_cursor_is_store_scoped_and_stable ... ok
test (windows-latest)	Run cargo test --all-features	2026-09-12T14:56:58.5208934Z test api::tests::linux_process_identity_is_typed_and_requires_complete_kernel_evidence ... ok
test (windows-latest)	Run cargo test --all-features	2026-09-12T14:56:58.5210391Z test api::tests::unknown_safety_values_round_trip_without_authority ... ok
test (windows-latest)	Run cargo test --all-features	2026-09-12T14:56:58.5211456Z test api::tests::scheduler_events_accept_additive_wire_evolution ... ok
test (windows-latest)	Run cargo test --all-features	2026-09-12T14:56:59.5898221Z test authority::tests::legacy_hold_inventory_reports_missing_cleanup_reservation_before_release ... ok
test (windows-latest)	Run cargo test --all-features	2026-09-12T14:56:59.6418488Z test authority::tests::exact_replay_never_rearms_a_retired_hold_and_conflict_rejects ... ok
test (windows-latest)	Run cargo test --all-features	2026-09-12T14:57:00.2407699Z test authority::retirement::tests::missing_or_changed_pending_retirement_audit_keeps_authority_closed ... ok
test (windows-latest)	Run cargo test --all-features	2026-09-12T14:57:00.2620948Z test authority::tests::missing_and_lost_history_never_implies_free_capacity ... ok
test (windows-latest)	Run cargo test --all-features	2026-09-12T14:57:00.3665134Z test authority::tests::syntactically_valid_corruption_and_failed_publication_close_admission ... ok
test (windows-latest)	Run cargo test --all-features	2026-09-12T14:57:00.5579757Z test authority::topology_tests::continuous_legacy_registry_gets_stable_domains_without_releasing_obligations ... ok
test (windows-latest)	Run cargo test --all-features	2026-09-12T14:57:00.5999342Z test authority::topology_tests::missing_database_uuid_cannot_rebind_continuous_authority_as_empty ... ok
test (windows-latest)	Run cargo test --all-features	2026-09-12T14:57:00.7771750Z test authority::topology_tests::reset_gate_survives_both_crash_sides_and_preserves_predecessor_identity ... ok
test (windows-latest)	Run cargo test --all-features	2026-09-12T14:57:00.7988989Z test client::tests::accepted_batch_refresh_pins_the_complete_member_identity ... ok
test (windows-latest)	Run cargo test --all-features	2026-09-12T14:57:00.8080163Z test client::tests::accepted_refresh_uses_stable_identity_and_keeps_the_durable_receipt ... ok
test (windows-latest)	Run cargo test --all-features	2026-09-12T14:57:00.8082144Z test client::tests::doctor_complete_distinguishes_deadline_and_cancellation_before_connecting ... ok
test (windows-latest)	Run cargo test --all-features	2026-09-12T14:57:01.0330780Z test client::tests::ensure_result_file_claim_is_atomic_and_reports_payload_conflict_without_overwrite ... ok
test (windows-latest)	Run cargo test --all-features	2026-09-12T14:57:01.0499042Z 
test (windows-latest)	Run cargo test --all-features	2026-09-12T14:57:01.0499464Z running 1 test
test (windows-latest)	Run cargo test --all-features	2026-09-12T14:57:01.2664860Z test client::tests::ensure_result_file_lock_obeys_the_client_deadline ... ok
test (windows-latest)	Run cargo test --all-features	2026-09-12T14:57:01.2712178Z test client::tests::ensure_unknown_is_a_typed_fail_closed_outcome_without_transport_replay ... ok
test (windows-latest)	Run cargo test --all-features	2026-09-12T14:57:01.2715083Z test client::tests::every_result_file_identity_discriminant_blocks_replay ... ok
test (windows-latest)	Run cargo test --all-features	2026-09-12T14:57:01.2716737Z test client::tests::explicit_and_inherited_client_endpoints_are_connect_only ... ok
test (windows-latest)	Run cargo test --all-features	2026-09-12T14:57:01.2719777Z test client::tests::explicit_windows_endpoints_are_local_single_component_pipe_names ... ok
test (windows-latest)	Run cargo test --all-features	2026-09-12T14:57:01.2721833Z test client::tests::incomplete_managed_environment_fails_even_for_another_endpoint ... ok
test (windows-latest)	Run cargo test --all-features	2026-09-12T14:57:01.2723642Z test client::tests::interrupted_passthrough_stops_at_a_quiescent_unclaimed_prefix ... ok
test (windows-latest)	Run cargo test --all-features	2026-09-12T14:57:01.2725911Z test client::tests::managed_coordinates_are_scoped_to_the_inherited_endpoint ... ok
test (windows-latest)	Run cargo test --all-features	2026-09-12T14:57:01.9539181Z test client::tests::only_exact_managed_not_received_receipt_authorizes_result_file_reuse ... ok
test (windows-latest)	Run cargo test --all-features	2026-09-12T14:57:01.9545898Z test client::tests::recover_missing_result_file_does_not_create_it ... ok
test (windows-latest)	Run cargo test --all-features	2026-09-12T14:57:01.9773105Z test client::tests::recovery_accepts_a_case_variant_of_the_same_windows_endpoint ... ok
test (windows-latest)	Run cargo test --all-features	2026-09-12T14:57:01.9926724Z test client::tests::recovery_rejects_a_foreign_endpoint_without_touching_the_receipt ... ok
test (windows-latest)	Run cargo test --all-features	2026-09-12T14:57:01.9929021Z test client::tests::response_errors_preserve_known_wire_rejections ... ok
test (windows-latest)	Run cargo test --all-features	2026-09-12T14:57:02.0493296Z test client::tests::busy_native_pipe_waits_once_until_deadline_without_polling ... ok
test (windows-latest)	Run cargo test --all-features	2026-09-12T14:57:02.0494359Z test client::tests::result_file_lock_holder_helper ... ignored, launched as a cross-process result-file lock holder
test (windows-latest)	Run cargo test --all-features	2026-09-12T14:57:02.0611399Z test client::tests::result_file_fresh_create_is_atomic_and_never_overwrites ... ok
test (windows-latest)	Run cargo test --all-features	2026-09-12T14:57:02.1074721Z test client::tests::unknown_recovery_preserves_the_last_durable_receipt ... ok
test (windows-latest)	Run cargo test --all-features	2026-09-12T14:57:02.1104308Z test client::tests::unmanaged_client_selects_the_public_default_endpoint ... ok
test (windows-latest)	Run cargo test --all-features	2026-09-12T14:57:02.1105756Z test client::tests::wait_aggregate_uses_the_worst_terminal_outcome ... ok
test (windows-latest)	Run cargo test --all-features	2026-09-12T14:57:02.1108585Z test daemon::tests::boot_change_is_proof_only_for_a_prior_generation ... ok
test (windows-latest)	Run cargo test --all-features	2026-09-12T14:57:02.1743200Z test client::tests::stale_recovery_cannot_overwrite_a_concurrent_accepted_receipt ... ok
test (windows-latest)	Run cargo test --all-features	2026-09-12T14:57:02.1759181Z test daemon::tests::endpoint_lease_is_exclusive_and_released_with_its_handle ... ok
test (windows-latest)	Run cargo test --all-features	2026-09-12T14:57:02.1762499Z test daemon::tests::explicit_instance_tuple_accepts_only_both_coordinates_or_neither ... ok
test (windows-latest)	Run cargo test --all-features	2026-09-12T14:57:02.1768352Z test daemon::tests::first_pipe_instance_is_exclusive_and_released_with_its_handle ... ok
test (windows-latest)	Run cargo test --all-features	2026-09-12T14:57:02.1773015Z test daemon::tests::force_authorization_fails_closed_for_roots_and_missing_handles ... ok
test (windows-latest)	Run cargo test --all-features	2026-09-12T14:57:02.1776194Z test daemon::tests::missing_handle_never_downgrades_a_possible_managed_peer_to_unmanaged ... ok
test (windows-latest)	Run cargo test --all-features	2026-09-12T14:57:02.1780183Z test daemon::tests::nested_membership_selects_the_unique_immediate_containment ... ok
test (windows-latest)	Run cargo test --all-features	2026-09-12T14:57:02.1783403Z test daemon::tests::peer_inside_disabled_primary_is_authenticated_not_downgraded_to_unmanaged ... ok
test (windows-latest)	Run cargo test --all-features	2026-09-12T14:57:02.1786968Z test daemon::tests::peer_inside_root_exited_or_uncertain_containment_is_rejected ... ok
test (windows-latest)	Run cargo test --all-features	2026-09-12T14:57:02.1789920Z test daemon::tests::peer_membership_derives_one_enabled_parent_and_rejects_ambiguity ... ok
test (windows-latest)	Run cargo test --all-features	2026-09-12T14:57:02.1793075Z test daemon::tests::prior_generation_requires_absent_daemon_and_exact_root_evidence ... ok
test (windows-latest)	Run cargo test --all-features	2026-09-12T14:57:02.6321665Z test daemon::tests::singleton_lock_is_acquired_before_destructive_store_open ... ok
test (windows-latest)	Run cargo test --all-features	2026-09-12T14:57:03.2369045Z test daemon::tests::commit_at_wait_boundary_wakes_from_durable_event ... ok
test (windows-latest)	Run cargo test --all-features	2026-09-12T14:57:03.2371183Z test filesystem::tests::only_fixed_ntfs_is_accepted ... ok
test (windows-latest)	Run cargo test --all-features	2026-09-12T14:57:03.2375790Z test host_observation::policy::tests::debrix_process_patterns_are_case_insensitive_and_wildcard_aware ... ok
test (windows-latest)	Run cargo test --all-features	2026-09-12T14:57:03.2377987Z test host_observation::policy::tests::stale_memory_and_blocked_process_fail_closed ... ok
test (windows-latest)	Run cargo test --all-features	2026-09-12T14:57:03.2380821Z test host_observation::policy::tests::standalone_observed_thresholds_block_without_creating_quiet_policy ... ok
test (windows-latest)	Run cargo test --all-features	2026-09-12T14:57:03.2383147Z test host_observation::policy::tests::strict_admission_uses_commit_vram_margins_and_ignores_shell_processes ... ok
test (windows-latest)	Run cargo test --all-features	2026-09-12T14:57:03.2386225Z test host_observation::policy::tests::unavailable_quiet_detector_is_not_treated_as_a_clean_sample ... ok
test (windows-latest)	Run cargo test --all-features	2026-09-12T14:57:03.2388828Z test host_observation::policy::tests::unresolved_nvml_compute_process_fails_closed_but_shell_processes_do_not ... ok
test (windows-latest)	Run cargo test --all-features	2026-09-12T14:57:03.2390659Z test host_observation::service::tests::cadence_and_suspend_discontinuities_change_generation ... ok
test (windows-latest)	Run cargo test --all-features	2026-09-12T14:57:03.2444892Z test host_observation::service::tests::doctor_coverage_names_every_strict_provider_with_fresh_provenance ... ok
test (windows-latest)	Run cargo test --all-features	2026-09-12T14:57:03.2446973Z test host_observation::service::tests::doctor_fails_closed_only_when_unavailable_coverage_is_required ... ok
test (windows-latest)	Run cargo test --all-features	2026-09-12T14:57:03.2448831Z test host_observation::service::tests::doctor_gpu_coverage_requires_the_exact_configured_device ... ok
test (windows-latest)	Run cargo test --all-features	2026-09-12T14:57:03.2452390Z test host_observation::windows_disk::tests::first_disk_delta_is_warming_up_or_honestly_unavailable ... ok
test (windows-latest)	Run cargo test --all-features	2026-09-12T14:57:03.2454799Z test host_observation::windows_memory::tests::live_windows_memory_contains_physical_and_commit_headroom ... ok
test (windows-latest)	Run cargo test --all-features	2026-09-12T14:57:03.2492347Z test host_observation::windows_process::tests::live_process_inventory_contains_the_test_process ... ok
test (windows-latest)	Run cargo test --all-features	2026-09-12T14:57:03.2495055Z test host_observation::windows_utilization::tests::first_cpu_delta_is_warming_up ... ok
test (windows-latest)	Run cargo test --all-features	2026-09-12T14:57:03.2576092Z test identity::tests::exact_process_probe_distinguishes_match_reuse_and_exit ... ok
test (windows-latest)	Run cargo test --all-features	2026-09-12T14:57:03.2581092Z test machine::bridge::tests::bridge_preserves_multiple_correlations_and_eof_never_calls_cleanup ... ok
test (windows-latest)	Run cargo test --all-features	2026-09-12T14:57:03.2583357Z test machine::bridge::tests::bridge_rejects_versions_truncation_and_oversize_before_dispatch ... ok
test (windows-latest)	Run cargo test --all-features	2026-09-12T14:57:03.2589432Z test machine::manager::release::tests::delay_in_final_local_check_is_rechecked_before_os_release ... ok
test (windows-latest)	Run cargo test --all-features	2026-09-12T14:57:03.2591276Z test machine::manager::release::tests::local_send_age_detects_delay_suspend_and_clock_discontinuity ... ok
test (windows-latest)	Run cargo test --all-features	2026-09-12T14:57:03.2595847Z test machine::manager::release::tests::loss_of_readiness_after_commit_proves_no_release_without_replaying_consumption ... ok
test (windows-latest)	Run cargo test --all-features	2026-09-12T14:57:03.2600336Z test machine::manager::release::tests::retry_cannot_rejuvenate_a_delayed_ticket_and_cancel_fences_release ... ok
test (windows-latest)	Run cargo test --all-features	2026-09-12T14:57:03.2643994Z test machine::manager::release::tests::unused_after_commit_keeps_consumption_and_requires_exact_cleanup_before_sealing ... ok
test (windows-latest)	Run cargo test --all-features	2026-09-12T14:57:03.4661468Z test daemon::tests::wait_snapshot_includes_daemon_reconciliation_evidence ... ok
test (windows-latest)	Run cargo test --all-features	2026-09-12T14:57:04.1243301Z test machine::manager::tests::local_outbox_and_start_intent_survive_commit_gaps_without_relaunch ... ok
test (windows-latest)	Run cargo test --all-features	2026-09-12T14:57:04.7576160Z test machine::manager::tests::lost_ticket_then_coordinator_reset_and_epoch_rotation_recover_without_launch ... ok
test (windows-latest)	Run cargo test --all-features	2026-09-12T14:57:04.8481622Z test machine::tests::framing_rejects_oversize_before_reading_body_and_strictly_decodes ... ok
test (windows-latest)	Run cargo test --all-features	2026-09-12T14:57:04.8497964Z test machine::tests::operation_authentication_binds_session_sequence_identity_and_payload ... ok
test (windows-latest)	Run cargo test --all-features	2026-09-12T14:57:04.8516837Z test machine::tests::pairing_tag_binds_both_nonces_session_role_owner_and_versions ... ok
test (windows-latest)	Run cargo test --all-features	2026-09-12T14:57:04.8521619Z test machine::tests::request_rejects_version_hash_sequence_and_unknown_identity ... ok
test (windows-latest)	Run cargo test --all-features	2026-09-12T14:57:04.8525103Z test model::tests::durable_id_round_trip_carries_store_identity ... ok
test (windows-latest)	Run cargo test --all-features	2026-09-12T14:57:04.8528012Z test model::tests::unscoped_uuid_is_not_a_public_durable_id ... ok
test (windows-latest)	Run cargo test --all-features	2026-09-12T14:57:04.8539741Z test protocol::tests::daemon_resource_accounting_is_additive_with_an_explicit_legacy_absence ... ok
test (windows-latest)	Run cargo test --all-features	2026-09-12T14:57:04.8544018Z test protocol::tests::frame_round_trip ... ok
test (windows-latest)	Run cargo test --all-features	2026-09-12T14:57:04.8547797Z test protocol::tests::responses_are_additive_but_requests_remain_strict ... ok
test (windows-latest)	Run cargo test --all-features	2026-09-12T14:57:04.8551064Z test resources::tests::child_policy_vram_claim_names_are_canonicalized ... ok
test (windows-latest)	Run cargo test --all-features	2026-09-12T14:57:04.8555234Z test resources::tests::complete_scalar_lease_never_partially_fits ... ok
test (windows-latest)	Run cargo test --all-features	2026-09-12T14:57:04.8628038Z test resources::tests::different_missing_children_under_one_ancestor_do_not_alias ... ok
test (windows-latest)	Run cargo test --all-features	2026-09-12T14:57:04.8774231Z test resources::tests::existing_policy_root_replacement_does_not_inherit_object_authority ... ok
test (windows-latest)	Run cargo test --all-features	2026-09-12T14:57:04.8779832Z test resources::tests::granted_debit_overflow_blocks_instead_of_wrapping_capacity ... ok
test (windows-latest)	Run cargo test --all-features	2026-09-12T14:57:04.8785270Z test resources::tests::impact_rules_are_symmetric_self_compatibility_is_explicit_and_ancestors_block ... ok
test (windows-latest)	Run cargo test --all-features	2026-09-12T14:57:04.8789261Z test resources::tests::managed_wait_checks_only_components_retained_by_ancestors ... ok
test (windows-latest)	Run cargo test --all-features	2026-09-12T14:57:04.8863010Z test resources::tests::missing_policy_root_retains_component_authority_after_creation ... ok
test (windows-latest)	Run cargo test --all-features	2026-09-12T14:57:04.8867327Z test resources::tests::observed_headroom_is_checked_and_excludes_only_the_supplied_debit ... ok
test (windows-latest)	Run cargo test --all-features	2026-09-12T14:57:04.8878140Z test resources::tests::shared_fences_overlap_but_exclusive_conflicts ... ok
test (windows-latest)	Run cargo test --all-features	2026-09-12T14:57:05.5846508Z test machine::manager::tests::outbox_counts_utf8_bytes_and_reserves_room_for_acknowledgement ... ok
test (windows-latest)	Run cargo test --all-features	2026-09-12T14:57:06.5568889Z test runner::windows::tests::cancel_before_postcondition_release_never_runs_validator_code ... ok
test (windows-latest)	Run cargo test --all-features	2026-09-12T14:57:08.2723526Z stillyard runner for 01a0961f-4453-77a0-9944-b771f4907afb~01a0961f-4613-7f80-9efd-a9086320b537 failed: forced pre-start failure
test (windows-latest)	Run cargo test --all-features	2026-09-12T14:57:08.3433821Z test runner::windows::tests::clean_prestart_failure_keeps_condition_deadline_precedence ... ok
test (windows-latest)	Run cargo test --all-features	2026-09-12T14:57:08.4194342Z test runner::windows::tests::attempt_timeout_covers_postconditions ... ok
test (windows-latest)	Run cargo test --all-features	2026-09-12T14:57:09.1052079Z stillyard runner for 01a0961f-4b43-7e20-b489-3741e9276288~01a0961f-4d2c-7dc2-ba01-fa0f8118ad72 failed: The operation completed successfully. (os error 0)
test (windows-latest)	Run cargo test --all-features	2026-09-12T14:57:09.1692818Z test runner::windows::tests::condition_resume_failure_clears_never_started_timestamps ... ok
test (windows-latest)	Run cargo test --all-features	2026-09-12T14:57:09.1697039Z test runner::windows::tests::containment_registry_is_instance_owned_and_transfer_does_not_leak_ownership ... ok
test (windows-latest)	Run cargo test --all-features	2026-09-12T14:57:09.1698718Z test runner::windows::tests::descendant_sleeper ... ignored, launched only as a descendant containment probe
test (windows-latest)	Run cargo test --all-features	2026-09-12T14:57:09.1701679Z test runner::windows::tests::empty_owned_boundary_is_proven_and_notifies_reconciliation ... ok
test (windows-latest)	Run cargo test --all-features	2026-09-12T14:57:09.2669398Z test runner::windows::tests::contained_process_publishes_output_after_success ... ok
test (windows-latest)	Run cargo test --all-features	2026-09-12T14:57:09.7658007Z test runner::windows::tests::environment_block_has_exact_path_and_no_daemon_ambient_user_environment ... ok
test (windows-latest)	Run cargo test --all-features	2026-09-12T14:57:10.2910229Z stillyard runner for 01a0961f-50c3-74c0-9cc4-3246b9bb0306~01a0961f-525b-7e32-861a-86b2123cd832 failed: created image C:\Windows\System32\cmd.exe differs from requested executable C:\Windows\System32\cmd.exe
test (windows-latest)	Run cargo test --all-features	2026-09-12T14:57:10.3181719Z test runner::windows::tests::image_mismatch_with_unproven_cleanup_transfers_boundary_to_reconciler ... ok
test (windows-latest)	Run cargo test --all-features	2026-09-12T14:57:10.9796306Z stillyard runner for 01a0961f-4ef2-70b3-b9aa-7c0fa4c4cd3f~01a0961f-5097-7d30-882e-407687bd64de failed: stopped suspended root did not exit within cleanup bound
test (windows-latest)	Run cargo test --all-features	2026-09-12T14:57:11.0823092Z test runner::windows::tests::first_terminal_cleanup_wait_failure_keeps_condition_deadline_outcome ... ok
test (windows-latest)	Run cargo test --all-features	2026-09-12T14:57:11.0913779Z test runner::windows::tests::plain_cancel_during_postcondition_remains_canceled ... ok
test (windows-latest)	Run cargo test --all-features	2026-09-12T14:57:11.7055287Z stillyard runner for 01a0961f-55ee-7412-92f2-45c3795774d8~01a0961f-57cb-7bd0-a0e0-2da241bdcd80 failed: forced pre-start failure
test (windows-latest)	Run cargo test --all-features	2026-09-12T14:57:11.7374978Z test runner::windows::tests::post_create_pre_resume_failure_proves_empty_and_is_start_failed ... ok
test (windows-latest)	Run cargo test --all-features	2026-09-12T14:57:11.9273115Z test runner::windows::tests::plain_cancel_terminates_a_running_containment_and_suppresses_retry ... ok
test (windows-latest)	Run cargo test --all-features	2026-09-12T14:57:22.5135195Z test runner::windows::tests::postcondition_retry_runs_a_second_attempt_under_the_same_job ... FAILED
test (windows-latest)	Run cargo test --all-features	2026-09-12T14:57:23.0713649Z test runner::windows::tests::primary_tree_is_empty_before_postcondition_receives_immutable_result ... FAILED
test (windows-latest)	Run cargo test --all-features	2026-09-12T14:57:23.0717625Z test runner::windows::tests::released_user_code_runner_failure_is_interrupted_not_failed ... ok
test (windows-latest)	Run cargo test --all-features	2026-09-12T14:57:23.0720972Z test runner::windows::tests::retired_registration_is_negative_until_durable_state_catches_up ... ok
test (windows-latest)	Run cargo test --all-features	2026-09-12T14:57:23.0722093Z test runner::windows::tests::spawn_descendant_helper ... ignored, launched only as a managed root by timeout_kills_descendant_not_only_root
test (windows-latest)	Run cargo test --all-features	2026-09-12T14:57:29.2071886Z stillyard runner for 01a0961f-82bd-7270-b1ab-57a8917ceede~01a0961f-9419-7be0-b879-f58ed6c74e56 failed: The system cannot find the file specified. (os error 2)
test (windows-latest)	Run cargo test --all-features	2026-09-12T14:57:29.2750437Z stillyard runner for 01a0961f-874e-7c83-8ad6-0da8973670e5~01a0961f-96d2-7872-b232-59f6cbf108c9 failed: staged stdin hash changed before launch
test (windows-latest)	Run cargo test --all-features	2026-09-12T14:57:29.3102792Z test runner::windows::tests::quiet_resume_failure_after_durable_authorization_is_start_failed ... ok
test (windows-latest)	Run cargo test --all-features	2026-09-12T14:57:29.3234229Z test runner::windows::tests::staged_stdin_changed_after_acceptance_fails_before_user_code ... ok
test (windows-latest)	Run cargo test --all-features	2026-09-12T14:57:29.3237064Z test runner::windows::tests::stdin_echo_helper ... ignored, launched only as a managed staged-stdin probe
test (windows-latest)	Run cargo test --all-features	2026-09-12T14:57:32.7340502Z test runner::windows::tests::staged_stdin_handle_reaches_the_contained_process ... ok
test (windows-latest)	Run cargo test --all-features	2026-09-12T14:57:34.7466704Z test runner::windows::tests::timeout_kills_containment_and_releases_lease ... ok
test (windows-latest)	Run cargo test --all-features	2026-09-12T14:57:34.7471464Z test runner::windows::tests::windows_quoting_handles_spaces_quotes_and_trailing_slashes ... ok
test (windows-latest)	Run cargo test --all-features	2026-09-12T14:57:34.7609261Z test runtime_metrics::tests::polling_control_is_counted_and_event_notification_is_not_a_timer ... ok
test (windows-latest)	Run cargo test --all-features	2026-09-12T14:57:34.7612248Z test spec::tests::child_policy_unknown_fields_are_rejected_during_decode ... ok
test (windows-latest)	Run cargo test --all-features	2026-09-12T14:57:34.7614968Z test spec::tests::daemon_environment_presets_are_not_accepted ... ok
test (windows-latest)	Run cargo test --all-features	2026-09-12T14:57:34.7618248Z test spec::tests::host_deferral_bound_applies_only_to_jobs_that_request_quiet ... ok
test (windows-latest)	Run cargo test --all-features	2026-09-12T14:57:34.7620624Z test spec::tests::lifecycle_history_has_a_finite_snapshot_bound ... ok
test (windows-latest)	Run cargo test --all-features	2026-09-12T14:57:34.7622674Z test spec::tests::retry_verdicts_must_be_unique ... ok
test (windows-latest)	Run cargo test --all-features	2026-09-12T14:57:34.7829266Z test spec::tests::schema_is_stable_within_one_build ... ok
test (windows-latest)	Run cargo test --all-features	2026-09-12T14:57:34.7832170Z test spec::tests::supported_claim_and_impact_validate ... ok
test (windows-latest)	Run cargo test --all-features	2026-09-12T14:57:34.7834603Z test spec::tests::unknown_job_field_rejects ... ok
test (windows-latest)	Run cargo test --all-features	2026-09-12T14:57:34.7837892Z test spec::tests::version_four_rejects_duplicate_label_keys_and_invalid_policy_shapes ... ok
test (windows-latest)	Run cargo test --all-features	2026-09-12T14:57:34.8374091Z test store::attached::tests::attached_admission_persists_candidates_and_holds_lease_until_release_ack ... ok
test (windows-latest)	Run cargo test --all-features	2026-09-12T14:57:34.8795134Z test store::machine_allocation::inventory_tests::expired_candidate_history_does_not_exhaust_ready_budget_but_armed_still_counts ... ok
test (windows-latest)	Run cargo test --all-features	2026-09-12T14:57:35.3995308Z test store::machine_allocation::inventory_tests::inventory_pages_cover_large_unicode_records_without_exceeding_wire_bytes ... ok
test (windows-latest)	Run cargo test --all-features	2026-09-12T14:57:38.0440467Z test runner::windows::tests::timeout_kills_descendant_not_only_root ... ok
test (windows-latest)	Run cargo test --all-features	2026-09-12T14:57:38.0823671Z test store::observation::command_preview_tests::preview_is_bounded_single_line_and_identifies_the_command ... ok
test (windows-latest)	Run cargo test --all-features	2026-09-12T14:57:38.1154785Z test store::process_records::tests::typed_linux_identity_never_uses_filetime_and_cannot_be_replaced ... ok
test (windows-latest)	Run cargo test --all-features	2026-09-12T14:57:38.3905503Z test store::tests::admission_safety::cancel_that_wins_during_contaminated_cleanup_cannot_replan_or_release_code ... ok
test (windows-latest)	Run cargo test --all-features	2026-09-12T14:57:38.6668466Z test store::tests::admission_safety::clean_deferral_exhaustion_uses_the_job_retry_policy ... ok
test (windows-latest)	Run cargo test --all-features	2026-09-12T14:57:39.0210516Z test store::tests::admission_safety::condition_release_rechecks_observed_evidence_before_resume ... ok
test (windows-latest)	Run cargo test --all-features	2026-09-12T14:57:39.8319421Z test store::tests::admission_safety::condition_scan_time_ages_host_evidence_before_observed_grant ... ok
test (windows-latest)	Run cargo test --all-features	2026-09-12T14:57:40.4471024Z test store::tests::admission_safety::condition_scan_time_ages_host_evidence_before_probe_grant ... ok
test (windows-latest)	Run cargo test --all-features	2026-09-12T14:57:40.7538816Z test store::tests::admission_safety::direct_observed_admission_remains_released_without_a_final_barrier ... ok
test (windows-latest)	Run cargo test --all-features	2026-09-12T14:57:41.0815408Z test store::tests::admission_safety::final_observed_ram_check_excludes_only_its_own_granted_lease ... ok
test (windows-latest)	Run cargo test --all-features	2026-09-12T14:57:41.4226433Z test store::tests::admission_safety::incompatible_impact_consumes_the_admission_wall_clock_and_fails_finitely ... ok
test (windows-latest)	Run cargo test --all-features	2026-09-12T14:57:41.6436812Z test store::tests::admission_safety::missing_observation_pauses_quiet_budget_and_rebuilds_stability ... ok
test (windows-latest)	Run cargo test --all-features	2026-09-12T14:57:42.9842265Z test store::tests::admission_safety::observed_condition_runtime_timeout_starts_at_release ... ok
test (windows-latest)	Run cargo test --all-features	2026-09-12T14:57:43.2241679Z test store::tests::admission_safety::quiet_only_deferral_exhaustion_still_uses_the_job_retry_policy ... ok
test (windows-latest)	Run cargo test --all-features	2026-09-12T14:57:43.4642777Z test store::tests::admission_safety::quiet_stability_resets_on_sample_gap_and_observation_generation_change ... ok
test (windows-latest)	Run cargo test --all-features	2026-09-12T14:57:43.9727077Z test store::tests::admission_safety::quiet_wait_holds_no_lease_and_final_recheck_reuses_the_attempt_without_running_code ... ok
test (windows-latest)	Run cargo test --all-features	2026-09-12T14:57:44.2250563Z test store::tests::admission_safety::restart_preserves_admitting_attempt_budget_resets_stability_and_allows_cancel ... ok
test (windows-latest)	Run cargo test --all-features	2026-09-12T14:57:44.3946744Z test store::tests::admission_safety::restart_refuses_gpu_placement_change_for_a_retained_job ... ok
test (windows-latest)	Run cargo test --all-features	2026-09-12T14:57:44.5890683Z test store::tests::admission_safety::restart_refuses_host_policy_that_invalidates_a_retained_job ... ok
test (windows-latest)	Run cargo test --all-features	2026-09-12T14:57:44.7807679Z test store::tests::admission_safety::sidecar_gpu_and_vram_claims_fail_closed_then_preserve_grant_provenance ... ok
test (windows-latest)	Run cargo test --all-features	2026-09-12T14:57:45.0250998Z test store::tests::admission_safety::stale_memory_and_low_commit_headroom_never_create_a_lease_or_invocation ... ok
test (windows-latest)	Run cargo test --all-features	2026-09-12T14:57:45.2547239Z test store::tests::admission_safety::starting_strict_job_keeps_sampler_demand_until_release ... ok
test (windows-latest)	Run cargo test --all-features	2026-09-12T14:57:45.4995001Z test store::tests::admission_safety::static_contention_pauses_quiet_budget_and_rebuilds_stability ... ok
test (windows-latest)	Run cargo test --all-features	2026-09-12T14:57:45.7191146Z test store::tests::admission_safety::uncertain_pre_release_cleanup_is_final_and_retains_the_lease ... ok
test (windows-latest)	Run cargo test --all-features	2026-09-12T14:57:46.2123009Z test store::tests::admission_safety::uncertain_pre_release_cleanup_preserves_condition_deadline_outcome ... ok
test (windows-latest)	Run cargo test --all-features	2026-09-12T14:57:46.4704333Z test store::tests::admission_safety::uncertain_pre_release_cleanup_preserves_explicit_cancellation ... ok
test (windows-latest)	Run cargo test --all-features	2026-09-12T14:57:46.7331954Z test store::tests::attempt_lifecycle::expired_blocked_retry_does_not_spin_and_backoff_cancel_is_terminal ... ok
test (windows-latest)	Run cargo test --all-features	2026-09-12T14:57:46.9835689Z test store::tests::attempt_lifecycle::impact_rules_block_admission_and_ancestor_waits_symmetrically ... ok
test (windows-latest)	Run cargo test --all-features	2026-09-12T14:57:47.2827022Z test store::tests::attempt_lifecycle::plain_cancel_covers_queued_active_and_backoff_without_successors ... ok
test (windows-latest)	Run cargo test --all-features	2026-09-12T14:57:47.4787803Z test store::machine_events::tests::event_retention_bounds_rows_and_bytes_without_touching_grant_history ... ok
test (windows-latest)	Run cargo test --all-features	2026-09-12T14:57:47.8781262Z test store::tests::attempt_lifecycle::postcondition_release_requires_immutable_empty_primary_result_and_granted_lease ... ok
test (windows-latest)	Run cargo test --all-features	2026-09-12T14:57:48.2247117Z test store::tests::attempt_lifecycle::postcondition_retry_keeps_one_job_and_exposes_ordered_attempts ... ok
test (windows-latest)	Run cargo test --all-features	2026-09-12T14:57:48.3711854Z test store::tests::attempt_lifecycle::receipt_preserves_accepting_generation_across_daemon_restart ... ok
test (windows-latest)	Run cargo test --all-features	2026-09-12T14:57:48.3713980Z test store::tests::attempt_lifecycle::snapshot_diagnostic_budget_keeps_newest_utf8_suffixes ... ok
test (windows-latest)	Run cargo test --all-features	2026-09-12T14:57:48.9210521Z test store::tests::attempt_lifecycle::root_exit_is_visible_before_containment_resolution ... ok
test (windows-latest)	Run cargo test --all-features	2026-09-12T14:57:49.1461967Z test store::tests::attempt_lifecycle::worker_start_failure_preserves_an_active_cancel_and_suppresses_retry ... ok
test (windows-latest)	Run cargo test --all-features	2026-09-12T14:57:49.5467385Z test store::tests::conditions::cancel_waits_for_live_probe_boundary_before_publishing_final ... ok
test (windows-latest)	Run cargo test --all-features	2026-09-12T14:57:49.7311013Z test store::tests::conditions::already_stale_refresh_blocks_once_then_yields_instead_of_replanning ... ok
test (windows-latest)	Run cargo test --all-features	2026-09-12T14:57:50.0511260Z test store::tests::conditions::condition_release_is_publicly_released_while_running_and_after_success ... ok
test (windows-latest)	Run cargo test --all-features	2026-09-12T14:57:50.4155543Z test store::tests::conditions::deadline_is_enforced_before_retry_backoff_and_dependency_filters ... ok
test (windows-latest)	Run cargo test --all-features	2026-09-12T14:57:50.5954595Z test store::tests::conditions::deadline_crossing_during_scan_wins_over_impossible_dependency ... ok
test (windows-latest)	Run cargo test --all-features	2026-09-12T14:57:50.8106552Z test store::tests::conditions::deadline_that_wins_during_a_probe_remains_terminal_after_probe_cleanup ... ok
test (windows-latest)	Run cargo test --all-features	2026-09-12T14:57:51.3682453Z test store::tests::conditions::eta_is_unknown_for_external_predicates_and_lower_bound_for_not_before ... ok
test (windows-latest)	Run cargo test --all-features	2026-09-12T14:57:51.8115884Z test store::tests::conditions::due_deadline_wins_over_cancel_before_and_during_probe_cleanup ... ok
test (windows-latest)	Run cargo test --all-features	2026-09-12T14:57:51.9778734Z test store::tests::conditions::expired_monotonic_evidence_does_not_create_a_zero_delay_retry_spin ... ok
test (windows-latest)	Run cargo test --all-features	2026-09-12T14:57:52.4784460Z test store::tests::conditions::failed_deadline_latch_survives_refresh_until_probe_cleanup ... ok
test (windows-latest)	Run cargo test --all-features	2026-09-12T14:57:52.6254713Z test store::tests::conditions::first_pre_release_deferral_replans_the_same_attempt_and_preserves_budget ... ok
test (windows-latest)	Run cargo test --all-features	2026-09-12T14:57:53.0110176Z test store::tests::conditions::freshness_that_expires_during_a_long_pass_yields_before_rescan ... ok
test (windows-latest)	Run cargo test --all-features	2026-09-12T14:57:53.5305684Z test authority::retirement::tests::pairing_budget_reserves_every_admitted_retirement_after_hold_and_session_growth ... ok
test (windows-latest)	Run cargo test --all-features	2026-09-12T14:57:53.6331401Z test store::tests::conditions::monotonic_expiry_yields_despite_a_future_wall_deadline ... ok
test (windows-latest)	Run cargo test --all-features	2026-09-12T14:57:53.7058518Z test store::tests::conditions::monotonic_expiry_forces_rescan_despite_a_future_wall_freshness_and_history_is_bounded ... ok
test (windows-latest)	Run cargo test --all-features	2026-09-12T14:57:54.1992485Z test store::tests::conditions::path_absent_waits_for_authoritative_absence ... ok
test (windows-latest)	Run cargo test --all-features	2026-09-12T14:57:54.3043377Z test store::tests::conditions::path_transition_is_anchored_at_acceptance_and_rescanned_before_lease ... ok
test (windows-latest)	Run cargo test --all-features	2026-09-12T14:57:54.9551287Z test store::tests::conditions::post_commit_freshness_expiry_replans_the_never_resumed_attempt ... ok
test (windows-latest)	Run cargo test --all-features	2026-09-12T14:57:55.0264409Z test store::tests::conditions::postcondition_does_not_inherit_primary_conditions_after_release ... ok
test (windows-latest)	Run cargo test --all-features	2026-09-12T14:57:55.7397684Z test store::tests::conditions::postcondition_start_failure_preserves_primary_start_and_ignores_condition_deadline ... ok
test (windows-latest)	Run cargo test --all-features	2026-09-12T14:57:55.7891612Z test store::tests::conditions::post_commit_cancel_and_deadline_are_ordered_before_primary_resume ... ok
test (windows-latest)	Run cargo test --all-features	2026-09-12T14:57:56.9939079Z test store::tests::conditions::pre_release_path_change_replans_same_attempt_then_exhausts_as_readiness_unstable ... ok
test (windows-latest)	Run cargo test --all-features	2026-09-12T14:57:56.9972305Z test store::tests::conditions::pre_release_cancellation_is_never_projected_as_released ... ok
test (windows-latest)	Run cargo test --all-features	2026-09-12T14:57:56.9976438Z test store::tests::conditions::prepared_probe_start_failure_atomically_releases_its_lease_and_requeues ... ok
test (windows-latest)	Run cargo test --all-features	2026-09-12T14:57:58.0519498Z test store::tests::conditions::probe_uses_its_own_lease_and_releases_it_before_primary_work ... ok
test (windows-latest)	Run cargo test --all-features	2026-09-12T14:57:58.2352011Z test store::tests::conditions::relative_deadline_is_durable_and_does_not_create_an_attempt ... ok
test (windows-latest)	Run cargo test --all-features	2026-09-12T14:57:59.5652292Z test store::tests::conditions::restart_invalidates_generation_local_path_evidence_and_rescans ... ok
test (windows-latest)	Run cargo test --all-features	2026-09-12T14:57:59.6454686Z test authority::tests::saturated_registry_still_journals_large_release_and_detects_missing_blob has been running for over 60 seconds
test (windows-latest)	Run cargo test --all-features	2026-09-12T14:58:02.6537398Z test store::tests::conditions::restart_finalizes_cancel_and_deadline_after_probe_becomes_uncertain ... ok
test (windows-latest)	Run cargo test --all-features	2026-09-12T14:58:04.6787413Z test store::tests::conditions::restart_repairs_the_legacy_split_probe_settlement_window ... ok
test (windows-latest)	Run cargo test --all-features	2026-09-12T14:58:06.5468060Z test store::tests::conditions::restart_retains_only_the_unresolved_probe_claims_and_blocks_reprobe_until_clearance ... ok
test (windows-latest)	Run cargo test --all-features	2026-09-12T14:58:09.2361093Z test store::tests::conditions::terminal_intent_waits_for_every_live_probe_and_cancel_never_starts_another ... ok
test (windows-latest)	Run cargo test --all-features	2026-09-12T14:58:10.1484996Z test store::tests::conditions::worker_start_failure_keeps_condition_deadline_precedence ... ok
test (windows-latest)	Run cargo test --all-features	2026-09-12T14:58:10.4748497Z test store::tests::conditions::restart_preserves_the_durable_pre_resume_terminal_latch ... ok
test (windows-latest)	Run cargo test --all-features	2026-09-12T14:58:11.3275741Z test store::tests::containment_safety::attempt_wide_predicate_waits_for_every_containment ... ok
test (windows-latest)	Run cargo test --all-features	2026-09-12T14:58:11.5671578Z test store::tests::containment_safety::clearance_is_idempotent_and_audited_through_status ... ok
test (windows-latest)	Run cargo test --all-features	2026-09-12T14:58:12.0926512Z test store::tests::containment_safety::creating_and_started_records_capture_exact_identity ... ok
test (windows-latest)	Run cargo test --all-features	2026-09-12T14:58:13.1378025Z test store::tests::containment_safety::doctor_default_page_is_bounded_below_protocol_limit ... ok
test (windows-latest)	Run cargo test --all-features	2026-09-12T14:58:13.5476153Z test store::tests::containment_safety::doctor_incidents_are_frozen_across_pages ... ok
test (windows-latest)	Run cargo test --all-features	2026-09-12T14:58:13.5558983Z test store::tests::conditions::probe_history_is_pruned_after_its_pinning_events_leave_the_ring ... ok
test (windows-latest)	Run cargo test --all-features	2026-09-12T14:58:14.8218429Z test store::tests::containment_safety::doctor_reports_loaded_config_evidence ... ok
test (windows-latest)	Run cargo test --all-features	2026-09-12T14:58:14.8844263Z test store::tests::containment_safety::doctor_rejects_cursor_from_previous_daemon_generation ... ok
test (windows-latest)	Run cargo test --all-features	2026-09-12T14:58:15.1901336Z test store::tests::containment_safety::doctor_rejects_foreign_unknown_tampered_and_expired_cursors ... ok
test (windows-latest)	Run cargo test --all-features	2026-09-12T14:58:16.3350064Z test store::tests::containment_safety::force_commit_rejects_a_changed_authorization_set ... ok
test (windows-latest)	Run cargo test --all-features	2026-09-12T14:58:17.0211022Z test store::tests::containment_safety::foreign_host_binding_resets_the_whole_store ... ok
test (windows-latest)	Run cargo test --all-features	2026-09-12T14:58:17.0466383Z test store::tests::containment_safety::typed_linux_root_roundtrips_all_containment_views_without_filetime_aliasing ... ok
test (windows-latest)	Run cargo test --all-features	2026-09-12T14:58:17.1112725Z test store::tests::containment_safety::missing_host_capability_blocks_before_lease_grant ... ok
test (windows-latest)	Run cargo test --all-features	2026-09-12T14:58:19.2618005Z test store::tests::containment_safety::unbound_pending_store_binds_without_reset ... ok
test (windows-latest)	Run cargo test --all-features	2026-09-12T14:58:19.8254345Z test store::tests::containment_safety::unbound_store_with_containment_is_replaced ... ok
test (windows-latest)	Run cargo test --all-features	2026-09-12T14:58:20.3387059Z test store::tests::input_submission::batch_is_atomic_and_dependencies_use_final_outcomes ... ok
test (windows-latest)	Run cargo test --all-features	2026-09-12T14:58:20.5429013Z test store::tests::input_submission::child_policy_resolution_failure_is_a_durable_typed_rejection ... ok
test (windows-latest)	Run cargo test --all-features	2026-09-12T14:58:21.7148119Z test store::tests::input_submission::complete_leases_serialize_conflicts_but_allow_orthogonal_work ... ok
test (windows-latest)	Run cargo test --all-features	2026-09-12T14:58:21.9975830Z test store::tests::input_submission::corrupt_staged_input_rejects_before_received ... ok
test (windows-latest)	Run cargo test --all-features	2026-09-12T14:58:22.9526482Z test store::tests::input_submission::dependency_outside_fifo_prefix_is_unknown ... ok
test (windows-latest)	Run cargo test --all-features	2026-09-12T14:58:22.9595585Z test store::tests::input_submission::daemon_status_reports_exact_durable_reservations ... ok
test (windows-latest)	Run cargo test --all-features	2026-09-12T14:58:24.4286352Z test store::tests::input_submission::explicit_environment_is_preserved_at_acceptance ... ok
test (windows-latest)	Run cargo test --all-features	2026-09-12T14:58:24.6948918Z test store::tests::input_submission::missing_path_fence_identity_survives_later_creation ... ok
test (windows-latest)	Run cargo test --all-features	2026-09-12T14:58:25.2478297Z test store::tests::input_submission::partial_batch_input_map_is_atomic ... ok
test (windows-latest)	Run cargo test --all-features	2026-09-12T14:58:25.4657410Z test store::tests::input_submission::receipt_reports_rank_blocker_and_honest_estimate ... ok
test (windows-latest)	Run cargo test --all-features	2026-09-12T14:58:26.4933110Z test authority::tests::saturated_registry_still_journals_large_release_and_detects_missing_blob ... ok
test (windows-latest)	Run cargo test --all-features	2026-09-12T14:58:26.8716785Z test store::tests::input_submission::received_batch_revalidates_staged_inputs_before_acceptance ... ok
test (windows-latest)	Run cargo test --all-features	2026-09-12T14:58:27.4197684Z test store::tests::input_submission::restart_collects_partial_upload_without_submission ... ok
test (windows-latest)	Run cargo test --all-features	2026-09-12T14:58:28.7099789Z test store::tests::input_submission::reverse_order_skip_closure_reaches_terminal_state ... ok
test (windows-latest)	Run cargo test --all-features	2026-09-12T14:58:28.7867505Z test store::tests::input_submission::sqlite_failure_rolls_back_every_batch_member ... ok
test (windows-latest)	Run cargo test --all-features	2026-09-12T14:58:29.6082117Z test store::tests::input_submission::staged_stdin_is_pre_received_immutable_and_idempotent ... ok
test (windows-latest)	Run cargo test --all-features	2026-09-12T14:58:31.1331953Z test store::tests::managed_submission::delegated_policy_is_intersected_across_the_full_ancestor_chain ... ok
test (windows-latest)	Run cargo test --all-features	2026-09-12T14:58:31.2210808Z test store::tests::containment_safety::doctor_snapshot_stress_resists_parallel_incident_turnover ... ok
test (windows-latest)	Run cargo test --all-features	2026-09-12T14:58:31.3331729Z test store::tests::managed_submission::child_policy_negative_axes_are_durable_contextual_and_create_no_work ... ok
test (windows-latest)	Run cargo test --all-features	2026-09-12T14:58:31.5226004Z test store::tests::managed_submission::managed_acceptance_rechecks_parent_and_disabled_primary_proves_only_absence ... ok
test (windows-latest)	Run cargo test --all-features	2026-09-12T14:58:32.1372130Z test store::tests::managed_submission::managed_batch_wait_rejects_atomically_when_one_member_conflicts ... ok
test (windows-latest)	Run cargo test --all-features	2026-09-12T14:58:32.1491845Z test store::tests::managed_submission::managed_batch_with_one_forbidden_priority_is_atomically_rejected ... ok
test (windows-latest)	Run cargo test --all-features	2026-09-12T14:58:32.3608943Z test store::tests::managed_submission::managed_combined_wait_rejects_ancestor_scalar_but_detached_submit_survives ... ok
test (windows-latest)	Run cargo test --all-features	2026-09-12T14:58:32.5041184Z test store::tests::managed_submission::managed_exact_replay_is_idempotent_and_commits_parentage ... ok
test (windows-latest)	Run cargo test --all-features	2026-09-12T14:58:33.2790126Z test store::tests::managed_submission::managed_not_received_is_provable_only_for_the_live_current_parent ... ok
test (windows-latest)	Run cargo test --all-features	2026-09-12T14:58:33.2851602Z test store::tests::managed_submission::managed_policy_applies_claim_impact_and_fence_limits_to_probes ... ok
test (windows-latest)	Run cargo test --all-features	2026-09-12T14:58:34.2650669Z test store::tests::managed_submission::managed_wait_rejects_a_claim_that_exceeds_host_capacity ... ok
test (windows-latest)	Run cargo test --all-features	2026-09-12T14:58:34.2862987Z test store::tests::managed_submission::managed_wait_allows_orthogonal_child_and_checks_the_full_ancestor_chain ... ok
test (windows-latest)	Run cargo test --all-features	2026-09-12T14:58:35.7471533Z test store::tests::managed_submission::neutral_only_parent_does_not_inherit_priority_and_rejects_escalation_durably ... ok
test (windows-latest)	Run cargo test --all-features	2026-09-12T14:58:35.7661664Z test store::tests::managed_submission::managed_wait_walks_unfinished_predecessors_and_rejects_self_or_foreign_targets ... ok
test (windows-latest)	Run cargo test --all-features	2026-09-12T14:58:36.2692487Z test store::tests::managed_submission::policy_invalid_batch_names_the_member_and_is_atomic ... ok
test (windows-latest)	Run cargo test --all-features	2026-09-12T14:58:36.4601882Z test store::tests::managed_submission::non_primary_transport_identity_does_not_confer_child_authority ... ok
test (windows-latest)	Run cargo test --all-features	2026-09-12T14:58:37.3612356Z test store::tests::managed_submission::received_wait_intent_survives_resume_and_cannot_accept_an_unsafe_child ... ok
test (windows-latest)	Run cargo test --all-features	2026-09-12T14:58:37.6308330Z test store::tests::managed_submission::vram_policy_claims_compare_and_persist_in_canonical_form ... ok
test (windows-latest)	Run cargo test --all-features	2026-09-12T14:58:37.6353529Z test store::tests::managed_submission::restart_rejects_managed_received_work_from_the_previous_daemon_generation ... ok
test (windows-latest)	Run cargo test --all-features	2026-09-12T14:58:38.0523263Z test store::tests::observation::invocation_event_identity_is_atomic_and_required ... ok
test (windows-latest)	Run cargo test --all-features	2026-09-12T14:58:38.5340636Z test store::tests::observation::lifecycle_and_cancellation_transitions_emit_named_events ... ok
test (windows-latest)	Run cargo test --all-features	2026-09-12T14:58:38.5676756Z test store::tests::observation::list_cursor_is_stable_and_store_scoped ... ok
test (windows-latest)	Run cargo test --all-features	2026-09-12T14:58:38.7254288Z test store::tests::observation::event_ring_reports_gap_and_resynchronizes ... ok
test (windows-latest)	Run cargo test --all-features	2026-09-12T14:58:39.3742592Z test store::tests::observation::list_events_and_cursor_are_one_public_observation_path ... ok
test (windows-latest)	Run cargo test --all-features	2026-09-12T14:58:39.6554143Z test store::tests::priority_reservations::priority_is_bounded_neutral_immutable_and_hashed_per_batch_member ... ok
test (windows-latest)	Run cargo test --all-features	2026-09-12T14:58:41.1059069Z test store::tests::priority_reservations::blocked_and_impossible_high_priority_jobs_do_not_head_of_line_block ... ok
test (windows-latest)	Run cargo test --all-features	2026-09-12T14:58:41.1350888Z test store::tests::priority_reservations::reservations_are_full_vector_bounded_observable_and_protect_only_claimed_scalars ... ok
test (windows-latest)	Run cargo test --all-features	2026-09-12T14:58:41.1433244Z test store::tests::priority_reservations::reservation_deadline_survives_restart_expiry_yields_and_cancellation_cleans_up ... ok
test (windows-latest)	Run cargo test --all-features	2026-09-12T14:58:42.0365215Z test store::tests::priority_reservations::effective_priority_ages_monotonically_and_orders_by_original_acceptance ... ok
test (windows-latest)	Run cargo test --all-features	2026-09-12T14:58:42.0546097Z test store::tests::priority_reservations::retry_and_restart_preserve_acceptance_and_aging_history ... ok
test (windows-latest)	Run cargo test --all-features	2026-09-12T14:58:43.4113782Z test store::tests::priority_reservations::restart_capacity_shrink_keeps_only_the_scheduler_ordered_reservation_prefix ... ok
test (windows-latest)	Run cargo test --all-features	2026-09-12T14:58:43.4919992Z test store::tests::store_recovery::corrupt_or_empty_database_is_replaced_with_current_schema ... ok
test (windows-latest)	Run cargo test --all-features	2026-09-12T14:58:43.5122430Z test store::tests::store_recovery::corruption_discovered_during_recovery_resets_once ... ok
test (windows-latest)	Run cargo test --all-features	2026-09-12T14:58:44.1822543Z test store::tests::store_recovery::current_schema_reopens_without_changing_store_identity ... ok
test (windows-latest)	Run cargo test --all-features	2026-09-12T14:58:44.1881643Z test store::tests::priority_reservations::reservations_sum_to_capacity_and_non_scalar_changes_release_them ... ok
test (windows-latest)	Run cargo test --all-features	2026-09-12T14:58:44.2740444Z test store::tests::store_recovery::diagnostic_tail_io_failure_cannot_block_invocation_resolution ... ok
test (windows-latest)	Run cargo test --all-features	2026-09-12T14:58:44.9055721Z test store::tests::store_recovery::duplicate_key_returns_one_job ... ok
test (windows-latest)	Run cargo test --all-features	2026-09-12T14:58:44.9057771Z test store::tests::store_recovery::only_corruption_errors_authorize_destructive_reset ... ok
test (windows-latest)	Run cargo test --all-features	2026-09-12T14:58:45.1523587Z test store::tests::store_recovery::logs_publish_only_flushed_committed_prefix ... ok
test (windows-latest)	Run cargo test --all-features	2026-09-12T14:58:45.5440803Z test store::tests::store_recovery::damaged_schema_and_identity_each_reset_the_whole_database ... ok
test (windows-latest)	Run cargo test --all-features	2026-09-12T14:58:45.7201124Z test store::tests::store_recovery::foreign_store_id_rejects_even_if_entity_uuid_collides ... ok
test (windows-latest)	Run cargo test --all-features	2026-09-12T14:58:45.7369691Z test store::tests::store_recovery::recovery_never_creates_work_and_distinguishes_conflict ... ok
test (windows-latest)	Run cargo test --all-features	2026-09-12T14:58:45.9875739Z test store::tests::store_recovery::rejected_idempotency_decision_replays_as_rejected ... ok
test (windows-latest)	Run cargo test --all-features	2026-09-12T14:58:46.9857553Z test store::tests::store_recovery::restart_after_empty_proof_before_primary_result_is_fail_closed ... ok
test (windows-latest)	Run cargo test --all-features	2026-09-12T14:58:46.9912198Z test store::tests::store_recovery::restart_before_root_retains_boundary_until_reconciled ... ok
test (windows-latest)	Run cargo test --all-features	2026-09-12T14:58:47.3943921Z test store::tests::store_recovery::restart_after_resolved_postcondition_releases_empty_attempt_lease ... ok
test (windows-latest)	Run cargo test --all-features	2026-09-12T14:58:47.4953571Z test store::tests::store_recovery::restart_during_prepared_postcondition_retains_attempt_lease ... ok
test (windows-latest)	Run cargo test --all-features	2026-09-12T14:58:48.4572394Z test store::tests::store_recovery::same_key_different_payload_conflicts ... ok
test (windows-latest)	Run cargo test --all-features	2026-09-12T14:58:48.4687701Z test store::tests::store_recovery::restart_never_uses_pid_only_root_disappearance_as_proof ... ok
test (windows-latest)	Run cargo test --all-features	2026-09-12T14:58:48.4725597Z test store::tests::store_recovery::restart_interrupts_active_job_without_requeueing_it ... ok
test (windows-latest)	Run cargo test --all-features	2026-09-12T14:58:49.1928129Z test store::tests::store_recovery::schema_epoch_mismatch_resets_database_and_preserves_other_files ... ok
test (windows-latest)	Run cargo test --all-features	2026-09-12T14:58:49.1991408Z test store::tests::store_recovery::uncertain_settlement_retains_lease_and_is_terminal ... ok
test (windows-latest)	Run cargo test --all-features	2026-09-12T14:58:49.3230289Z test store::tests::store_recovery::startup_resumes_durable_received_submission ... ok
test (windows-latest)	Run cargo test --all-features	2026-09-12T14:58:49.4850279Z test store::tests::tree::depth_cut_before_a_connector_keeps_an_inclusive_child_continuation ... ok
test (windows-latest)	Run cargo test --all-features	2026-09-12T14:58:50.0357077Z test store::tests::tree::filtered_tree_retains_only_connecting_ancestors_and_selector_bound_expansion ... ok
test (windows-latest)	Run cargo test --all-features	2026-09-12T14:58:50.9183545Z test store::tests::tree::root_cursor_survives_logs_but_fails_closed_when_attention_order_changes ... ok
test (windows-latest)	Run cargo test --all-features	2026-09-12T14:58:51.1427374Z test store::tests::tree::orphan_is_explicit_and_a_parent_cycle_fails_closed ... ok
test (windows-latest)	Run cargo test --all-features	2026-09-12T14:58:51.7061913Z test store::tests::tree::schema_rejects_a_noncanonical_tree_order_trigger ... ok
test (windows-latest)	Run cargo test --all-features	2026-09-12T14:58:52.1434887Z test store::tests::tree::encoded_budget_truncates_with_a_root_continuation_and_makes_progress ... ok
test (windows-latest)	Run cargo test --all-features	2026-09-12T14:58:53.3079302Z test store::tests::tree::tree_depth_cursor_and_for_job_preserve_the_complete_ancestor_path ... ok
test (windows-latest)	Run cargo test --all-features	2026-09-12T14:58:53.4035191Z test store::tests::tree::row_sixteen_thousand_three_hundred_eighty_five_fails_before_classification ... ok
test (windows-latest)	Run cargo test --all-features	2026-09-12T14:58:53.8024681Z test store::tests::tree::schema_requires_tree_query_indexes ... ok
test (windows-latest)	Run cargo test --all-features	2026-09-12T14:58:53.9314600Z test store::tests::tree::tree_observation_includes_future_descendants_and_wrong_store_gap_snapshot ... ok
test (windows-latest)	Run cargo test --all-features	2026-09-12T14:58:54.7501771Z test store::tests::tree::managed_ancestry_accepts_sixty_four_jobs_and_rejects_the_sixty_fifth ... ok
test (windows-latest)	Run cargo test --all-features	2026-09-12T14:58:54.7502442Z 
test (windows-latest)	Run cargo test --all-features	2026-09-12T14:58:54.7502522Z failures:
test (windows-latest)	Run cargo test --all-features	2026-09-12T14:58:54.7502654Z 
test (windows-latest)	Run cargo test --all-features	2026-09-12T14:58:54.7503020Z ---- runner::windows::tests::postcondition_retry_runs_a_second_attempt_under_the_same_job stdout ----
test (windows-latest)	Run cargo test --all-features	2026-09-12T14:58:54.7503711Z 
test (windows-latest)	Run cargo test --all-features	2026-09-12T14:58:54.7504838Z thread 'runner::windows::tests::postcondition_retry_runs_a_second_attempt_under_the_same_job' (4132) panicked at src\runner\windows.rs:1489:13:
test (windows-latest)	Run cargo test --all-features	2026-09-12T14:58:54.7505983Z assertion `left == right` failed: JobSnapshot {
test (windows-latest)	Run cargo test --all-features	2026-09-12T14:58:54.7506327Z     job_id: JobId {
test (windows-latest)	Run cargo test --all-features	2026-09-12T14:58:54.7506637Z         store_uuid: 01a0961f-586b-7bf1-a5bb-86aba720bcee,
test (windows-latest)	Run cargo test --all-features	2026-09-12T14:58:54.7507033Z         entity_uuid: 01a0961f-59f8-7733-ac94-d6f2bb9d11b0,
test (windows-latest)	Run cargo test --all-features	2026-09-12T14:58:54.7507362Z     },
test (windows-latest)	Run cargo test --all-features	2026-09-12T14:58:54.7507577Z     submission_id: SubmissionId {
test (windows-latest)	Run cargo test --all-features	2026-09-12T14:58:54.7507897Z         store_uuid: 01a0961f-586b-7bf1-a5bb-86aba720bcee,
test (windows-latest)	Run cargo test --all-features	2026-09-12T14:58:54.7508259Z         entity_uuid: 01a0961f-59f3-7e93-bf25-9e8c1ef81319,
test (windows-latest)	Run cargo test --all-features	2026-09-12T14:58:54.7508558Z     },
test (windows-latest)	Run cargo test --all-features	2026-09-12T14:58:54.7508748Z     batch_id: None,
test (windows-latest)	Run cargo test --all-features	2026-09-12T14:58:54.7509158Z     batch_member: None,
test (windows-latest)	Run cargo test --all-features	2026-09-12T14:58:54.7509384Z     state: Final,
test (windows-latest)	Run cargo test --all-features	2026-09-12T14:58:54.7509581Z     outcome: Some(
test (windows-latest)	Run cargo test --all-features	2026-09-12T14:58:54.7509770Z         TimedOut,
test (windows-latest)	Run cargo test --all-features	2026-09-12T14:58:54.7509947Z     ),
test (windows-latest)	Run cargo test --all-features	2026-09-12T14:58:54.7510119Z     reason_code: None,
test (windows-latest)	Run cargo test --all-features	2026-09-12T14:58:54.7510345Z     attempt_id: Some(
test (windows-latest)	Run cargo test --all-features	2026-09-12T14:58:54.7510556Z         AttemptId {
test (windows-latest)	Run cargo test --all-features	2026-09-12T14:58:54.7510926Z             store_uuid: 01a0961f-586b-7bf1-a5bb-86aba720bcee,
test (windows-latest)	Run cargo test --all-features	2026-09-12T14:58:54.7511625Z             entity_uuid: 01a0961f-5aa2-74e2-8c09-d18b15038014,
test (windows-latest)	Run cargo test --all-features	2026-09-12T14:58:54.7512008Z         },
test (windows-latest)	Run cargo test --all-features	2026-09-12T14:58:54.7512249Z     ),
test (windows-latest)	Run cargo test --all-features	2026-09-12T14:58:54.7512500Z     invocation_id: Some(
test (windows-latest)	Run cargo test --all-features	2026-09-12T14:58:54.7512970Z         InvocationId {
test (windows-latest)	Run cargo test --all-features	2026-09-12T14:58:54.7513296Z             store_uuid: 01a0961f-586b-7bf1-a5bb-86aba720bcee,
test (windows-latest)	Run cargo test --all-features	2026-09-12T14:58:54.7513716Z             entity_uuid: 01a0961f-5b41-7a01-b636-c7648de02f25,
test (windows-latest)	Run cargo test --all-features	2026-09-12T14:58:54.7514089Z         },
test (windows-latest)	Run cargo test --all-features	2026-09-12T14:58:54.7514329Z     ),
test (windows-latest)	Run cargo test --all-features	2026-09-12T14:58:54.7514631Z     containment_id: Some(
test (windows-latest)	Run cargo test --all-features	2026-09-12T14:58:54.7514951Z         ContainmentId {
test (windows-latest)	Run cargo test --all-features	2026-09-12T14:58:54.7515264Z             store_uuid: 01a0961f-586b-7bf1-a5bb-86aba720bcee,
test (windows-latest)	Run cargo test --all-features	2026-09-12T14:58:54.7515656Z             entity_uuid: 01a0961f-5b41-7a01-b636-c77e6c2d97f2,
test (windows-latest)	Run cargo test --all-features	2026-09-12T14:58:54.7516027Z         },
test (windows-latest)	Run cargo test --all-features	2026-09-12T14:58:54.7516263Z     ),
test (windows-latest)	Run cargo test --all-features	2026-09-12T14:58:54.7516546Z     root_exit_code: Some(
test (windows-latest)	Run cargo test --all-features	2026-09-12T14:58:54.7516826Z         0,
test (windows-latest)	Run cargo test --all-features	2026-09-12T14:58:54.7517059Z     ),
test (windows-latest)	Run cargo test --all-features	2026-09-12T14:58:54.7517313Z     cancel_requested: false,
test (windows-latest)	Run cargo test --all-features	2026-09-12T14:58:54.7517630Z     accepted_unix_millis: 1789225032184,
test (windows-latest)	Run cargo test --all-features	2026-09-12T14:58:54.7517975Z     priority: 0,
test (windows-latest)	Run cargo test --all-features	2026-09-12T14:58:54.7518316Z     effective_priority: None,
test (windows-latest)	Run cargo test --all-features	2026-09-12T14:58:54.7518644Z     queue_rank: None,
test (windows-latest)	Run cargo test --all-features	2026-09-12T14:58:54.7518946Z     reservation: None,
test (windows-latest)	Run cargo test --all-features	2026-09-12T14:58:54.7519260Z     conditions: [],
test (windows-latest)	Run cargo test --all-features	2026-09-12T14:58:54.7519562Z     started_unix_millis: Some(
test (windows-latest)	Run cargo test --all-features	2026-09-12T14:58:54.7519897Z         1789225032389,
test (windows-latest)	Run cargo test --all-features	2026-09-12T14:58:54.7520177Z     ),
test (windows-latest)	Run cargo test --all-features	2026-09-12T14:58:54.7520445Z     finished_unix_millis: Some(
test (windows-latest)	Run cargo test --all-features	2026-09-12T14:58:54.7520738Z         1789225042344,
test (windows-latest)	Run cargo test --all-features	2026-09-12T14:58:54.7521021Z     ),
test (windows-latest)	Run cargo test --all-features	2026-09-12T14:58:54.7521269Z     spec: JobSpec {
test (windows-latest)	Run cargo test --all-features	2026-09-12T14:58:54.7521592Z         spec_version: 4,
test (windows-latest)	Run cargo test --all-features	2026-09-12T14:58:54.7521901Z         priority: 0,
test (windows-latest)	Run cargo test --all-features	2026-09-12T14:58:54.7522236Z         executable: "C:\\Windows\\System32\\cmd.exe",
test (windows-latest)	Run cargo test --all-features	2026-09-12T14:58:54.7522642Z         args: [
test (windows-latest)	Run cargo test --all-features	2026-09-12T14:58:54.7522906Z             "/D",
test (windows-latest)	Run cargo test --all-features	2026-09-12T14:58:54.7523191Z             "/C",
test (windows-latest)	Run cargo test --all-features	2026-09-12T14:58:54.7523471Z             "echo primary",
test (windows-latest)	Run cargo test --all-features	2026-09-12T14:58:54.7523787Z         ],
test (windows-latest)	Run cargo test --all-features	2026-09-12T14:58:54.7524223Z         working_directory: "C:\\Users\\RUNNER~1\\AppData\\Local\\Temp\\.tmpF5oYl8",
test (windows-latest)	Run cargo test --all-features	2026-09-12T14:58:54.7524694Z         stdin: Eof,
test (windows-latest)	Run cargo test --all-features	2026-09-12T14:58:54.7525099Z         environment: EnvironmentSpec {
test (windows-latest)	Run cargo test --all-features	2026-09-12T14:58:54.7525471Z             set: {
test (windows-latest)	Run cargo test --all-features	2026-09-12T14:58:54.7526030Z                 "STY_VALIDATOR_MARKER": "C:\\Users\\RUNNER~1\\AppData\\Local\\Temp\\.tmpF5oYl8\\validator-seen.marker",
test (windows-latest)	Run cargo test --all-features	2026-09-12T14:58:54.7526673Z             },
test (windows-latest)	Run cargo test --all-features	2026-09-12T14:58:54.7526960Z             unset: [],
test (windows-latest)	Run cargo test --all-features	2026-09-12T14:58:54.7527252Z         },
test (windows-latest)	Run cargo test --all-features	2026-09-12T14:58:54.7527536Z         resources: ResourceClaims {
test (windows-latest)	Run cargo test --all-features	2026-09-12T14:58:54.7527896Z             cpu_units: None,
test (windows-latest)	Run cargo test --all-features	2026-09-12T14:58:54.7528366Z             ram_mb: None,
test (windows-latest)	Run cargo test --all-features	2026-09-12T14:58:54.7528688Z             cargo_slots: None,
test (windows-latest)	Run cargo test --all-features	2026-09-12T14:58:54.7529015Z             gpu_slots: None,
test (windows-latest)	Run cargo test --all-features	2026-09-12T14:58:54.7529489Z             custom: {},
test (windows-latest)	Run cargo test --all-features	2026-09-12T14:58:54.7529773Z             shared_fences: [],
test (windows-latest)	Run cargo test --all-features	2026-09-12T14:58:54.7530102Z             exclusive_fences: [],
test (windows-latest)	Run cargo test --all-features	2026-09-12T14:58:54.7530414Z             impacts: [],
test (windows-latest)	Run cargo test --all-features	2026-09-12T14:58:54.7530693Z         },
test (windows-latest)	Run cargo test --all-features	2026-09-12T14:58:54.7530952Z         observed: None,
test (windows-latest)	Run cargo test --all-features	2026-09-12T14:58:54.7531229Z         conditions: [],
test (windows-latest)	Run cargo test --all-features	2026-09-12T14:58:54.7531524Z         retry: RetryPolicy {
test (windows-latest)	Run cargo test --all-features	2026-09-12T14:58:54.7531828Z             max_attempts: 2,
test (windows-latest)	Run cargo test --all-features	2026-09-12T14:58:54.7532135Z             backoff_seconds: 0,
test (windows-latest)	Run cargo test --all-features	2026-09-12T14:58:54.7532473Z             retryable: [
test (windows-latest)	Run cargo test --all-features	2026-09-12T14:58:54.7532785Z                 "postcondition_retryable",
test (windows-latest)	Run cargo test --all-features	2026-09-12T14:58:54.7533123Z             ],
test (windows-latest)	Run cargo test --all-features	2026-09-12T14:58:54.7533404Z         },
test (windows-latest)	Run cargo test --all-features	2026-09-12T14:58:54.7533663Z         postconditions: [
test (windows-latest)	Run cargo test --all-features	2026-09-12T14:58:54.7533981Z             PostconditionSpec {
test (windows-latest)	Run cargo test --all-features	2026-09-12T14:58:54.7534479Z                 executable: "C:\\Windows\\System32\\WindowsPowerShell\\v1.0\\powershell.exe",
test (windows-latest)	Run cargo test --all-features	2026-09-12T14:58:54.7535165Z                 args: [
test (windows-latest)	Run cargo test --all-features	2026-09-12T14:58:54.7535448Z                     "-NoLogo",
test (windows-latest)	Run cargo test --all-features	2026-09-12T14:58:54.7535756Z                     "-NoProfile",
test (windows-latest)	Run cargo test --all-features	2026-09-12T14:58:54.7536126Z                     "-NonInteractive",
test (windows-latest)	Run cargo test --all-features	2026-09-12T14:58:54.7536559Z                     "-Command",
test (windows-latest)	Run cargo test --all-features	2026-09-12T14:58:54.7537379Z                     "if (Test-Path -LiteralPath $env:STY_VALIDATOR_MARKER) { exit 0 } else { New-Item -ItemType File -Path $env:STY_VALIDATOR_MARKER | Out-Null; exit 10 }",
test (windows-latest)	Run cargo test --all-features	2026-09-12T14:58:54.7538211Z                 ],
test (windows-latest)	Run cargo test --all-features	2026-09-12T14:58:54.7538498Z                 working_directory: None,
test (windows-latest)	Run cargo test --all-features	2026-09-12T14:58:54.7538867Z                 accepted_exit_codes: [
test (windows-latest)	Run cargo test --all-features	2026-09-12T14:58:54.7539169Z                     0,
test (windows-latest)	Run cargo test --all-features	2026-09-12T14:58:54.7539437Z                 ],
test (windows-latest)	Run cargo test --all-features	2026-09-12T14:58:54.7539731Z                 retryable_exit_codes: [
test (windows-latest)	Run cargo test --all-features	2026-09-12T14:58:54.7540084Z                     10,
test (windows-latest)	Run cargo test --all-features	2026-09-12T14:58:54.7540401Z                 ],
test (windows-latest)	Run cargo test --all-features	2026-09-12T14:58:54.7540665Z             },
test (windows-latest)	Run cargo test --all-features	2026-09-12T14:58:54.7540934Z         ],
test (windows-latest)	Run cargo test --all-features	2026-09-12T14:58:54.7541190Z         labels: [],
test (windows-latest)	Run cargo test --all-features	2026-09-12T14:58:54.7541447Z         expected_duration_seconds: Some(
test (windows-latest)	Run cargo test --all-features	2026-09-12T14:58:54.7541738Z             1,
test (windows-latest)	Run cargo test --all-features	2026-09-12T14:58:54.7541997Z         ),
test (windows-latest)	Run cargo test --all-features	2026-09-12T14:58:54.7542274Z         timeout_seconds: Some(
test (windows-latest)	Run cargo test --all-features	2026-09-12T14:58:54.7542602Z             10,
test (windows-latest)	Run cargo test --all-features	2026-09-12T14:58:54.7542862Z         ),
test (windows-latest)	Run cargo test --all-features	2026-09-12T14:58:54.7543124Z         quiet: None,
test (windows-latest)	Run cargo test --all-features	2026-09-12T14:58:54.7543416Z         artifacts: [],
test (windows-latest)	Run cargo test --all-features	2026-09-12T14:58:54.7543762Z         child_submission_policy: None,
test (windows-latest)	Run cargo test --all-features	2026-09-12T14:58:54.7544108Z     },
test (windows-latest)	Run cargo test --all-features	2026-09-12T14:58:54.7544357Z     parent: None,
test (windows-latest)	Run cargo test --all-features	2026-09-12T14:58:54.7544646Z     managed_policy_admission: None,
test (windows-latest)	Run cargo test --all-features	2026-09-12T14:58:54.7544951Z     blockers: [],
test (windows-latest)	Run cargo test --all-features	2026-09-12T14:58:54.7545191Z     attempts: [
test (windows-latest)	Run cargo test --all-features	2026-09-12T14:58:54.7545472Z         AttemptSnapshot {
test (windows-latest)	Run cargo test --all-features	2026-09-12T14:58:54.7545818Z             attempt_id: AttemptId {
test (windows-latest)	Run cargo test --all-features	2026-09-12T14:58:54.7546237Z                 store_uuid: 01a0961f-586b-7bf1-a5bb-86aba720bcee,
test (windows-latest)	Run cargo test --all-features	2026-09-12T14:58:54.7546736Z                 entity_uuid: 01a0961f-5aa2-74e2-8c09-d18b15038014,
test (windows-latest)	Run cargo test --all-features	2026-09-12T14:58:54.7547151Z             },
test (windows-latest)	Run cargo test --all-features	2026-09-12T14:58:54.7547464Z             attempt_index: 1,
test (windows-latest)	Run cargo test --all-features	2026-09-12T14:58:54.7547808Z             verdict: Some(
test (windows-latest)	Run cargo test --all-features	2026-09-12T14:58:54.7548100Z                 TimedOut,
test (windows-latest)	Run cargo test --all-features	2026-09-12T14:58:54.7548357Z             ),
test (windows-latest)	Run cargo test --all-features	2026-09-12T14:58:54.7548603Z             reason_code: None,
test (windows-latest)	Run cargo test --all-features	2026-09-12T14:58:54.7548946Z             created_unix_millis: 1789225032213,
test (windows-latest)	Run cargo test --all-features	2026-09-12T14:58:54.7549513Z             started_unix_millis: Some(
test (windows-latest)	Run cargo test --all-features	2026-09-12T14:58:54.7549868Z                 1789225032213,
test (windows-latest)	Run cargo test --all-features	2026-09-12T14:58:54.7550180Z             ),
test (windows-latest)	Run cargo test --all-features	2026-09-12T14:58:54.7550465Z             deadline_unix_millis: Some(
test (windows-latest)	Run cargo test --all-features	2026-09-12T14:58:54.7550822Z                 1789225042213,
test (windows-latest)	Run cargo test --all-features	2026-09-12T14:58:54.7551155Z             ),
test (windows-latest)	Run cargo test --all-features	2026-09-12T14:58:54.7551438Z             finished_unix_millis: Some(
test (windows-latest)	Run cargo test --all-features	2026-09-12T14:58:54.7551755Z                 1789225042344,
test (windows-latest)	Run cargo test --all-features	2026-09-12T14:58:54.7552007Z             ),
test (windows-latest)	Run cargo test --all-features	2026-09-12T14:58:54.7552260Z             primary_result: Some(
test (windows-latest)	Run cargo test --all-features	2026-09-12T14:58:54.7552602Z                 PrimaryInvocationResult {
test (windows-latest)	Run cargo test --all-features	2026-09-12T14:58:54.7552974Z                     schema_version: 1,
test (windows-latest)	Run cargo test --all-features	2026-09-12T14:58:54.7553321Z                     job_id: JobId {
test (windows-latest)	Run cargo test --all-features	2026-09-12T14:58:54.7553724Z                         store_uuid: 01a0961f-586b-7bf1-a5bb-86aba720bcee,
test (windows-latest)	Run cargo test --all-features	2026-09-12T14:58:54.7554240Z                         entity_uuid: 01a0961f-59f8-7733-ac94-d6f2bb9d11b0,
test (windows-latest)	Run cargo test --all-features	2026-09-12T14:58:54.7554699Z                     },
test (windows-latest)	Run cargo test --all-features	2026-09-12T14:58:54.7555014Z                     attempt_id: AttemptId {
test (windows-latest)	Run cargo test --all-features	2026-09-12T14:58:54.7555442Z                         store_uuid: 01a0961f-586b-7bf1-a5bb-86aba720bcee,
test (windows-latest)	Run cargo test --all-features	2026-09-12T14:58:54.7555898Z                         entity_uuid: 01a0961f-5aa2-74e2-8c09-d18b15038014,
test (windows-latest)	Run cargo test --all-features	2026-09-12T14:58:54.7556260Z                     },
test (windows-latest)	Run cargo test --all-features	2026-09-12T14:58:54.7556571Z                     invocation_id: InvocationId {
test (windows-latest)	Run cargo test --all-features	2026-09-12T14:58:54.7557025Z                         store_uuid: 01a0961f-586b-7bf1-a5bb-86aba720bcee,
test (windows-latest)	Run cargo test --all-features	2026-09-12T14:58:54.7557637Z                         entity_uuid: 01a0961f-5aa3-7a50-a391-dd050f0688ac,
test (windows-latest)	Run cargo test --all-features	2026-09-12T14:58:54.7558070Z                     },
test (windows-latest)	Run cargo test --all-features	2026-09-12T14:58:54.7558449Z                     verdict: Succeeded,
test (windows-latest)	Run cargo test --all-features	2026-09-12T14:58:54.7558840Z                     root_exit_code: Some(
test (windows-latest)	Run cargo test --all-features	2026-09-12T14:58:54.7559191Z                         0,
test (windows-latest)	Run cargo test --all-features	2026-09-12T14:58:54.7559453Z                     ),
test (windows-latest)	Run cargo test --all-features	2026-09-12T14:58:54.7559717Z                     termination: Exited,
test (windows-latest)	Run cargo test --all-features	2026-09-12T14:58:54.7560064Z                     containment: Empty,
test (windows-latest)	Run cargo test --all-features	2026-09-12T14:58:54.7560443Z                     started_unix_millis: Some(
test (windows-latest)	Run cargo test --all-features	2026-09-12T14:58:54.7560817Z                         1789225032389,
test (windows-latest)	Run cargo test --all-features	2026-09-12T14:58:54.7561150Z                     ),
test (windows-latest)	Run cargo test --all-features	2026-09-12T14:58:54.7561465Z                     exited_unix_millis: Some(
test (windows-latest)	Run cargo test --all-features	2026-09-12T14:58:54.7561837Z                         1789225032434,
test (windows-latest)	Run cargo test --all-features	2026-09-12T14:58:54.7562213Z                     ),
test (windows-latest)	Run cargo test --all-features	2026-09-12T14:58:54.7562504Z                     resolved_unix_millis: 1789225032482,
test (windows-latest)	Run cargo test --all-features	2026-09-12T14:58:54.7562821Z                 },
test (windows-latest)	Run cargo test --all-features	2026-09-12T14:58:54.7562996Z             ),
test (windows-latest)	Run cargo test --all-features	2026-09-12T14:58:54.7563180Z             admission: None,
test (windows-latest)	Run cargo test --all-features	2026-09-12T14:58:54.7563405Z             invocations: [
test (windows-latest)	Run cargo test --all-features	2026-09-12T14:58:54.7563637Z                 InvocationSnapshot {
test (windows-latest)	Run cargo test --all-features	2026-09-12T14:58:54.7563949Z                     invocation_id: InvocationId {
test (windows-latest)	Run cargo test --all-features	2026-09-12T14:58:54.7564330Z                         store_uuid: 01a0961f-586b-7bf1-a5bb-86aba720bcee,
test (windows-latest)	Run cargo test --all-features	2026-09-12T14:58:54.7564757Z                         entity_uuid: 01a0961f-5aa3-7a50-a391-dd050f0688ac,
test (windows-latest)	Run cargo test --all-features	2026-09-12T14:58:54.7565124Z                     },
test (windows-latest)	Run cargo test --all-features	2026-09-12T14:58:54.7565354Z                     role: Primary,
test (windows-latest)	Run cargo test --all-features	2026-09-12T14:58:54.7565630Z                     role_index: 0,
test (windows-latest)	Run cargo test --all-features	2026-09-12T14:58:54.7565903Z                     state: Resolved,
test (windows-latest)	Run cargo test --all-features	2026-09-12T14:58:54.7566185Z                     root_pid: Some(
test (windows-latest)	Run cargo test --all-features	2026-09-12T14:58:54.7566465Z                         6560,
test (windows-latest)	Run cargo test --all-features	2026-09-12T14:58:54.7566714Z                     ),
test (windows-latest)	Run cargo test --all-features	2026-09-12T14:58:54.7566917Z                     root_identity: Some(
test (windows-latest)	Run cargo test --all-features	2026-09-12T14:58:54.7567170Z                         Windows {
test (windows-latest)	Run cargo test --all-features	2026-09-12T14:58:54.7567415Z                             host_id: HostId(
test (windows-latest)	Run cargo test --all-features	2026-09-12T14:58:54.7567934Z                                 "sha256:4b1385ee2e4629b0eb6289edd498c9eecc63da45dfa24349f3e6a645beddc8db",
test (windows-latest)	Run cargo test --all-features	2026-09-12T14:58:54.7568456Z                             ),
test (windows-latest)	Run cargo test --all-features	2026-09-12T14:58:54.7568724Z                             boot_id: BootId(
test (windows-latest)	Run cargo test --all-features	2026-09-12T14:58:54.7569074Z                                 "780fd440-93d2-11f1-990e-3833c5d60e55",
test (windows-latest)	Run cargo test --all-features	2026-09-12T14:58:54.7569596Z                             ),
test (windows-latest)	Run cargo test --all-features	2026-09-12T14:58:54.7569865Z                             pid: 6560,
test (windows-latest)	Run cargo test --all-features	2026-09-12T14:58:54.7570253Z                             creation_filetime_100ns: 134336986323880304,
test (windows-latest)	Run cargo test --all-features	2026-09-12T14:58:54.7570569Z                         },
test (windows-latest)	Run cargo test --all-features	2026-09-12T14:58:54.7570803Z                     ),
test (windows-latest)	Run cargo test --all-features	2026-09-12T14:58:54.7571044Z                     root_exit_code: Some(
test (windows-latest)	Run cargo test --all-features	2026-09-12T14:58:54.7571338Z                         0,
test (windows-latest)	Run cargo test --all-features	2026-09-12T14:58:54.7571567Z                     ),
test (windows-latest)	Run cargo test --all-features	2026-09-12T14:58:54.7571808Z                     exit_classification: None,
test (windows-latest)	Run cargo test --all-features	2026-09-12T14:58:54.7572124Z                     executable_hash: Some(
test (windows-latest)	Run cargo test --all-features	2026-09-12T14:58:54.7572575Z                         "64afc6db3aad1289533662e2d79e27dd55c7dcdb8cd918b08e145ad82ad5acb4",
test (windows-latest)	Run cargo test --all-features	2026-09-12T14:58:54.7573027Z                     ),
test (windows-latest)	Run cargo test --all-features	2026-09-12T14:58:54.7573264Z                     daemon_generation: Some(
test (windows-latest)	Run cargo test --all-features	2026-09-12T14:58:54.7573581Z                         01a0961f-59c4-7fb2-8d0a-d178e6108651,
test (windows-latest)	Run cargo test --all-features	2026-09-12T14:58:54.7573880Z                     ),
test (windows-latest)	Run cargo test --all-features	2026-09-12T14:58:54.7574127Z                     started_unix_millis: Some(
test (windows-latest)	Run cargo test --all-features	2026-09-12T14:58:54.7574432Z                         1789225032389,
test (windows-latest)	Run cargo test --all-features	2026-09-12T14:58:54.7574674Z                     ),
test (windows-latest)	Run cargo test --all-features	2026-09-12T14:58:54.7574917Z                     finished_unix_millis: Some(
test (windows-latest)	Run cargo test --all-features	2026-09-12T14:58:54.7575216Z                         1789225032482,
test (windows-latest)	Run cargo test --all-features	2026-09-12T14:58:54.7575589Z                     ),
test (windows-latest)	Run cargo test --all-features	2026-09-12T14:58:54.7575835Z                     containment: ContainmentSnapshot {
test (windows-latest)	Run cargo test --all-features	2026-09-12T14:58:54.7576174Z                         containment_id: ContainmentId {
test (windows-latest)	Run cargo test --all-features	2026-09-12T14:58:54.7576640Z                             store_uuid: 01a0961f-586b-7bf1-a5bb-86aba720bcee,
test (windows-latest)	Run cargo test --all-features	2026-09-12T14:58:54.7577079Z                             entity_uuid: 01a0961f-5aa3-7a50-a391-dd139c823668,
test (windows-latest)	Run cargo test --all-features	2026-09-12T14:58:54.7577436Z                         },
test (windows-latest)	Run cargo test --all-features	2026-09-12T14:58:54.7577693Z                         state: Empty,
test (windows-latest)	Run cargo test --all-features	2026-09-12T14:58:54.7577989Z                         strength: "windows_job_object",
test (windows-latest)	Run cargo test --all-features	2026-09-12T14:58:54.7578308Z                         incident_id: None,
test (windows-latest)	Run cargo test --all-features	2026-09-12T14:58:54.7578589Z                         incident: None,
test (windows-latest)	Run cargo test --all-features	2026-09-12T14:58:54.7578874Z                         resolution: None,
test (windows-latest)	Run cargo test --all-features	2026-09-12T14:58:54.7579191Z                         resolution_audit: None,
test (windows-latest)	Run cargo test --all-features	2026-09-12T14:58:54.7579480Z                     },
test (windows-latest)	Run cargo test --all-features	2026-09-12T14:58:54.7579723Z                     stdout_tail: "primary\r\n",
test (windows-latest)	Run cargo test --all-features	2026-09-12T14:58:54.7580046Z                     stderr_tail: "",
test (windows-latest)	Run cargo test --all-features	2026-09-12T14:58:54.7580256Z                 },
test (windows-latest)	Run cargo test --all-features	2026-09-12T14:58:54.7580403Z                 InvocationSnapshot {
test (windows-latest)	Run cargo test --all-features	2026-09-12T14:58:54.7580606Z                     invocation_id: InvocationId {
test (windows-latest)	Run cargo test --all-features	2026-09-12T14:58:54.7580841Z                         store_uuid: 01a0961f-586b-7bf1-a5bb-86aba720bcee,
test (windows-latest)	Run cargo test --all-features	2026-09-12T14:58:54.7581106Z                         entity_uuid: 01a0961f-5b41-7a01-b636-c7648de02f25,
test (windows-latest)	Run cargo test --all-features	2026-09-12T14:58:54.7581331Z                     },
test (windows-latest)	Run cargo test --all-features	2026-09-12T14:58:54.7581496Z                     role: Postcondition,
test (windows-latest)	Run cargo test --all-features	2026-09-12T14:58:54.7581683Z                     role_index: 1,
test (windows-latest)	Run cargo test --all-features	2026-09-12T14:58:54.7581858Z                     state: Resolved,
test (windows-latest)	Run cargo test --all-features	2026-09-12T14:58:54.7582035Z                     root_pid: Some(
test (windows-latest)	Run cargo test --all-features	2026-09-12T14:58:54.7582211Z                         7924,
test (windows-latest)	Run cargo test --all-features	2026-09-12T14:58:54.7582368Z                     ),
test (windows-latest)	Run cargo test --all-features	2026-09-12T14:58:54.7582525Z                     root_identity: Some(
test (windows-latest)	Run cargo test --all-features	2026-09-12T14:58:54.7582708Z                         Windows {
test (windows-latest)	Run cargo test --all-features	2026-09-12T14:58:54.7582886Z                             host_id: HostId(
test (windows-latest)	Run cargo test --all-features	2026-09-12T14:58:54.7583254Z                                 "sha256:4b1385ee2e4629b0eb6289edd498c9eecc63da45dfa24349f3e6a645beddc8db",
test (windows-latest)	Run cargo test --all-features	2026-09-12T14:58:54.7583673Z                             ),
test (windows-latest)	Run cargo test --all-features	2026-09-12T14:58:54.7583924Z                             boot_id: BootId(
test (windows-latest)	Run cargo test --all-features	2026-09-12T14:58:54.7584229Z                                 "780fd440-93d2-11f1-990e-3833c5d60e55",
test (windows-latest)	Run cargo test --all-features	2026-09-12T14:58:54.7584558Z                             ),
test (windows-latest)	Run cargo test --all-features	2026-09-12T14:58:54.7584804Z                             pid: 7924,
test (windows-latest)	Run cargo test --all-features	2026-09-12T14:58:54.7585125Z                             creation_filetime_100ns: 134336986325512828,
test (windows-latest)	Run cargo test --all-features	2026-09-12T14:58:54.7585465Z                         },
test (windows-latest)	Run cargo test --all-features	2026-09-12T14:58:54.7585688Z                     ),
test (windows-latest)	Run cargo test --all-features	2026-09-12T14:58:54.7585923Z                     root_exit_code: Some(
test (windows-latest)	Run cargo test --all-features	2026-09-12T14:58:54.7586209Z                         21,
test (windows-latest)	Run cargo test --all-features	2026-09-12T14:58:54.7586433Z                     ),
test (windows-latest)	Run cargo test --all-features	2026-09-12T14:58:54.7586601Z                     exit_classification: None,
test (windows-latest)	Run cargo test --all-features	2026-09-12T14:58:54.7586877Z                     executable_hash: Some(
test (windows-latest)	Run cargo test --all-features	2026-09-12T14:58:54.7587346Z                         "f1f0ba58b157a1e4509d67f49266be9c94c463636c76d368e375a235cbaeee1d",
test (windows-latest)	Run cargo test --all-features	2026-09-12T14:58:54.7587672Z                     ),
test (windows-latest)	Run cargo test --all-features	2026-09-12T14:58:54.7587832Z                     daemon_generation: Some(
test (windows-latest)	Run cargo test --all-features	2026-09-12T14:58:54.7588047Z                         01a0961f-59c4-7fb2-8d0a-d178e6108651,
test (windows-latest)	Run cargo test --all-features	2026-09-12T14:58:54.7588251Z                     ),
test (windows-latest)	Run cargo test --all-features	2026-09-12T14:58:54.7588408Z                     started_unix_millis: Some(
test (windows-latest)	Run cargo test --all-features	2026-09-12T14:58:54.7588605Z                         1789225032552,
test (windows-latest)	Run cargo test --all-features	2026-09-12T14:58:54.7588771Z                     ),
test (windows-latest)	Run cargo test --all-features	2026-09-12T14:58:54.7588927Z                     finished_unix_millis: Some(
test (windows-latest)	Run cargo test --all-features	2026-09-12T14:58:54.7589118Z                         1789225042314,
test (windows-latest)	Run cargo test --all-features	2026-09-12T14:58:54.7589293Z                     ),
test (windows-latest)	Run cargo test --all-features	2026-09-12T14:58:54.7589755Z                     containment: ContainmentSnapshot {
test (windows-latest)	Run cargo test --all-features	2026-09-12T14:58:54.7590141Z                         containment_id: ContainmentId {
test (windows-latest)	Run cargo test --all-features	2026-09-12T14:58:54.7590389Z                             store_uuid: 01a0961f-586b-7bf1-a5bb-86aba720bcee,
test (windows-latest)	Run cargo test --all-features	2026-09-12T14:58:54.7590739Z                             entity_uuid: 01a0961f-5b41-7a01-b636-c77e6c2d97f2,
test (windows-latest)	Run cargo test --all-features	2026-09-12T14:58:54.7590964Z                         },
test (windows-latest)	Run cargo test --all-features	2026-09-12T14:58:54.7591130Z                         state: Empty,
test (windows-latest)	Run cargo test --all-features	2026-09-12T14:58:54.7591321Z                         strength: "windows_job_object",
test (windows-latest)	Run cargo test --all-features	2026-09-12T14:58:54.7591519Z                         incident_id: None,
test (windows-latest)	Run cargo test --all-features	2026-09-12T14:58:54.7591747Z                         incident: None,
test (windows-latest)	Run cargo test --all-features	2026-09-12T14:58:54.7591934Z                         resolution: None,
test (windows-latest)	Run cargo test --all-features	2026-09-12T14:58:54.7592124Z                         resolution_audit: None,
test (windows-latest)	Run cargo test --all-features	2026-09-12T14:58:54.7592306Z                     },
test (windows-latest)	Run cargo test --all-features	2026-09-12T14:58:54.7592449Z                     stdout_tail: "",
test (windows-latest)	Run cargo test --all-features	2026-09-12T14:58:54.7592621Z                     stderr_tail: "",
test (windows-latest)	Run cargo test --all-features	2026-09-12T14:58:54.7592787Z                 },
test (windows-latest)	Run cargo test --all-features	2026-09-12T14:58:54.7592924Z             ],
test (windows-latest)	Run cargo test --all-features	2026-09-12T14:58:54.7593052Z         },
test (windows-latest)	Run cargo test --all-features	2026-09-12T14:58:54.7593173Z     ],
test (windows-latest)	Run cargo test --all-features	2026-09-12T14:58:54.7593301Z     allocations: [
test (windows-latest)	Run cargo test --all-features	2026-09-12T14:58:54.7593461Z         NativeAllocationSnapshot {
test (windows-latest)	Run cargo test --all-features	2026-09-12T14:58:54.7593644Z             grant_id: GrantId {
test (windows-latest)	Run cargo test --all-features	2026-09-12T14:58:54.7593842Z                 store_uuid: 01a0961f-586b-7bf1-a5bb-86aba720bcee,
test (windows-latest)	Run cargo test --all-features	2026-09-12T14:58:54.7594098Z                 entity_uuid: 01a0961f-5aa3-7a50-a391-dd2f5b0a3d9c,
test (windows-latest)	Run cargo test --all-features	2026-09-12T14:58:54.7594312Z             },
test (windows-latest)	Run cargo test --all-features	2026-09-12T14:58:54.7594474Z             lease_id: 01a0961f-5aa3-7a50-a391-dd2f5b0a3d9c,
test (windows-latest)	Run cargo test --all-features	2026-09-12T14:58:54.7594683Z             key: None,
test (windows-latest)	Run cargo test --all-features	2026-09-12T14:58:54.7594835Z             owner: Work {
test (windows-latest)	Run cargo test --all-features	2026-09-12T14:58:54.7594994Z                 job_id: JobId {
test (windows-latest)	Run cargo test --all-features	2026-09-12T14:58:54.7595191Z                     store_uuid: 01a0961f-586b-7bf1-a5bb-86aba720bcee,
test (windows-latest)	Run cargo test --all-features	2026-09-12T14:58:54.7595448Z                     entity_uuid: 01a0961f-59f8-7733-ac94-d6f2bb9d11b0,
test (windows-latest)	Run cargo test --all-features	2026-09-12T14:58:54.7595663Z                 },
test (windows-latest)	Run cargo test --all-features	2026-09-12T14:58:54.7595802Z                 attempt_id: AttemptId {
test (windows-latest)	Run cargo test --all-features	2026-09-12T14:58:54.7596014Z                     store_uuid: 01a0961f-586b-7bf1-a5bb-86aba720bcee,
test (windows-latest)	Run cargo test --all-features	2026-09-12T14:58:54.7596258Z                     entity_uuid: 01a0961f-5aa2-74e2-8c09-d18b15038014,
test (windows-latest)	Run cargo test --all-features	2026-09-12T14:58:54.7596470Z                 },
test (windows-latest)	Run cargo test --all-features	2026-09-12T14:58:54.7596594Z             },
test (windows-latest)	Run cargo test --all-features	2026-09-12T14:58:54.7596732Z             state: Released,
test (windows-latest)	Run cargo test --all-features	2026-09-12T14:58:54.7596894Z             claims: Claims {
test (windows-latest)	Run cargo test --all-features	2026-09-12T14:58:54.7597048Z                 scalars: {
test (windows-latest)	Run cargo test --all-features	2026-09-12T14:58:54.7597207Z                     "cargo_slots": 0,
test (windows-latest)	Run cargo test --all-features	2026-09-12T14:58:54.7597513Z                     "cpu_units": 0,
test (windows-latest)	Run cargo test --all-features	2026-09-12T14:58:54.7597688Z                     "gpu_slots": 0,
test (windows-latest)	Run cargo test --all-features	2026-09-12T14:58:54.7597856Z                     "ram_mb": 0,
test (windows-latest)	Run cargo test --all-features	2026-09-12T14:58:54.7598012Z                 },
test (windows-latest)	Run cargo test --all-features	2026-09-12T14:58:54.7598174Z                 shared_fences: [],
test (windows-latest)	Run cargo test --all-features	2026-09-12T14:58:54.7598438Z                 exclusive_fences: [],
test (windows-latest)	Run cargo test --all-features	2026-09-12T14:58:54.7598976Z                 impacts: [],
test (windows-latest)	Run cargo test --all-features	2026-09-12T14:58:54.7599152Z             },
test (windows-latest)	Run cargo test --all-features	2026-09-12T14:58:54.7599277Z         },
test (windows-latest)	Run cargo test --all-features	2026-09-12T14:58:54.7599396Z     ],
test (windows-latest)	Run cargo test --all-features	2026-09-12T14:58:54.7599537Z     gpu_provenance: None,
test (windows-latest)	Run cargo test --all-features	2026-09-12T14:58:54.7599702Z     admission: None,
test (windows-latest)	Run cargo test --all-features	2026-09-12T14:58:54.7599898Z     daemon_generation: 01a0961f-59c4-7fb2-8d0a-d178e6108651,
test (windows-latest)	Run cargo test --all-features	2026-09-12T14:58:54.7600161Z }
test (windows-latest)	Run cargo test --all-features	2026-09-12T14:58:54.7600282Z   left: Final
test (windows-latest)	Run cargo test --all-features	2026-09-12T14:58:54.7600417Z  right: Pending
test (windows-latest)	Run cargo test --all-features	2026-09-12T14:58:54.7600655Z note: run with `RUST_BACKTRACE=1` environment variable to display a backtrace
test (windows-latest)	Run cargo test --all-features	2026-09-12T14:58:54.7600879Z 
test (windows-latest)	Run cargo test --all-features	2026-09-12T14:58:54.7601122Z ---- runner::windows::tests::primary_tree_is_empty_before_postcondition_receives_immutable_result stdout ----
test (windows-latest)	Run cargo test --all-features	2026-09-12T14:58:54.7601428Z 
test (windows-latest)	Run cargo test --all-features	2026-09-12T14:58:54.7601763Z thread 'runner::windows::tests::primary_tree_is_empty_before_postcondition_receives_immutable_result' (3400) panicked at src\runner\windows.rs:1681:9:
test (windows-latest)	Run cargo test --all-features	2026-09-12T14:58:54.7602350Z missing validator result: JobSnapshot {
test (windows-latest)	Run cargo test --all-features	2026-09-12T14:58:54.7602541Z     job_id: JobId {
test (windows-latest)	Run cargo test --all-features	2026-09-12T14:58:54.7602718Z         store_uuid: 01a0961f-5926-7180-b210-9980cc23e0ac,
test (windows-latest)	Run cargo test --all-features	2026-09-12T14:58:54.7602954Z         entity_uuid: 01a0961f-5b44-7162-a551-b9988c3b2297,
test (windows-latest)	Run cargo test --all-features	2026-09-12T14:58:54.7603890Z     },
test (windows-latest)	Run cargo test --all-features	2026-09-12T14:58:54.7604030Z     submission_id: SubmissionId {
test (windows-latest)	Run cargo test --all-features	2026-09-12T14:58:54.7604232Z         store_uuid: 01a0961f-5926-7180-b210-9980cc23e0ac,
test (windows-latest)	Run cargo test --all-features	2026-09-12T14:58:54.7604546Z         entity_uuid: 01a0961f-5b3f-7460-8ae9-f0886de06c0e,
test (windows-latest)	Run cargo test --all-features	2026-09-12T14:58:54.7604808Z     },
test (windows-latest)	Run cargo test --all-features	2026-09-12T14:58:54.7604991Z     batch_id: None,
test (windows-latest)	Run cargo test --all-features	2026-09-12T14:58:54.7605196Z     batch_member: None,
test (windows-latest)	Run cargo test --all-features	2026-09-12T14:58:54.7605412Z     state: Final,
test (windows-latest)	Run cargo test --all-features	2026-09-12T14:58:54.7605614Z     outcome: Some(
test (windows-latest)	Run cargo test --all-features	2026-09-12T14:58:54.7605813Z         TimedOut,
test (windows-latest)	Run cargo test --all-features	2026-09-12T14:58:54.7606005Z     ),
test (windows-latest)	Run cargo test --all-features	2026-09-12T14:58:54.7606237Z     reason_code: None,
test (windows-latest)	Run cargo test --all-features	2026-09-12T14:58:54.7606521Z     attempt_id: Some(
test (windows-latest)	Run cargo test --all-features	2026-09-12T14:58:54.7606807Z         AttemptId {
test (windows-latest)	Run cargo test --all-features	2026-09-12T14:58:54.7607348Z             store_uuid: 01a0961f-5926-7180-b210-9980cc23e0ac,
test (windows-latest)	Run cargo test --all-features	2026-09-12T14:58:54.7607693Z             entity_uuid: 01a0961f-5b5b-7ef3-b9a2-faaee323ef8e,
test (windows-latest)	Run cargo test --all-features	2026-09-12T14:58:54.7607974Z         },
test (windows-latest)	Run cargo test --all-features	2026-09-12T14:58:54.7608157Z     ),
test (windows-latest)	Run cargo test --all-features	2026-09-12T14:58:54.7618567Z     invocation_id: Some(
test (windows-latest)	Run cargo test --all-features	2026-09-12T14:58:54.7618887Z         InvocationId {
test (windows-latest)	Run cargo test --all-features	2026-09-12T14:58:54.7619171Z             store_uuid: 01a0961f-5926-7180-b210-9980cc23e0ac,
test (windows-latest)	Run cargo test --all-features	2026-09-12T14:58:54.7619565Z             entity_uuid: 01a0961f-5b5b-7ef3-b9a2-fab68e4a5cf2,
test (windows-latest)	Run cargo test --all-features	2026-09-12T14:58:54.7619881Z         },
test (windows-latest)	Run cargo test --all-features	2026-09-12T14:58:54.7620052Z     ),
test (windows-latest)	Run cargo test --all-features	2026-09-12T14:58:54.7620251Z     containment_id: Some(
test (windows-latest)	Run cargo test --all-features	2026-09-12T14:58:54.7620507Z         ContainmentId {
test (windows-latest)	Run cargo test --all-features	2026-09-12T14:58:54.7620718Z             store_uuid: 01a0961f-5926-7180-b210-9980cc23e0ac,
test (windows-latest)	Run cargo test --all-features	2026-09-12T14:58:54.7620984Z             entity_uuid: 01a0961f-5b5b-7ef3-b9a2-faca762a379a,
test (windows-latest)	Run cargo test --all-features	2026-09-12T14:58:54.7621198Z         },
test (windows-latest)	Run cargo test --all-features	2026-09-12T14:58:54.7621327Z     ),
test (windows-latest)	Run cargo test --all-features	2026-09-12T14:58:54.7621470Z     root_exit_code: Some(
test (windows-latest)	Run cargo test --all-features	2026-09-12T14:58:54.7621627Z         21,
test (windows-latest)	Run cargo test --all-features	2026-09-12T14:58:54.7621749Z     ),
test (windows-latest)	Run cargo test --all-features	2026-09-12T14:58:54.7621883Z     cancel_requested: false,
test (windows-latest)	Run cargo test --all-features	2026-09-12T14:58:54.7622065Z     accepted_unix_millis: 1789225032516,
test (windows-latest)	Run cargo test --all-features	2026-09-12T14:58:54.7622261Z     priority: 0,
test (windows-latest)	Run cargo test --all-features	2026-09-12T14:58:54.7622432Z     effective_priority: None,
test (windows-latest)	Run cargo test --all-features	2026-09-12T14:58:54.7622605Z     queue_rank: None,
test (windows-latest)	Run cargo test --all-features	2026-09-12T14:58:54.7622756Z     reservation: None,
test (windows-latest)	Run cargo test --all-features	2026-09-12T14:58:54.7622908Z     conditions: [],
test (windows-latest)	Run cargo test --all-features	2026-09-12T14:58:54.7623060Z     started_unix_millis: Some(
test (windows-latest)	Run cargo test --all-features	2026-09-12T14:58:54.7623228Z         1789225032561,
test (windows-latest)	Run cargo test --all-features	2026-09-12T14:58:54.7623364Z     ),
test (windows-latest)	Run cargo test --all-features	2026-09-12T14:58:54.7623498Z     finished_unix_millis: Some(
test (windows-latest)	Run cargo test --all-features	2026-09-12T14:58:54.7623665Z         1789225042729,
test (windows-latest)	Run cargo test --all-features	2026-09-12T14:58:54.7623799Z     ),
test (windows-latest)	Run cargo test --all-features	2026-09-12T14:58:54.7623928Z     spec: JobSpec {
test (windows-latest)	Run cargo test --all-features	2026-09-12T14:58:54.7624071Z         spec_version: 4,
test (windows-latest)	Run cargo test --all-features	2026-09-12T14:58:54.7624235Z         priority: 0,
test (windows-latest)	Run cargo test --all-features	2026-09-12T14:58:54.7624485Z         executable: "C:\\Windows\\System32\\WindowsPowerShell\\v1.0\\powershell.exe",
test (windows-latest)	Run cargo test --all-features	2026-09-12T14:58:54.7624774Z         args: [
test (windows-latest)	Run cargo test --all-features	2026-09-12T14:58:54.7624919Z             "-NoLogo",
test (windows-latest)	Run cargo test --all-features	2026-09-12T14:58:54.7625071Z             "-NoProfile",
test (windows-latest)	Run cargo test --all-features	2026-09-12T14:58:54.7625236Z             "-NonInteractive",
test (windows-latest)	Run cargo test --all-features	2026-09-12T14:58:54.7625403Z             "-Command",
test (windows-latest)	Run cargo test --all-features	2026-09-12T14:58:54.7626759Z             "$child = Start-Process -FilePath $PSHOME\\powershell.exe -ArgumentList @('-NoLogo','-NoProfile','-NonInteractive','-Command', '$PID | Set-Content -LiteralPath \"C:\\Users\\RUNNER~1\\AppData\\Local\\Temp\\.tmpo0HR8m\\grandchild.pid\"; Start-Sleep -Seconds 30') -PassThru; while (-not (Test-Path -LiteralPath 'C:\\Users\\RUNNER~1\\AppData\\Local\\Temp\\.tmpo0HR8m\\grandchild.pid')) { Start-Sleep -Milliseconds 10 }; exit 25",
test (windows-latest)	Run cargo test --all-features	2026-09-12T14:58:54.7628261Z         ],
test (windows-latest)	Run cargo test --all-features	2026-09-12T14:58:54.7628494Z         working_directory: "C:\\Users\\RUNNER~1\\AppData\\Local\\Temp\\.tmpo0HR8m",
test (windows-latest)	Run cargo test --all-features	2026-09-12T14:58:54.7628775Z         stdin: Eof,
test (windows-latest)	Run cargo test --all-features	2026-09-12T14:58:54.7629095Z         environment: EnvironmentSpec {
test (windows-latest)	Run cargo test --all-features	2026-09-12T14:58:54.7629286Z             set: {},
test (windows-latest)	Run cargo test --all-features	2026-09-12T14:58:54.7629432Z             unset: [],
test (windows-latest)	Run cargo test --all-features	2026-09-12T14:58:54.7629568Z         },
test (windows-latest)	Run cargo test --all-features	2026-09-12T14:58:54.7629784Z         resources: ResourceClaims {
test (windows-latest)	Run cargo test --all-features	2026-09-12T14:58:54.7629970Z             cpu_units: None,
test (windows-latest)	Run cargo test --all-features	2026-09-12T14:58:54.7630129Z             ram_mb: None,
test (windows-latest)	Run cargo test --all-features	2026-09-12T14:58:54.7630306Z             cargo_slots: None,
test (windows-latest)	Run cargo test --all-features	2026-09-12T14:58:54.7630473Z             gpu_slots: None,
test (windows-latest)	Run cargo test --all-features	2026-09-12T14:58:54.7630632Z             custom: {},
test (windows-latest)	Run cargo test --all-features	2026-09-12T14:58:54.7630787Z             shared_fences: [],
test (windows-latest)	Run cargo test --all-features	2026-09-12T14:58:54.7630955Z             exclusive_fences: [],
test (windows-latest)	Run cargo test --all-features	2026-09-12T14:58:54.7631129Z             impacts: [],
test (windows-latest)	Run cargo test --all-features	2026-09-12T14:58:54.7631276Z         },
test (windows-latest)	Run cargo test --all-features	2026-09-12T14:58:54.7631405Z         observed: None,
test (windows-latest)	Run cargo test --all-features	2026-09-12T14:58:54.7631553Z         conditions: [],
test (windows-latest)	Run cargo test --all-features	2026-09-12T14:58:54.7631701Z         retry: RetryPolicy {
test (windows-latest)	Run cargo test --all-features	2026-09-12T14:58:54.7631863Z             max_attempts: 1,
test (windows-latest)	Run cargo test --all-features	2026-09-12T14:58:54.7632029Z             backoff_seconds: 0,
test (windows-latest)	Run cargo test --all-features	2026-09-12T14:58:54.7632204Z             retryable: [],
test (windows-latest)	Run cargo test --all-features	2026-09-12T14:58:54.7632353Z         },
test (windows-latest)	Run cargo test --all-features	2026-09-12T14:58:54.7632483Z         postconditions: [
test (windows-latest)	Run cargo test --all-features	2026-09-12T14:58:54.7632651Z             PostconditionSpec {
test (windows-latest)	Run cargo test --all-features	2026-09-12T14:58:54.7632927Z                 executable: "C:\\Windows\\System32\\WindowsPowerShell\\v1.0\\powershell.exe",
test (windows-latest)	Run cargo test --all-features	2026-09-12T14:58:54.7633214Z                 args: [
test (windows-latest)	Run cargo test --all-features	2026-09-12T14:58:54.7633361Z                     "-NoLogo",
test (windows-latest)	Run cargo test --all-features	2026-09-12T14:58:54.7633523Z                     "-NoProfile",
test (windows-latest)	Run cargo test --all-features	2026-09-12T14:58:54.7633699Z                     "-NonInteractive",
test (windows-latest)	Run cargo test --all-features	2026-09-12T14:58:54.7633876Z                     "-Command",
test (windows-latest)	Run cargo test --all-features	2026-09-12T14:58:54.7635236Z                     "$result = $env:STILLYARD_PRIMARY_RESULT | ConvertFrom-Json; $childPid = [int](Get-Content -LiteralPath 'C:\\Users\\RUNNER~1\\AppData\\Local\\Temp\\.tmpo0HR8m\\grandchild.pid'); if (Get-Process -Id $childPid -ErrorAction SilentlyContinue) { exit 91 }; $result | ConvertTo-Json -Compress | Set-Content -LiteralPath 'C:\\Users\\RUNNER~1\\AppData\\Local\\Temp\\.tmpo0HR8m\\primary-result.json'; if ($result.root_exit_code -ne 25 -or $result.verdict -ne 'process_failed' -or $result.containment -ne 'empty') { exit 92 }; exit 0",
test (windows-latest)	Run cargo test --all-features	2026-09-12T14:58:54.7636611Z                 ],
test (windows-latest)	Run cargo test --all-features	2026-09-12T14:58:54.7636768Z                 working_directory: None,
test (windows-latest)	Run cargo test --all-features	2026-09-12T14:58:54.7637039Z                 accepted_exit_codes: [
test (windows-latest)	Run cargo test --all-features	2026-09-12T14:58:54.7637281Z                     0,
test (windows-latest)	Run cargo test --all-features	2026-09-12T14:58:54.7637423Z                 ],
test (windows-latest)	Run cargo test --all-features	2026-09-12T14:58:54.7637565Z                 retryable_exit_codes: [],
test (windows-latest)	Run cargo test --all-features	2026-09-12T14:58:54.7637747Z             },
test (windows-latest)	Run cargo test --all-features	2026-09-12T14:58:54.7637877Z         ],
test (windows-latest)	Run cargo test --all-features	2026-09-12T14:58:54.7638002Z         labels: [],
test (windows-latest)	Run cargo test --all-features	2026-09-12T14:58:54.7638152Z         expected_duration_seconds: Some(
test (windows-latest)	Run cargo test --all-features	2026-09-12T14:58:54.7638332Z             1,
test (windows-latest)	Run cargo test --all-features	2026-09-12T14:58:54.7638456Z         ),
test (windows-latest)	Run cargo test --all-features	2026-09-12T14:58:54.7638617Z         timeout_seconds: Some(
test (windows-latest)	Run cargo test --all-features	2026-09-12T14:58:54.7638787Z             10,
test (windows-latest)	Run cargo test --all-features	2026-09-12T14:58:54.7638924Z         ),
test (windows-latest)	Run cargo test --all-features	2026-09-12T14:58:54.7639055Z         quiet: None,
test (windows-latest)	Run cargo test --all-features	2026-09-12T14:58:54.7639198Z         artifacts: [],
test (windows-latest)	Run cargo test --all-features	2026-09-12T14:58:54.7639356Z         child_submission_policy: None,
test (windows-latest)	Run cargo test --all-features	2026-09-12T14:58:54.7639533Z     },
test (windows-latest)	Run cargo test --all-features	2026-09-12T14:58:54.7639725Z     parent: None,
test (windows-latest)	Run cargo test --all-features	2026-09-12T14:58:54.7639984Z     managed_policy_admission: None,
test (windows-latest)	Run cargo test --all-features	2026-09-12T14:58:54.7640170Z     blockers: [],
test (windows-latest)	Run cargo test --all-features	2026-09-12T14:58:54.7640303Z     attempts: [
test (windows-latest)	Run cargo test --all-features	2026-09-12T14:58:54.7640447Z         AttemptSnapshot {
test (windows-latest)	Run cargo test --all-features	2026-09-12T14:58:54.7640612Z             attempt_id: AttemptId {
test (windows-latest)	Run cargo test --all-features	2026-09-12T14:58:54.7640820Z                 store_uuid: 01a0961f-5926-7180-b210-9980cc23e0ac,
test (windows-latest)	Run cargo test --all-features	2026-09-12T14:58:54.7641089Z                 entity_uuid: 01a0961f-5b5b-7ef3-b9a2-faaee323ef8e,
test (windows-latest)	Run cargo test --all-features	2026-09-12T14:58:54.7641302Z             },
test (windows-latest)	Run cargo test --all-features	2026-09-12T14:58:54.7641453Z             attempt_index: 1,
test (windows-latest)	Run cargo test --all-features	2026-09-12T14:58:54.7641625Z             verdict: Some(
test (windows-latest)	Run cargo test --all-features	2026-09-12T14:58:54.7641789Z                 TimedOut,
test (windows-latest)	Run cargo test --all-features	2026-09-12T14:58:54.7641931Z             ),
test (windows-latest)	Run cargo test --all-features	2026-09-12T14:58:54.7642176Z             reason_code: None,
test (windows-latest)	Run cargo test --all-features	2026-09-12T14:58:54.7642350Z             created_unix_millis: 1789225032538,
test (windows-latest)	Run cargo test --all-features	2026-09-12T14:58:54.7642555Z             started_unix_millis: Some(
test (windows-latest)	Run cargo test --all-features	2026-09-12T14:58:54.7642800Z                 1789225032538,
test (windows-latest)	Run cargo test --all-features	2026-09-12T14:58:54.7642946Z             ),
test (windows-latest)	Run cargo test --all-features	2026-09-12T14:58:54.7643085Z             deadline_unix_millis: Some(
test (windows-latest)	Run cargo test --all-features	2026-09-12T14:58:54.7643260Z                 1789225042538,
test (windows-latest)	Run cargo test --all-features	2026-09-12T14:58:54.7643405Z             ),
test (windows-latest)	Run cargo test --all-features	2026-09-12T14:58:54.7643536Z             finished_unix_millis: Some(
test (windows-latest)	Run cargo test --all-features	2026-09-12T14:58:54.7643716Z                 1789225042729,
test (windows-latest)	Run cargo test --all-features	2026-09-12T14:58:54.7643857Z             ),
test (windows-latest)	Run cargo test --all-features	2026-09-12T14:58:54.7643993Z             primary_result: Some(
test (windows-latest)	Run cargo test --all-features	2026-09-12T14:58:54.7644179Z                 PrimaryInvocationResult {
test (windows-latest)	Run cargo test --all-features	2026-09-12T14:58:54.7644374Z                     schema_version: 1,
test (windows-latest)	Run cargo test --all-features	2026-09-12T14:58:54.7644548Z                     job_id: JobId {
test (windows-latest)	Run cargo test --all-features	2026-09-12T14:58:54.7644752Z                         store_uuid: 01a0961f-5926-7180-b210-9980cc23e0ac,
test (windows-latest)	Run cargo test --all-features	2026-09-12T14:58:54.7645027Z                         entity_uuid: 01a0961f-5b44-7162-a551-b9988c3b2297,
test (windows-latest)	Run cargo test --all-features	2026-09-12T14:58:54.7645247Z                     },
test (windows-latest)	Run cargo test --all-features	2026-09-12T14:58:54.7645402Z                     attempt_id: AttemptId {
test (windows-latest)	Run cargo test --all-features	2026-09-12T14:58:54.7645637Z                         store_uuid: 01a0961f-5926-7180-b210-9980cc23e0ac,
test (windows-latest)	Run cargo test --all-features	2026-09-12T14:58:54.7645891Z                         entity_uuid: 01a0961f-5b5b-7ef3-b9a2-faaee323ef8e,
test (windows-latest)	Run cargo test --all-features	2026-09-12T14:58:54.7646110Z                     },
test (windows-latest)	Run cargo test --all-features	2026-09-12T14:58:54.7646272Z                     invocation_id: InvocationId {
test (windows-latest)	Run cargo test --all-features	2026-09-12T14:58:54.7646507Z                         store_uuid: 01a0961f-5926-7180-b210-9980cc23e0ac,
test (windows-latest)	Run cargo test --all-features	2026-09-12T14:58:54.7646760Z                         entity_uuid: 01a0961f-5b5b-7ef3-b9a2-fab68e4a5cf2,
test (windows-latest)	Run cargo test --all-features	2026-09-12T14:58:54.7646978Z                     },
test (windows-latest)	Run cargo test --all-features	2026-09-12T14:58:54.7647123Z                     verdict: TimedOut,
test (windows-latest)	Run cargo test --all-features	2026-09-12T14:58:54.7647569Z                     root_exit_code: Some(
test (windows-latest)	Run cargo test --all-features	2026-09-12T14:58:54.7647755Z                         21,
test (windows-latest)	Run cargo test --all-features	2026-09-12T14:58:54.7647908Z                     ),
test (windows-latest)	Run cargo test --all-features	2026-09-12T14:58:54.7648053Z                     termination: Timeout,
test (windows-latest)	Run cargo test --all-features	2026-09-12T14:58:54.7648234Z                     containment: Empty,
test (windows-latest)	Run cargo test --all-features	2026-09-12T14:58:54.7648421Z                     started_unix_millis: Some(
test (windows-latest)	Run cargo test --all-features	2026-09-12T14:58:54.7648607Z                         1789225032561,
test (windows-latest)	Run cargo test --all-features	2026-09-12T14:58:54.7648764Z                     ),
test (windows-latest)	Run cargo test --all-features	2026-09-12T14:58:54.7648911Z                     exited_unix_millis: Some(
test (windows-latest)	Run cargo test --all-features	2026-09-12T14:58:54.7649097Z                         1789225042662,
test (windows-latest)	Run cargo test --all-features	2026-09-12T14:58:54.7649261Z                     ),
test (windows-latest)	Run cargo test --all-features	2026-09-12T14:58:54.7649419Z                     resolved_unix_millis: 1789225042677,
test (windows-latest)	Run cargo test --all-features	2026-09-12T14:58:54.7649625Z                 },
test (windows-latest)	Run cargo test --all-features	2026-09-12T14:58:54.7649753Z             ),
test (windows-latest)	Run cargo test --all-features	2026-09-12T14:58:54.7649888Z             admission: None,
test (windows-latest)	Run cargo test --all-features	2026-09-12T14:58:54.7650052Z             invocations: [
test (windows-latest)	Run cargo test --all-features	2026-09-12T14:58:54.7650217Z                 InvocationSnapshot {
test (windows-latest)	Run cargo test --all-features	2026-09-12T14:58:54.7650410Z                     invocation_id: InvocationId {
test (windows-latest)	Run cargo test --all-features	2026-09-12T14:58:54.7650641Z                         store_uuid: 01a0961f-5926-7180-b210-9980cc23e0ac,
test (windows-latest)	Run cargo test --all-features	2026-09-12T14:58:54.7650897Z                         entity_uuid: 01a0961f-5b5b-7ef3-b9a2-fab68e4a5cf2,
test (windows-latest)	Run cargo test --all-features	2026-09-12T14:58:54.7651115Z                     },
test (windows-latest)	Run cargo test --all-features	2026-09-12T14:58:54.7651260Z                     role: Primary,
test (windows-latest)	Run cargo test --all-features	2026-09-12T14:58:54.7651440Z                     role_index: 0,
test (windows-latest)	Run cargo test --all-features	2026-09-12T14:58:54.7651606Z                     state: Resolved,
test (windows-latest)	Run cargo test --all-features	2026-09-12T14:58:54.7651781Z                     root_pid: Some(
test (windows-latest)	Run cargo test --all-features	2026-09-12T14:58:54.7651956Z                         2416,
test (windows-latest)	Run cargo test --all-features	2026-09-12T14:58:54.7652189Z                     ),
test (windows-latest)	Run cargo test --all-features	2026-09-12T14:58:54.7652408Z                     root_identity: Some(
test (windows-latest)	Run cargo test --all-features	2026-09-12T14:58:54.7652670Z                         Windows {
test (windows-latest)	Run cargo test --all-features	2026-09-12T14:58:54.7652853Z                             host_id: HostId(
test (windows-latest)	Run cargo test --all-features	2026-09-12T14:58:54.7653162Z                                 "sha256:4b1385ee2e4629b0eb6289edd498c9eecc63da45dfa24349f3e6a645beddc8db",
test (windows-latest)	Run cargo test --all-features	2026-09-12T14:58:54.7653576Z                             ),
test (windows-latest)	Run cargo test --all-features	2026-09-12T14:58:54.7653752Z                             boot_id: BootId(
test (windows-latest)	Run cargo test --all-features	2026-09-12T14:58:54.7653971Z                                 "780fd440-93d2-11f1-990e-3833c5d60e55",
test (windows-latest)	Run cargo test --all-features	2026-09-12T14:58:54.7654261Z                             ),
test (windows-latest)	Run cargo test --all-features	2026-09-12T14:58:54.7654437Z                             pid: 2416,
test (windows-latest)	Run cargo test --all-features	2026-09-12T14:58:54.7654656Z                             creation_filetime_100ns: 134336986325606940,
test (windows-latest)	Run cargo test --all-features	2026-09-12T14:58:54.7654879Z                         },
test (windows-latest)	Run cargo test --all-features	2026-09-12T14:58:54.7655032Z                     ),
test (windows-latest)	Run cargo test --all-features	2026-09-12T14:58:54.7655192Z                     root_exit_code: Some(
test (windows-latest)	Run cargo test --all-features	2026-09-12T14:58:54.7655376Z                         21,
test (windows-latest)	Run cargo test --all-features	2026-09-12T14:58:54.7655528Z                     ),
test (windows-latest)	Run cargo test --all-features	2026-09-12T14:58:54.7655693Z                     exit_classification: None,
test (windows-latest)	Run cargo test --all-features	2026-09-12T14:58:54.7655897Z                     executable_hash: Some(
test (windows-latest)	Run cargo test --all-features	2026-09-12T14:58:54.7656182Z                         "f1f0ba58b157a1e4509d67f49266be9c94c463636c76d368e375a235cbaeee1d",
test (windows-latest)	Run cargo test --all-features	2026-09-12T14:58:54.7656477Z                     ),
test (windows-latest)	Run cargo test --all-features	2026-09-12T14:58:54.7656640Z                     daemon_generation: Some(
test (windows-latest)	Run cargo test --all-features	2026-09-12T14:58:54.7656855Z                         01a0961f-5b11-7463-a365-062a97f7cc2d,
test (windows-latest)	Run cargo test --all-features	2026-09-12T14:58:54.7657051Z                     ),
test (windows-latest)	Run cargo test --all-features	2026-09-12T14:58:54.7657207Z                     started_unix_millis: Some(
test (windows-latest)	Run cargo test --all-features	2026-09-12T14:58:54.7657396Z                         1789225032561,
test (windows-latest)	Run cargo test --all-features	2026-09-12T14:58:54.7657564Z                     ),
test (windows-latest)	Run cargo test --all-features	2026-09-12T14:58:54.7657729Z                     finished_unix_millis: Some(
test (windows-latest)	Run cargo test --all-features	2026-09-12T14:58:54.7657924Z                         1789225042677,
test (windows-latest)	Run cargo test --all-features	2026-09-12T14:58:54.7658083Z                     ),
test (windows-latest)	Run cargo test --all-features	2026-09-12T14:58:54.7658250Z                     containment: ContainmentSnapshot {
test (windows-latest)	Run cargo test --all-features	2026-09-12T14:58:54.7658481Z                         containment_id: ContainmentId {
test (windows-latest)	Run cargo test --all-features	2026-09-12T14:58:54.7658722Z                             store_uuid: 01a0961f-5926-7180-b210-9980cc23e0ac,
test (windows-latest)	Run cargo test --all-features	2026-09-12T14:58:54.7658997Z                             entity_uuid: 01a0961f-5b5b-7ef3-b9a2-faca762a379a,
test (windows-latest)	Run cargo test --all-features	2026-09-12T14:58:54.7659231Z                         },
test (windows-latest)	Run cargo test --all-features	2026-09-12T14:58:54.7659393Z                         state: Empty,
test (windows-latest)	Run cargo test --all-features	2026-09-12T14:58:54.7659593Z                         strength: "windows_job_object",
test (windows-latest)	Run cargo test --all-features	2026-09-12T14:58:54.7659808Z                         incident_id: None,
test (windows-latest)	Run cargo test --all-features	2026-09-12T14:58:54.7659996Z                         incident: None,
test (windows-latest)	Run cargo test --all-features	2026-09-12T14:58:54.7660181Z                         resolution: None,
test (windows-latest)	Run cargo test --all-features	2026-09-12T14:58:54.7660376Z                         resolution_audit: None,
test (windows-latest)	Run cargo test --all-features	2026-09-12T14:58:54.7660563Z                     },
test (windows-latest)	Run cargo test --all-features	2026-09-12T14:58:54.7660712Z                     stdout_tail: "",
test (windows-latest)	Run cargo test --all-features	2026-09-12T14:58:54.7660886Z                     stderr_tail: "",
test (windows-latest)	Run cargo test --all-features	2026-09-12T14:58:54.7661054Z                 },
test (windows-latest)	Run cargo test --all-features	2026-09-12T14:58:54.7661192Z             ],
test (windows-latest)	Run cargo test --all-features	2026-09-12T14:58:54.7661320Z         },
test (windows-latest)	Run cargo test --all-features	2026-09-12T14:58:54.7661452Z     ],
test (windows-latest)	Run cargo test --all-features	2026-09-12T14:58:54.7661576Z     allocations: [
test (windows-latest)	Run cargo test --all-features	2026-09-12T14:58:54.7661738Z         NativeAllocationSnapshot {
test (windows-latest)	Run cargo test --all-features	2026-09-12T14:58:54.7661930Z             grant_id: GrantId {
test (windows-latest)	Run cargo test --all-features	2026-09-12T14:58:54.7662127Z                 store_uuid: 01a0961f-5926-7180-b210-9980cc23e0ac,
test (windows-latest)	Run cargo test --all-features	2026-09-12T14:58:54.7662392Z                 entity_uuid: 01a0961f-5b5b-7ef3-b9a2-fad0fc848de3,
test (windows-latest)	Run cargo test --all-features	2026-09-12T14:58:54.7662609Z             },
test (windows-latest)	Run cargo test --all-features	2026-09-12T14:58:54.7662777Z             lease_id: 01a0961f-5b5b-7ef3-b9a2-fad0fc848de3,
test (windows-latest)	Run cargo test --all-features	2026-09-12T14:58:54.7662982Z             key: None,
test (windows-latest)	Run cargo test --all-features	2026-09-12T14:58:54.7663122Z             owner: Work {
test (windows-latest)	Run cargo test --all-features	2026-09-12T14:58:54.7663278Z                 job_id: JobId {
test (windows-latest)	Run cargo test --all-features	2026-09-12T14:58:54.7663466Z                     store_uuid: 01a0961f-5926-7180-b210-9980cc23e0ac,
test (windows-latest)	Run cargo test --all-features	2026-09-12T14:58:54.7663730Z                     entity_uuid: 01a0961f-5b44-7162-a551-b9988c3b2297,
test (windows-latest)	Run cargo test --all-features	2026-09-12T14:58:54.7663943Z                 },
test (windows-latest)	Run cargo test --all-features	2026-09-12T14:58:54.7664085Z                 attempt_id: AttemptId {
test (windows-latest)	Run cargo test --all-features	2026-09-12T14:58:54.7664292Z                     store_uuid: 01a0961f-5926-7180-b210-9980cc23e0ac,
test (windows-latest)	Run cargo test --all-features	2026-09-12T14:58:54.7664541Z                     entity_uuid: 01a0961f-5b5b-7ef3-b9a2-faaee323ef8e,
test (windows-latest)	Run cargo test --all-features	2026-09-12T14:58:54.7664832Z                 },
test (windows-latest)	Run cargo test --all-features	2026-09-12T14:58:54.7664956Z             },
test (windows-latest)	Run cargo test --all-features	2026-09-12T14:58:54.7665088Z             state: Released,
test (windows-latest)	Run cargo test --all-features	2026-09-12T14:58:54.7665321Z             claims: Claims {
test (windows-latest)	Run cargo test --all-features	2026-09-12T14:58:54.7665478Z                 scalars: {
test (windows-latest)	Run cargo test --all-features	2026-09-12T14:58:54.7665643Z                     "cargo_slots": 0,
test (windows-latest)	Run cargo test --all-features	2026-09-12T14:58:54.7665828Z                     "cpu_units": 0,
test (windows-latest)	Run cargo test --all-features	2026-09-12T14:58:54.7665997Z                     "gpu_slots": 0,
test (windows-latest)	Run cargo test --all-features	2026-09-12T14:58:54.7666165Z                     "ram_mb": 0,
test (windows-latest)	Run cargo test --all-features	2026-09-12T14:58:54.7666324Z                 },
test (windows-latest)	Run cargo test --all-features	2026-09-12T14:58:54.7666461Z                 shared_fences: [],
test (windows-latest)	Run cargo test --all-features	2026-09-12T14:58:54.7666629Z                 exclusive_fences: [],
test (windows-latest)	Run cargo test --all-features	2026-09-12T14:58:54.7666803Z                 impacts: [],
test (windows-latest)	Run cargo test --all-features	2026-09-12T14:58:54.7666950Z             },
test (windows-latest)	Run cargo test --all-features	2026-09-12T14:58:54.7667071Z         },
test (windows-latest)	Run cargo test --all-features	2026-09-12T14:58:54.7667190Z     ],
test (windows-latest)	Run cargo test --all-features	2026-09-12T14:58:54.7667547Z     gpu_provenance: None,
test (windows-latest)	Run cargo test --all-features	2026-09-12T14:58:54.7667734Z     admission: None,
test (windows-latest)	Run cargo test --all-features	2026-09-12T14:58:54.7667924Z     daemon_generation: 01a0961f-5b11-7463-a365-062a97f7cc2d,
test (windows-latest)	Run cargo test --all-features	2026-09-12T14:58:54.7668143Z }
test (windows-latest)	Run cargo test --all-features	2026-09-12T14:58:54.7668211Z 
test (windows-latest)	Run cargo test --all-features	2026-09-12T14:58:54.7668221Z 
test (windows-latest)	Run cargo test --all-features	2026-09-12T14:58:54.7668280Z failures:
test (windows-latest)	Run cargo test --all-features	2026-09-12T14:58:54.7668536Z     runner::windows::tests::postcondition_retry_runs_a_second_attempt_under_the_same_job
test (windows-latest)	Run cargo test --all-features	2026-09-12T14:58:54.7668983Z     runner::windows::tests::primary_tree_is_empty_before_postcondition_receives_immutable_result
test (windows-latest)	Run cargo test --all-features	2026-09-12T14:58:54.7669241Z 
test (windows-latest)	Run cargo test --all-features	2026-09-12T14:58:54.7669439Z test result: FAILED. 297 passed; 2 failed; 4 ignored; 0 measured; 0 filtered out; finished in 116.24s
test (windows-latest)	Run cargo test --all-features	2026-09-12T14:58:54.7669714Z 
test (windows-latest)	Run cargo test --all-features	2026-09-12T14:58:54.7670121Z ^[[1m^[[91merror^[[0m: test failed, to rerun pass `--lib`
test (windows-latest)	Run cargo test --all-features	2026-09-12T14:58:54.8587355Z ##[error]Process completed with exit code 1.
